-- MySQL dump 10.13  Distrib 8.0.24, for Linux (x86_64)
--
-- Host: localhost    Database: cshishujl
-- ------------------------------------------------------
-- Server version	8.0.24

/*!40101 SET @OLD_CHARACTER_SET_CLIENT=@@CHARACTER_SET_CLIENT */;
/*!40101 SET @OLD_CHARACTER_SET_RESULTS=@@CHARACTER_SET_RESULTS */;
/*!40101 SET @OLD_COLLATION_CONNECTION=@@COLLATION_CONNECTION */;
/*!50503 SET NAMES utf8 */;
/*!40103 SET @OLD_TIME_ZONE=@@TIME_ZONE */;
/*!40103 SET TIME_ZONE='+00:00' */;
/*!40014 SET @OLD_UNIQUE_CHECKS=@@UNIQUE_CHECKS, UNIQUE_CHECKS=0 */;
/*!40014 SET @OLD_FOREIGN_KEY_CHECKS=@@FOREIGN_KEY_CHECKS, FOREIGN_KEY_CHECKS=0 */;
/*!40101 SET @OLD_SQL_MODE=@@SQL_MODE, SQL_MODE='NO_AUTO_VALUE_ON_ZERO' */;
/*!40111 SET @OLD_SQL_NOTES=@@SQL_NOTES, SQL_NOTES=0 */;

--
-- Table structure for table `fa_address`
--

DROP TABLE IF EXISTS `fa_address`;
/*!40101 SET @saved_cs_client     = @@character_set_client */;
/*!50503 SET character_set_client = utf8 */;
CREATE TABLE `fa_address` (
  `id` int NOT NULL AUTO_INCREMENT,
  `uid` int DEFAULT NULL,
  `province` varchar(255) CHARACTER SET utf8 COLLATE utf8_general_ci DEFAULT NULL COMMENT '收货地址省市区',
  `city` varchar(255) CHARACTER SET utf8 COLLATE utf8_general_ci DEFAULT NULL COMMENT '所在省份',
  `area` varchar(255) CHARACTER SET utf8 COLLATE utf8_general_ci DEFAULT NULL COMMENT '区县',
  `address` varchar(255) CHARACTER SET utf8 COLLATE utf8_general_ci DEFAULT '' COMMENT '详细地址',
  `name` varchar(255) CHARACTER SET utf8 COLLATE utf8_general_ci DEFAULT NULL COMMENT '收货人姓名',
  `phone` varchar(255) CHARACTER SET utf8 COLLATE utf8_general_ci DEFAULT NULL COMMENT '收货人手机号',
  `is_default` tinyint DEFAULT '0' COMMENT '是否为默认地址:0=不是,1=是',
  `create_time` datetime DEFAULT NULL COMMENT '添加时间',
  `is_del` tinyint DEFAULT '0' COMMENT '是否删除:0=未删除,1=已删除',
  PRIMARY KEY (`id`) USING BTREE
) ENGINE=MyISAM DEFAULT CHARSET=utf8 COLLATE=utf8_general_ci ROW_FORMAT=DYNAMIC;
/*!40101 SET character_set_client = @saved_cs_client */;

--
-- Dumping data for table `fa_address`
--

LOCK TABLES `fa_address` WRITE;
/*!40000 ALTER TABLE `fa_address` DISABLE KEYS */;
/*!40000 ALTER TABLE `fa_address` ENABLE KEYS */;
UNLOCK TABLES;

--
-- Table structure for table `fa_admin`
--

DROP TABLE IF EXISTS `fa_admin`;
/*!40101 SET @saved_cs_client     = @@character_set_client */;
/*!50503 SET character_set_client = utf8 */;
CREATE TABLE `fa_admin` (
  `id` int unsigned NOT NULL AUTO_INCREMENT COMMENT 'ID',
  `username` varchar(20) CHARACTER SET utf8 COLLATE utf8_unicode_ci DEFAULT '' COMMENT '用户名',
  `nickname` varchar(50) CHARACTER SET utf8 COLLATE utf8_unicode_ci DEFAULT '' COMMENT '昵称',
  `password` varchar(32) CHARACTER SET utf8 COLLATE utf8_unicode_ci DEFAULT '' COMMENT '密码',
  `salt` varchar(30) CHARACTER SET utf8 COLLATE utf8_unicode_ci DEFAULT '' COMMENT '密码盐',
  `avatar` varchar(255) CHARACTER SET utf8 COLLATE utf8_unicode_ci DEFAULT '' COMMENT '头像',
  `email` varchar(100) CHARACTER SET utf8 COLLATE utf8_unicode_ci DEFAULT '' COMMENT '电子邮箱',
  `loginfailure` tinyint unsigned NOT NULL DEFAULT '0' COMMENT '失败次数',
  `logintime` int DEFAULT NULL COMMENT '登录时间',
  `loginip` varchar(50) CHARACTER SET utf8 COLLATE utf8_unicode_ci DEFAULT NULL COMMENT '登录IP',
  `createtime` int DEFAULT NULL COMMENT '创建时间',
  `updatetime` int DEFAULT NULL COMMENT '更新时间',
  `token` varchar(59) CHARACTER SET utf8 COLLATE utf8_unicode_ci DEFAULT '' COMMENT 'Session标识',
  `status` varchar(30) CHARACTER SET utf8 COLLATE utf8_unicode_ci NOT NULL DEFAULT 'normal' COMMENT '状态',
  PRIMARY KEY (`id`) USING BTREE,
  UNIQUE KEY `username` (`username`) USING BTREE
) ENGINE=MyISAM AUTO_INCREMENT=13 DEFAULT CHARSET=utf8 COLLATE=utf8_unicode_ci ROW_FORMAT=DYNAMIC COMMENT='管理员表';
/*!40101 SET character_set_client = @saved_cs_client */;

--
-- Dumping data for table `fa_admin`
--

LOCK TABLES `fa_admin` WRITE;
/*!40000 ALTER TABLE `fa_admin` DISABLE KEYS */;
INSERT INTO `fa_admin` VALUES (1,'admin','admin','0b7cacdbdbf71fc7abb28366895e5fc4','v9dQWF','/uploads/20220707/3cf0484927ec42ace2a5a69f71d91eb7.png','1145772394@qq.com',0,1660832144,'222.219.100.189',1491635035,1660832144,'d91c48cc-4bc6-4c2a-a985-49174e552d49','normal'),(11,'lixiaobao','lixiaobao','75374b86ef775fad419b14f1dbb09422','BmYO6P','/assets/img/avatar.png','1743247256@qq.com',0,1657439576,'182.110.133.63',1656953387,1657439576,'8bbfc407-a25a-4435-b3a2-eace73424ed9','normal'),(12,'lengwentao','lengwentao','fd644ae58eafb12bc7de54c32e1890df','nL0Jck','/assets/img/avatar.png','1657245567@qq.com',0,1657245860,'111.79.77.179',1657245567,1657245860,'d6d523d5-8c90-4fee-ab3d-7dba769d0664','normal');
/*!40000 ALTER TABLE `fa_admin` ENABLE KEYS */;
UNLOCK TABLES;

--
-- Table structure for table `fa_admin_log`
--

DROP TABLE IF EXISTS `fa_admin_log`;
/*!40101 SET @saved_cs_client     = @@character_set_client */;
/*!50503 SET character_set_client = utf8 */;
CREATE TABLE `fa_admin_log` (
  `id` int unsigned NOT NULL AUTO_INCREMENT COMMENT 'ID',
  `admin_id` int unsigned NOT NULL DEFAULT '0' COMMENT '管理员ID',
  `username` varchar(30) CHARACTER SET utf8 COLLATE utf8_unicode_ci DEFAULT '' COMMENT '管理员名字',
  `url` varchar(1500) CHARACTER SET utf8 COLLATE utf8_unicode_ci DEFAULT '' COMMENT '操作页面',
  `title` varchar(100) CHARACTER SET utf8 COLLATE utf8_unicode_ci DEFAULT '' COMMENT '日志标题',
  `content` text CHARACTER SET utf8 COLLATE utf8_unicode_ci NOT NULL COMMENT '内容',
  `ip` varchar(50) CHARACTER SET utf8 COLLATE utf8_unicode_ci DEFAULT '' COMMENT 'IP',
  `useragent` varchar(255) CHARACTER SET utf8 COLLATE utf8_unicode_ci DEFAULT '' COMMENT 'User-Agent',
  `createtime` int DEFAULT NULL COMMENT '操作时间',
  PRIMARY KEY (`id`) USING BTREE,
  KEY `name` (`username`) USING BTREE
) ENGINE=MyISAM AUTO_INCREMENT=18 DEFAULT CHARSET=utf8 COLLATE=utf8_unicode_ci ROW_FORMAT=DYNAMIC COMMENT='管理员日志表';
/*!40101 SET character_set_client = @saved_cs_client */;

--
-- Dumping data for table `fa_admin_log`
--

LOCK TABLES `fa_admin_log` WRITE;
/*!40000 ALTER TABLE `fa_admin_log` DISABLE KEYS */;
INSERT INTO `fa_admin_log` VALUES (1,1,'admin','/admin8.php/users/funds/ids/30686?dialog=1','会员列表','{\"dialog\":\"1\",\"type\":\"1\",\"currency_id\":\"1\",\"account\":\"100000.00\",\"ids\":\"30686\"}','222.219.100.189','Mozilla/5.0 (Windows NT 10.0; Win64; x64) AppleWebKit/537.36 (KHTML, like Gecko) Chrome/104.0.0.0 Safari/537.36',1660768412),(2,1,'admin','/admin8.php/goods/edit/ids/86?dialog=1','藏品管理','{\"dialog\":\"1\",\"row\":{\"name\":\"处暑#1636\",\"goods_category_id\":\"27\",\"title\":\"处暑#1636\",\"image\":\"\\/uploads\\/20220818\\/3e9dad373d3b978f17f86c2cfd96981f.png\",\"images\":\"\\/uploads\\/20220818\\/3e9dad373d3b978f17f86c2cfd96981f.png\",\"price\":\"185.00\",\"type\":\"1\",\"fnstatus\":\"0\",\"fncount\":\"0\",\"goods_id\":\"\",\"content\":\"作品描述处暑，即为“出暑”，是炎热离开的意思。时至处暑，气温逐渐下降，暑气渐消。处暑之后，秋意渐浓，正是畅游郊野迎秋赏景的好时节。一路微风，一路歌声，一个活泼可爱的少女，急于渴望探秘云山林海。\",\"order\":\"0\",\"start_time\":\"2022-08-05 17:55:59\",\"end_time\":\"2024-08-22 17:55:59\",\"stock\":\"2000\",\"surplus\":\"2000\",\"company_name\":\"\",\"company_image\":\"\",\"creator\":\"GALAXY数字银河\",\"owner\":\"GALAXY数字银河\",\"casting_name\":\"GALAXY数字银河\",\"casting_time\":\"2022-08-05 17:55:59\",\"is_show\":\"1\",\"label\":\"\",\"limit_number\":\"0\"},\"ids\":\"86\"}','222.219.100.189','Mozilla/5.0 (Windows NT 10.0; Win64; x64) AppleWebKit/537.36 (KHTML, like Gecko) Chrome/104.0.0.0 Safari/537.36',1660768484),(3,1,'admin','/admin8.php/goods_users/del','','{\"action\":\"del\",\"ids\":\"18364,18363,18362,18361,18360\",\"params\":\"\"}','222.219.100.189','Mozilla/5.0 (Windows NT 10.0; Win64; x64) AppleWebKit/537.36 (KHTML, like Gecko) Chrome/104.0.0.0 Safari/537.36',1660768564),(4,1,'admin','/admin8.php/goods_users/del','','{\"action\":\"del\",\"ids\":\"18359,18358,18357\",\"params\":\"\"}','222.219.100.189','Mozilla/5.0 (Windows NT 10.0; Win64; x64) AppleWebKit/537.36 (KHTML, like Gecko) Chrome/104.0.0.0 Safari/537.36',1660768573),(5,1,'admin','/admin8.php/goods_users/slupdate','','{\"ids\":[\"18369\",\"18368\",\"18367\",\"18366\",\"18365\"]}','222.219.100.189','Mozilla/5.0 (Windows NT 10.0; Win64; x64) AppleWebKit/537.36 (KHTML, like Gecko) Chrome/104.0.0.0 Safari/537.36',1660768577),(6,1,'admin','/admin8.php/index/login','登录','{\"__token__\":\"***\",\"username\":\"admin\",\"password\":\"***\",\"captcha\":\"metv\"}','222.219.100.189','Mozilla/5.0 (Windows NT 10.0; Win64; x64) AppleWebKit/537.36 (KHTML, like Gecko) Chrome/104.0.0.0 Safari/537.36',1660832144),(7,1,'admin','/admin8.php/general.config/edit','常规管理 / 系统配置 / 编辑','{\"__token__\":\"***\",\"row\":{\"wx_app_id\":\"\",\"wx_app_secret\":\"\",\"wx_mch_id\":\"1627619098\",\"wx_mch_key\":\"ada411905d6282d2dc1b6ff395bcc59f\",\"wx_small_app_id\":\"\",\"wx_small_app_secret\":\"\",\"wx_notify_url\":\"https:\\/\\/nft.cyrxljk.cn\\/api\\/notify\\/wxNotify\",\"wx_small_notify_url\":\"https:\\/\\/nft.cyrxljk.cn\\/api\\/notify\\/wxSmallNotify\",\"wx_appid\":\"wxbdbd2fb391169316\",\"wx_appsecret\":\"ada411905d6282d2dc1b6ff395bcc59f\",\"wx_notifyurl\":\"https:\\/\\/nft.cyrxljk.cn\\/api\\/notify\\/wxGzhNotify\"}}','222.219.100.189','Mozilla/5.0 (Windows NT 10.0; Win64; x64) AppleWebKit/537.36 (KHTML, like Gecko) Chrome/104.0.0.0 Safari/537.36',1660832188),(8,1,'admin','/admin8.php/general.config/edit','常规管理 / 系统配置 / 编辑','{\"__token__\":\"***\",\"row\":{\"host\":\"https:\\/\\/nft.cyrxljk.cn\\/\",\"appcode\":\"8e474886a78a4fc3a7d6f8396025f5a8\"}}','222.219.100.189','Mozilla/5.0 (Windows NT 10.0; Win64; x64) AppleWebKit/537.36 (KHTML, like Gecko) Chrome/104.0.0.0 Safari/537.36',1660832207),(9,1,'admin','/admin8.php/general.config/edit','常规管理 / 系统配置 / 编辑','{\"__token__\":\"***\",\"row\":{\"name\":\"诚正数藏\",\"beian\":\"赣ICP备2022005980号\",\"languages\":\"{&quot;backend&quot;:&quot;zh-cn&quot;,&quot;frontend&quot;:&quot;zh-cn&quot;}\",\"fixedpage\":\"dashboard\",\"default_image\":\"\\/uploads\\/20220817\\/8830fddf33df7e3feb1806be1e7fe663.png\",\"share_image\":\"\",\"register_url\":\"https:\\/\\/nft.cyrxljk.cn\\/h5\",\"server_url\":\"https:\\/\\/nft.cyrxljk.cn\\/h5\",\"app_download\":\"\",\"技术支持\":\"\",\"sub_commission\":\"0\",\"buy_ri_handle\":\"1\"}}','222.219.100.189','Mozilla/5.0 (Windows NT 10.0; Win64; x64) AppleWebKit/537.36 (KHTML, like Gecko) Chrome/104.0.0.0 Safari/537.36',1660832226),(10,1,'admin','/admin8.php/users/funds/ids/30689?dialog=1','会员列表','{\"dialog\":\"1\",\"type\":\"1\",\"currency_id\":\"1\",\"account\":\"10000.00\",\"ids\":\"30689\"}','222.219.100.189','Mozilla/5.0 (Windows NT 10.0; Win64; x64) AppleWebKit/537.36 (KHTML, like Gecko) Chrome/104.0.0.0 Safari/537.36',1660902087),(11,1,'admin','/admin8.php/users/edit/ids/30686?dialog=1','会员列表 / 会员编辑','{\"dialog\":\"1\",\"row\":{\"nick_name\":\"sp_788452\",\"head_image\":\"\\/uploads\\/20220817\\/8830fddf33df7e3feb1806be1e7fe663.png\",\"phone\":\"18755555555\",\"role_id\":\"1\",\"status\":\"1\",\"yxg\":\"0\",\"password\":\"***\",\"uuid\":\"JOE1TF\",\"total_direct\":\"3\",\"group_person_count\":\"3\",\"group_valid_person_count\":\"0\",\"parent_member\":\"18755555555\",\"is_auth\":\"1\",\"name\":\"李佳佳\",\"card\":\"888888\",\"wallet_address\":\"iaa1am999rczyckeezlm89x5szgumezsw3rxupnyh4\",\"wallet_private_key\":\"\",\"card_front_image\":\"\",\"card_back_image\":\"\",\"is_bank\":\"0\",\"bank_name\":\"中国银行\",\"bank_number\":\"55555\",\"bank_owner\":\"555\",\"bank_branch\":\"555\",\"is_ali\":\"0\",\"ali_name\":\"555\",\"ali_number\":\"7381@qq.com\",\"ali_image\":\"\",\"is_wx\":\"0\",\"wx_name\":\"\",\"wx_number\":\"\",\"create_time\":\"2022-08-18 04:01:34\",\"wx_image\":\"\"},\"ids\":\"30686\"}','222.219.100.189','Mozilla/5.0 (Windows NT 10.0; Win64; x64) AppleWebKit/537.36 (KHTML, like Gecko) Chrome/104.0.0.0 Safari/537.36',1660902227),(12,1,'admin','/admin8.php/users/edit/ids/30687?dialog=1','会员列表 / 会员编辑','{\"dialog\":\"1\",\"row\":{\"nick_name\":\"sp_980415\",\"head_image\":\"\\/uploads\\/20220817\\/8830fddf33df7e3feb1806be1e7fe663.png\",\"phone\":\"18788888888\",\"role_id\":\"1\",\"status\":\"1\",\"yxg\":\"0\",\"password\":\"***\",\"uuid\":\"SC78V2\",\"total_direct\":\"0\",\"group_person_count\":\"0\",\"group_valid_person_count\":\"0\",\"parent_member\":\"18788888888\",\"is_auth\":\"0\",\"name\":\"\",\"card\":\"\",\"wallet_address\":\"iaa1qp9u3zv9f2r6vqw97guk83tfdemf8d5ygtueh3\",\"wallet_private_key\":\"\",\"card_front_image\":\"\",\"card_back_image\":\"\",\"is_bank\":\"0\",\"bank_name\":\"\",\"bank_number\":\"\",\"bank_owner\":\"\",\"bank_branch\":\"\",\"is_ali\":\"0\",\"ali_name\":\"\",\"ali_number\":\"\",\"ali_image\":\"\",\"is_wx\":\"0\",\"wx_name\":\"\",\"wx_number\":\"\",\"create_time\":\"2022-08-18 04:39:22\",\"wx_image\":\"\"},\"ids\":\"30687\"}','222.219.100.189','Mozilla/5.0 (Windows NT 10.0; Win64; x64) AppleWebKit/537.36 (KHTML, like Gecko) Chrome/104.0.0.0 Safari/537.36',1660902258),(13,1,'admin','/admin8.php/users/edit/ids/30687?dialog=1','会员列表 / 会员编辑','{\"dialog\":\"1\",\"row\":{\"nick_name\":\"sp_980415\",\"head_image\":\"\\/uploads\\/20220817\\/8830fddf33df7e3feb1806be1e7fe663.png\",\"phone\":\"18788888888\",\"role_id\":\"1\",\"status\":\"1\",\"yxg\":\"0\",\"password\":\"***\",\"uuid\":\"SC78V2\",\"total_direct\":\"0\",\"group_person_count\":\"0\",\"group_valid_person_count\":\"0\",\"parent_member\":\"18755555555\",\"is_auth\":\"0\",\"name\":\"\",\"card\":\"\",\"wallet_address\":\"iaa1qp9u3zv9f2r6vqw97guk83tfdemf8d5ygtueh3\",\"wallet_private_key\":\"\",\"card_front_image\":\"\",\"card_back_image\":\"\",\"is_bank\":\"0\",\"bank_name\":\"\",\"bank_number\":\"\",\"bank_owner\":\"\",\"bank_branch\":\"\",\"is_ali\":\"0\",\"ali_name\":\"\",\"ali_number\":\"\",\"ali_image\":\"\",\"is_wx\":\"0\",\"wx_name\":\"\",\"wx_number\":\"\",\"create_time\":\"2022-08-18 04:39:22\",\"wx_image\":\"\"},\"ids\":\"30687\"}','222.219.100.189','Mozilla/5.0 (Windows NT 10.0; Win64; x64) AppleWebKit/537.36 (KHTML, like Gecko) Chrome/104.0.0.0 Safari/537.36',1660902271),(14,1,'admin','/admin8.php/users/edit/ids/30688?dialog=1','会员列表 / 会员编辑','{\"dialog\":\"1\",\"row\":{\"nick_name\":\"sp_554818\",\"head_image\":\"\\/uploads\\/20220817\\/8830fddf33df7e3feb1806be1e7fe663.png\",\"phone\":\"19987513718\",\"role_id\":\"1\",\"status\":\"1\",\"yxg\":\"0\",\"password\":\"***\",\"uuid\":\"LJR05E\",\"total_direct\":\"0\",\"group_person_count\":\"0\",\"group_valid_person_count\":\"0\",\"parent_member\":\"18755555555\",\"is_auth\":\"0\",\"name\":\"\",\"card\":\"\",\"wallet_address\":\"iaa104yyks5ewl5w5tq7pantx5q68ztxm062etfank\",\"wallet_private_key\":\"\",\"card_front_image\":\"\",\"card_back_image\":\"\",\"is_bank\":\"0\",\"bank_name\":\"\",\"bank_number\":\"\",\"bank_owner\":\"\",\"bank_branch\":\"\",\"is_ali\":\"0\",\"ali_name\":\"\",\"ali_number\":\"\",\"ali_image\":\"\",\"is_wx\":\"0\",\"wx_name\":\"\",\"wx_number\":\"\",\"create_time\":\"2022-08-19 17:25:10\",\"wx_image\":\"\"},\"ids\":\"30688\"}','222.219.100.189','Mozilla/5.0 (Windows NT 10.0; Win64; x64) AppleWebKit/537.36 (KHTML, like Gecko) Chrome/104.0.0.0 Safari/537.36',1660902276),(15,1,'admin','/admin8.php/users/edit/ids/30689?dialog=1','会员列表 / 会员编辑','{\"dialog\":\"1\",\"row\":{\"nick_name\":\"sp_457559\",\"head_image\":\"\\/uploads\\/20220817\\/8830fddf33df7e3feb1806be1e7fe663.png\",\"phone\":\"18605453040\",\"role_id\":\"1\",\"status\":\"1\",\"yxg\":\"0\",\"password\":\"***\",\"uuid\":\"PF0HMN\",\"total_direct\":\"0\",\"group_person_count\":\"0\",\"group_valid_person_count\":\"0\",\"parent_member\":\"18755555555\",\"is_auth\":\"0\",\"name\":\"\",\"card\":\"\",\"wallet_address\":\"iaa1crd5lgje6h6qv5newztn6ym3wqaqgqpye9lyle\",\"wallet_private_key\":\"\",\"card_front_image\":\"\",\"card_back_image\":\"\",\"is_bank\":\"0\",\"bank_name\":\"\",\"bank_number\":\"\",\"bank_owner\":\"\",\"bank_branch\":\"\",\"is_ali\":\"0\",\"ali_name\":\"\",\"ali_number\":\"\",\"ali_image\":\"\",\"is_wx\":\"0\",\"wx_name\":\"\",\"wx_number\":\"\",\"create_time\":\"2022-08-19 17:29:15\",\"wx_image\":\"\"},\"ids\":\"30689\"}','222.219.100.189','Mozilla/5.0 (Windows NT 10.0; Win64; x64) AppleWebKit/537.36 (KHTML, like Gecko) Chrome/104.0.0.0 Safari/537.36',1660902281),(16,1,'admin','/admin8.php/users/edit/ids/30689?dialog=1','会员列表 / 会员编辑','{\"dialog\":\"1\",\"row\":{\"nick_name\":\"sp_457559\",\"head_image\":\"\\/uploads\\/20220817\\/8830fddf33df7e3feb1806be1e7fe663.png\",\"phone\":\"18605453040\",\"role_id\":\"1\",\"status\":\"1\",\"yxg\":\"0\",\"password\":\"***\",\"uuid\":\"PF0HMN\",\"total_direct\":\"0\",\"group_person_count\":\"0\",\"group_valid_person_count\":\"0\",\"parent_member\":\"18755555555\",\"is_auth\":\"1\",\"name\":\"\",\"card\":\"\",\"wallet_address\":\"iaa1crd5lgje6h6qv5newztn6ym3wqaqgqpye9lyle\",\"wallet_private_key\":\"\",\"card_front_image\":\"\",\"card_back_image\":\"\",\"is_bank\":\"0\",\"bank_name\":\"\",\"bank_number\":\"\",\"bank_owner\":\"\",\"bank_branch\":\"\",\"is_ali\":\"0\",\"ali_name\":\"\",\"ali_number\":\"\",\"ali_image\":\"\",\"is_wx\":\"0\",\"wx_name\":\"\",\"wx_number\":\"\",\"create_time\":\"2022-08-19 17:29:15\",\"wx_image\":\"\"},\"ids\":\"30689\"}','222.219.100.189','Mozilla/5.0 (Windows NT 10.0; Win64; x64) AppleWebKit/537.36 (KHTML, like Gecko) Chrome/104.0.0.0 Safari/537.36',1660902287),(17,1,'admin','/admin8.php/users/edit/ids/30688?dialog=1','会员列表 / 会员编辑','{\"dialog\":\"1\",\"row\":{\"nick_name\":\"sp_554818\",\"head_image\":\"\\/uploads\\/20220817\\/8830fddf33df7e3feb1806be1e7fe663.png\",\"phone\":\"19987513718\",\"role_id\":\"1\",\"status\":\"1\",\"yxg\":\"0\",\"password\":\"***\",\"uuid\":\"LJR05E\",\"total_direct\":\"0\",\"group_person_count\":\"0\",\"group_valid_person_count\":\"0\",\"parent_member\":\"18755555555\",\"is_auth\":\"1\",\"name\":\"\",\"card\":\"\",\"wallet_address\":\"iaa104yyks5ewl5w5tq7pantx5q68ztxm062etfank\",\"wallet_private_key\":\"\",\"card_front_image\":\"\",\"card_back_image\":\"\",\"is_bank\":\"0\",\"bank_name\":\"\",\"bank_number\":\"\",\"bank_owner\":\"\",\"bank_branch\":\"\",\"is_ali\":\"0\",\"ali_name\":\"\",\"ali_number\":\"\",\"ali_image\":\"\",\"is_wx\":\"0\",\"wx_name\":\"\",\"wx_number\":\"\",\"create_time\":\"2022-08-19 17:25:10\",\"wx_image\":\"\"},\"ids\":\"30688\"}','222.219.100.189','Mozilla/5.0 (Windows NT 10.0; Win64; x64) AppleWebKit/537.36 (KHTML, like Gecko) Chrome/104.0.0.0 Safari/537.36',1660902293);
/*!40000 ALTER TABLE `fa_admin_log` ENABLE KEYS */;
UNLOCK TABLES;

--
-- Table structure for table `fa_appointment`
--

DROP TABLE IF EXISTS `fa_appointment`;
/*!40101 SET @saved_cs_client     = @@character_set_client */;
/*!50503 SET character_set_client = utf8 */;
CREATE TABLE `fa_appointment` (
  `id` int unsigned NOT NULL AUTO_INCREMENT,
  `goods_id` int DEFAULT '0' COMMENT '商品ID',
  `user_id` int DEFAULT '0' COMMENT '用户ID',
  `is_prize` tinyint NOT NULL DEFAULT '0' COMMENT '是否中签 0否，1是',
  `add_time` datetime DEFAULT NULL COMMENT '添加时间',
  PRIMARY KEY (`id`)
) ENGINE=MyISAM DEFAULT CHARSET=utf8mb3 COMMENT='预约表';
/*!40101 SET character_set_client = @saved_cs_client */;

--
-- Dumping data for table `fa_appointment`
--

LOCK TABLES `fa_appointment` WRITE;
/*!40000 ALTER TABLE `fa_appointment` DISABLE KEYS */;
/*!40000 ALTER TABLE `fa_appointment` ENABLE KEYS */;
UNLOCK TABLES;

--
-- Table structure for table `fa_area`
--

DROP TABLE IF EXISTS `fa_area`;
/*!40101 SET @saved_cs_client     = @@character_set_client */;
/*!50503 SET character_set_client = utf8 */;
CREATE TABLE `fa_area` (
  `id` int NOT NULL AUTO_INCREMENT COMMENT 'ID',
  `pid` int DEFAULT NULL COMMENT '父id',
  `shortname` varchar(100) CHARACTER SET utf8 COLLATE utf8_unicode_ci DEFAULT NULL COMMENT '简称',
  `name` varchar(100) CHARACTER SET utf8 COLLATE utf8_unicode_ci DEFAULT NULL COMMENT '名称',
  `mergename` varchar(255) CHARACTER SET utf8 COLLATE utf8_unicode_ci DEFAULT NULL COMMENT '全称',
  `level` tinyint DEFAULT NULL COMMENT '层级 0 1 2 省市区县',
  `pinyin` varchar(100) CHARACTER SET utf8 COLLATE utf8_unicode_ci DEFAULT NULL COMMENT '拼音',
  `code` varchar(100) CHARACTER SET utf8 COLLATE utf8_unicode_ci DEFAULT NULL COMMENT '长途区号',
  `zip` varchar(100) CHARACTER SET utf8 COLLATE utf8_unicode_ci DEFAULT NULL COMMENT '邮编',
  `first` varchar(50) CHARACTER SET utf8 COLLATE utf8_unicode_ci DEFAULT NULL COMMENT '首字母',
  `lng` varchar(100) CHARACTER SET utf8 COLLATE utf8_unicode_ci DEFAULT NULL COMMENT '经度',
  `lat` varchar(100) CHARACTER SET utf8 COLLATE utf8_unicode_ci DEFAULT NULL COMMENT '纬度',
  PRIMARY KEY (`id`) USING BTREE,
  KEY `pid` (`pid`) USING BTREE
) ENGINE=MyISAM DEFAULT CHARSET=utf8 COLLATE=utf8_unicode_ci ROW_FORMAT=DYNAMIC COMMENT='地区表';
/*!40101 SET character_set_client = @saved_cs_client */;

--
-- Dumping data for table `fa_area`
--

LOCK TABLES `fa_area` WRITE;
/*!40000 ALTER TABLE `fa_area` DISABLE KEYS */;
/*!40000 ALTER TABLE `fa_area` ENABLE KEYS */;
UNLOCK TABLES;

--
-- Table structure for table `fa_assist`
--

DROP TABLE IF EXISTS `fa_assist`;
/*!40101 SET @saved_cs_client     = @@character_set_client */;
/*!50503 SET character_set_client = utf8 */;
CREATE TABLE `fa_assist` (
  `id` int unsigned NOT NULL AUTO_INCREMENT,
  `goods_id` int DEFAULT '0' COMMENT '商品ID',
  `user_id` int DEFAULT '0' COMMENT '用户ID',
  `assist_user_id` int DEFAULT '0' COMMENT '助力用户ID',
  PRIMARY KEY (`id`)
) ENGINE=MyISAM DEFAULT CHARSET=utf8mb3 COMMENT='助力表';
/*!40101 SET character_set_client = @saved_cs_client */;

--
-- Dumping data for table `fa_assist`
--

LOCK TABLES `fa_assist` WRITE;
/*!40000 ALTER TABLE `fa_assist` DISABLE KEYS */;
/*!40000 ALTER TABLE `fa_assist` ENABLE KEYS */;
UNLOCK TABLES;

--
-- Table structure for table `fa_attachment`
--

DROP TABLE IF EXISTS `fa_attachment`;
/*!40101 SET @saved_cs_client     = @@character_set_client */;
/*!50503 SET character_set_client = utf8 */;
CREATE TABLE `fa_attachment` (
  `id` int unsigned NOT NULL AUTO_INCREMENT COMMENT 'ID',
  `category` varchar(50) CHARACTER SET utf8 COLLATE utf8_unicode_ci DEFAULT '' COMMENT '类别',
  `admin_id` int unsigned NOT NULL DEFAULT '0' COMMENT '管理员ID',
  `user_id` int unsigned NOT NULL DEFAULT '0' COMMENT '会员ID',
  `url` varchar(255) CHARACTER SET utf8 COLLATE utf8_unicode_ci DEFAULT '' COMMENT '物理路径',
  `imagewidth` varchar(30) CHARACTER SET utf8 COLLATE utf8_unicode_ci DEFAULT '' COMMENT '宽度',
  `imageheight` varchar(30) CHARACTER SET utf8 COLLATE utf8_unicode_ci DEFAULT '' COMMENT '高度',
  `imagetype` varchar(30) CHARACTER SET utf8 COLLATE utf8_unicode_ci DEFAULT '' COMMENT '图片类型',
  `imageframes` int unsigned NOT NULL DEFAULT '0' COMMENT '图片帧数',
  `filename` varchar(100) CHARACTER SET utf8 COLLATE utf8_unicode_ci DEFAULT '' COMMENT '文件名称',
  `filesize` int unsigned NOT NULL DEFAULT '0' COMMENT '文件大小',
  `mimetype` varchar(100) CHARACTER SET utf8 COLLATE utf8_unicode_ci DEFAULT '' COMMENT 'mime类型',
  `extparam` varchar(255) CHARACTER SET utf8 COLLATE utf8_unicode_ci DEFAULT '' COMMENT '透传数据',
  `createtime` int DEFAULT NULL COMMENT '创建日期',
  `updatetime` int DEFAULT NULL COMMENT '更新时间',
  `uploadtime` int DEFAULT NULL COMMENT '上传时间',
  `storage` varchar(100) CHARACTER SET utf8 COLLATE utf8_unicode_ci NOT NULL DEFAULT 'local' COMMENT '存储位置',
  `sha1` varchar(40) CHARACTER SET utf8 COLLATE utf8_unicode_ci DEFAULT '' COMMENT '文件 sha1编码',
  PRIMARY KEY (`id`) USING BTREE
) ENGINE=MyISAM AUTO_INCREMENT=113 DEFAULT CHARSET=utf8 COLLATE=utf8_unicode_ci ROW_FORMAT=DYNAMIC COMMENT='附件表';
/*!40101 SET character_set_client = @saved_cs_client */;

--
-- Dumping data for table `fa_attachment`
--

LOCK TABLES `fa_attachment` WRITE;
/*!40000 ALTER TABLE `fa_attachment` DISABLE KEYS */;
INSERT INTO `fa_attachment` VALUES (1,'',1,0,'/uploads/20220610/c0fdb7ecec3480026dbf68a483d28229.png','750','1334','png',0,'26c4b23913eea23b1168979e4af3b65.png',417540,'image/png','',1654860618,1654860618,1654860618,'local','4b31b9d47c6c2603b190e774e8d97605140daa4e'),(2,'',1,0,'/uploads/20220610/0bbf895b7a3b6d572f2461320bc690f5.png','900','383','png',0,'微信图片_20220610204302.png',121981,'image/png','',1654864994,1654864994,1654864994,'local','c035cbd7bc56a3d91af8cefe781351a62e6a88ef'),(3,'',1,0,'/uploads/20220610/9e551854cdaa80eb1ba13504c0372d0d.png','900','383','png',0,'微信图片_20220610204619.png',186097,'image/png','',1654865186,1654865186,1654865186,'local','2fbcf949de4c140177925aef252b79af88f0d12c'),(4,'',1,0,'/uploads/20220610/fc4d78e2aa16e35fbe41ffcb01cf805f.png','900','383','png',0,'微信图片_20220610204730.png',266779,'image/png','',1654865469,1654865469,1654865469,'local','81f3d19912f4df8bd36eb2237da5050052e6370c'),(5,'',1,0,'/uploads/20220611/32d2d6ce9dd9c03182c1fb936e0794b9.jpg','1242','1242','jpg',0,'32d2d6ce9dd9c03182c1fb936e0794b9.jpg',79257,'image/jpeg','',1654920960,1654920960,1654920960,'local','fc02eee261af51e963646d5b20d770c5f3138fc7'),(6,'',1,0,'/uploads/20220611/c49fc55613d9507aa09d4b2fa7146c13.jpg','658','494','jpg',0,'b229e85693e42f4811d6a33220440fd5877bcbf149457-KCIGyV_fw658.jpg',295425,'image/jpeg','',1654929103,1654929103,1654929103,'local','fe35fbab171f742f14b3ce0f1316504590c98192'),(7,'',1,0,'/uploads/20220611/70728858ced38a328b06e19687dbd022.jpg','1024','768','jpg',0,'game_ctwall_180545_2.jpg',144208,'image/jpeg','',1654929104,1654929104,1654929104,'local','bfe210ccefa9c0ae3f369be6a1af5b79a2bdad20'),(8,'',1,0,'/uploads/20220611/afef69cbf2bf173d1f4cd3aafe7eb06b.jpg','740','1251','jpg',0,'650e0a12aa02c39ad850cc45b2348624.jpg',63947,'image/jpeg','',1654938134,1654938134,1654938134,'local','5111f46618f4b7b3c4b3317d00b0fbe992d59301'),(9,'',1,0,'/uploads/20220613/3cb719bd2ce041067ddc3e8ddd9afcaf.png','498','498','png',0,'3cb719bd2ce041067ddc3e8ddd9afcaf.png',507754,'image/png','',1655091010,1655091010,1655091010,'local','5c6519a6c53ea24721f275ebdf3e09c847f5227b'),(10,'',1,0,'/uploads/20220613/7b822bfbd2846ed9d598ef799c42570f.jpg','987','991','jpg',0,'20220519194044930_real.jpg',250976,'image/jpeg','',1655134979,1655134979,1655134979,'local','de40b5199e9f6a9880e1c89c56225d93670ed181'),(11,'',1,0,'/uploads/20220614/92c1f59e1da3f3fd63ac1c55dbeea044.jpg','927','696','jpg',0,'wm_crop_pic.jpg',1418871,'image/jpeg','',1655179612,1655179612,1655179612,'local','58123346cdfe5cccf4f12af3a4175da63d70c138'),(12,'',1,0,'/uploads/20220614/373164f5134f4ed3344272773fd4001f.pdf','','','pdf',0,'自驾票（加油票替代自驾票）.pdf',39006,'application/pdf','',1655214136,1655214136,1655214136,'local','4756b5cbf433f69f77fd7557366768439cd7fbd8'),(13,'',1,0,'/uploads/20220614/5c3e775b173cd5e94c952bacf964064b.jpg','750','1000','jpg',0,'01.jpg',53328,'image/jpeg','',1655218850,1655218850,1655218850,'local','62738b27f160fbf42ba45b807aeb21c9950d31fa'),(14,'',1,0,'/uploads/20220614/72e92ded3b45a1882e6937202473ab8e.jpg','750','536','jpg',0,'10.jpg',73739,'image/jpeg','',1655218864,1655218864,1655218864,'local','9ead2ccf345ce86769a7d3eeae91dc7f9f8f11fb'),(15,'',1,0,'/uploads/20220615/9b94621f2facdf00b440c1c93528a72d.png','977','699','png',0,'白边框.png',46635,'image/png','',1655223397,1655223397,1655223397,'local','e6160f4dd4131416d4f6620ff1c35be413d01b3f'),(16,'',1,0,'/uploads/20220615/27a66454aa95b3c44990d980ec8fbc6e.png','285','195','png',0,'2022-04-14 16_15_24-List item _ OpenSea.png',678,'image/png','',1655223403,1655223403,1655223403,'local','6fc49eabaa8c33074a4e63d2cf88ee201056d79d'),(17,'',1,0,'/uploads/20220615/772f3b36ea48b972b5f5382bce42cafb.png','900','1332','png',0,'1651024539850_100.PNG',1284496,'image/png','',1655261588,1655261588,1655261588,'local','32e806b82b01bcdf32b75d4baaf12d6db7fd8fc6'),(18,'',1,0,'/uploads/20220615/e9f544ac559d5cf26f48a3d57bd166b8.jpg','1080','1931','jpg',0,'1653286183542.jpg',1387217,'image/jpeg','',1655261712,1655261712,1655261712,'local','0e0a482754edc7aba87a1302bc8aac2734ca7c19'),(19,'',1,0,'/uploads/20220615/844e1c34c48ae58fde07b7864da726d0.jpeg','658','1170','jpeg',0,'a20fb6adc0e5d1d6c79a4c5242494e5d947c31af8145d-QynLRF_fw658.jpeg',163280,'image/jpeg','',1655273754,1655273754,1655273754,'local','179f059c768036e7f2112f47fa2a4a61eda7ee8f'),(20,'',1,0,'/uploads/20220615/2d59d150f40f75fa761d98180f6c690a.jpg','1080','662','jpg',0,'Screenshot_2022-06-15-19-26-28-24_8a87280fcd6f0d89f8d39016ffbc80f6.jpg',304705,'image/jpeg','',1655292496,1655292496,1655292496,'local','3bd220a265521428d303c90dd1856e1ef367878e'),(21,'',1,0,'/uploads/20220615/0ac86c8d856aafccc1312e44c351b717.jpg','1074','750','jpg',0,'Screenshot_2022-06-15-19-27-07-67_8a87280fcd6f0d89f8d39016ffbc80f6.jpg',270316,'image/jpeg','',1655292537,1655292537,1655292537,'local','bbdd4ca7a80763f19af7974cf310644b924ab82a'),(22,'',1,0,'/uploads/20220615/713450e7d3c7034910b92f5df6baa7cb.png','806','472','png',0,'11.png',718890,'image/png','',1655293660,1655293660,1655293660,'local','15b9c9ecb7839e88342b946b95bba3f21c0b9c9d'),(23,'',1,0,'/uploads/20220615/011dcd4141f34eb0b39a3cfc92b7cd88.jpg','500','334','jpg',0,'IMG_20220412_141015.jpg',28276,'image/jpeg','',1655295015,1655295015,1655295015,'local','a42cfa7d7ee0cf8ebd7806ccd1c26248dd126f96'),(24,'',1,0,'/uploads/20220616/20f33b7d391e1c11d446241ded81dc66.jpg','300','168','jpg',0,'下载 (1).jpg',7956,'image/jpeg','',1655354952,1655354952,1655354952,'local','06ede0d25b26cff5f230113c19a47eb7ea794e4d'),(25,'',1,0,'/uploads/20220616/9fc005b03f75ac942faabf06d2db9b0a.jpg','275','183','jpg',0,'下载.jpg',6456,'image/jpeg','',1655354958,1655354958,1655354958,'local','17d4082e9df70f989aa34f20a6c62b23e734f79e'),(26,'',1,0,'/uploads/20220616/011dcd4141f34eb0b39a3cfc92b7cd88.jpg','500','334','jpg',0,'IMG_20220412_141015.jpg',28276,'image/jpeg','',1655355065,1655355065,1655355065,'local','a42cfa7d7ee0cf8ebd7806ccd1c26248dd126f96'),(27,'',1,0,'/uploads/20220616/0aa6438cfac482ba0e4f7d9e428a350f.jpg','225','225','jpg',0,'下载 (7).jpg',7182,'image/jpeg','',1655361726,1655361726,1655361726,'local','2fb950d6bc0d46f6e7b84cea6667fea99b9fc175'),(28,'',1,0,'/uploads/20220616/8c24d73a4626e953296502fc23db1a50.jpg','275','183','jpg',0,'下载 (3).jpg',9232,'image/jpeg','',1655361808,1655361808,1655361808,'local','1170e344b85974e61f816f7118af13c71a0de98d'),(29,'',1,0,'/uploads/20220616/9a8e00ba3eca3d6d9e2a4ba3ace7437e.jpg','301','167','jpg',0,'下载 (2).jpg',5884,'image/jpeg','',1655361862,1655361862,1655361862,'local','6140186c8b8f8fc7bed9f4c9507a9fca77868813'),(30,'',1,0,'/uploads/20220616/3cb719bd2ce041067ddc3e8ddd9afcaf.png','498','498','png',0,'3cb719bd2ce041067ddc3e8ddd9afcaf.png',507754,'image/png','',1655372241,1655372241,1655372241,'local','5c6519a6c53ea24721f275ebdf3e09c847f5227b'),(31,'',1,0,'/uploads/20220616/547d63c172dfd48c9b47a0df7ab92bcf.png','476','481','png',0,'547d63c172dfd48c9b47a0df7ab92bcf.png',488720,'image/png','',1655390053,1655390053,1655390053,'local','97acee40baa18c1e605ad482e4e90ae9fc5573c4'),(32,'',1,0,'/uploads/20220617/713450e7d3c7034910b92f5df6baa7cb.png','806','472','png',0,'11.png',718890,'image/png','',1655430579,1655430579,1655430579,'local','15b9c9ecb7839e88342b946b95bba3f21c0b9c9d'),(33,'',1,0,'/uploads/20220617/f255c913f71f3f02b8ec1478e04decc8.jpg','1024','768','jpg',0,'22.jpg',174130,'image/jpeg','',1655430778,1655430778,1655430778,'local','8cb2388493c404febd8fc8acfe4d7e48b64c4cd0'),(34,'',1,0,'/uploads/20220618/c32935502357f735ffe664bc99fd3f1c.jpg','709','709','jpg',0,'聚鲸藏品LOGO 副本001.jpg',115655,'image/jpeg','',1655522540,1655522540,1655522540,'local','1796251b1cedda2282bf9d831159adb45c587839'),(35,'',1,0,'/uploads/20220623/81ea3784e3a07c8b2365fe4c05ae7737.png','3334','3334','png',0,'微信图片_20220618152644.png',217300,'image/png','',1655954403,1655954403,1655954403,'local','a6bad748e407383defa27d2b323bb95ec176562a'),(36,'',1,0,'/uploads/20220623/dfc0869413bee722eb3de99570be05b7.jpg','841','841','jpg',0,'微信图片_20211130162851.jpg',42381,'image/jpeg','',1655962357,1655962357,1655962357,'local','4413448dc6f96a5ea6e7772f1c39edda62ffd9d4'),(37,'',1,0,'/uploads/20220623/da50a23a86b606aec9f4f0cf01626dd7.gif','240','240','gif',0,'7790087567e9f8f1.gif',352613,'image/gif','',1655994360,1655994360,1655994360,'local','4face1535fcd42efc4358ab488edb5b5c5ac643c'),(38,'',1,0,'/uploads/20220624/3d239ab2a8a52ad55c7819f048f09cae.png','238','435','png',0,'微信截图_20220622140000.png',167455,'image/png','',1656033662,1656033662,1656033662,'local','b3adbe3268f1b472b736ba6f4da5b1fbfce0570f'),(39,'',1,0,'/uploads/20220624/28d8d245c1e4383ab65d1376799411e7.png','656','655','png',0,'微信截图_20220419143625.png',309822,'image/png','',1656035782,1656035782,1656035782,'local','32c3c8e4841f52dc25ec549d31bf5c45c443705f'),(40,'',1,0,'/uploads/20220627/57ca98ad9318dd18981327d910513aba.png','3543','3543','png',0,'青龙.png',16173641,'image/png','',1656300473,1656300473,1656300473,'local','434e69f238b46355725893b4e8c87efd847f57d1'),(41,'',1,0,'/uploads/20220627/ecef4623674c2e0fcbf44c086a1dfb0f.png','3543','3543','png',0,'合成图.png',50244947,'image/png','',1656333059,1656333059,1656333059,'local','75091ff5d30f69d5d8a9682b807d50bf52dcb964'),(42,'',1,0,'/uploads/20220701/5dbb89783ecfea857a1477db8215c226.png','3543','3543','png',0,'白虎.png',12164223,'image/png','',1656689087,1656689087,1656689087,'local','619c682791010ee2291a41d7deda8c26ee385bf7'),(43,'',1,0,'/uploads/20220703/4f97e4f5dbed4837ae93a0741a7a4fe4.png','512','512','png',0,'tx.png',37396,'image/png','',1656832644,1656832644,1656832644,'local','a2f622b092c9c793b6bdabdc201d19637dd09d79'),(44,'',1,0,'/uploads/20220703/276d9c51c8d78edbc460fe62f2273413.png','900','383','png',0,'fc4d78e2aa16e35fbe41ffcb01cf805f.png',427548,'image/png','',1656844898,1656844898,1656844898,'local','6ae423ae0cff541c579ad316fe798b291149e165'),(45,'',1,0,'/uploads/20220703/0fdfddd4b741e385f98414b0bda5cb21.png','900','383','png',0,'news.png',115611,'image/png','',1656846095,1656846095,1656846095,'local','fec1ed1aaba500e4aeb1e5b488b23288adc0cea7'),(46,'',1,0,'/uploads/20220703/3227df227282dac5faba23c3239636d4.png','480','878','png',0,'laxin.png',763974,'image/png','',1656849823,1656849823,1656849823,'local','20a61bdf99b731ac12cf4160929af1fcb5eab95c'),(47,'',1,0,'/uploads/20220704/d2655ccf996715ff955782df6458bfe1.jpg','1000','890','jpg',0,'Honeyview_开天2.jpg',266434,'image/jpeg','',1656919721,1656919721,1656919721,'local','c563d2fd60ede62d6fc81f9aed790515a392b162'),(48,'',1,0,'/uploads/20220704/97592212337fbdd126c23d1f3a28a36b.png','562','548','png',0,'LOGO2.png',37823,'image/png','',1656919848,1656919848,1656919848,'local','e8ab2a073e9434bb9a7abaac2cf899dac30815d7'),(49,'',1,0,'/uploads/20220704/db3da6aa65ac0f60f72ed81bd07e59c1.png','1182','1182','png',0,'青龙边框.png',5628881,'image/png','',1656921835,1656921835,1656921835,'local','a75919c5b7d7d91c0b16ff7e3f26c80fd65ff64a'),(50,'',1,0,'/uploads/20220704/1ab0b0bc256c792e2d6f5a12457d68cb.png','790','6500','png',0,'四象图介绍.png',4843785,'image/png','',1656922161,1656922161,1656922161,'local','bf7b31c4674e36a9ad00174a4986fd398ce6ffd7'),(51,'',1,0,'/uploads/20220704/0fbe2f5c3013acce32807dcd50c4b946.jpg','1182','1182','jpg',0,'青龙边框.jpg',443305,'image/jpeg','',1656925780,1656925780,1656925780,'local','3f31a3a92d77a05758a4cbb5806f4da6a1edcc6e'),(52,'',1,0,'/uploads/20220704/0eb5a4d5f9d5e7e4186eed6323f22cd4.png','790','2568','png',0,'勋章介绍图.png',1400745,'image/png','',1656942104,1656942104,1656942104,'local','5bee84ebec840c15cf83c36980253639a5d9ffad'),(53,'',1,0,'/uploads/20220705/4dc421d49912f3facf323d8d1321331b.jpg','1000','906','jpg',0,'Honeyview_辟地2.jpg',222702,'image/jpeg','',1656996238,1656996238,1656996238,'local','7065acec108e3b0f6ff5698a3104e3f583ea734d'),(54,'',1,0,'/uploads/20220705/0eb5a4d5f9d5e7e4186eed6323f22cd4.png','790','2568','png',0,'勋章介绍图.png',1400745,'image/png','',1656996340,1656996340,1656996340,'local','5bee84ebec840c15cf83c36980253639a5d9ffad'),(55,'',1,0,'/uploads/20220705/61415be3da2fcc56a19448d9fde5e5fb.png','1080','11086','png',0,'下载.png',2361115,'image/png','',1657016002,1657016002,1657016002,'local','f810a265c4a8ccb2264ee03bea7eb72513d18c0a'),(56,'',1,0,'/uploads/20220705/78290873c866675fecdcfa895a815a72.png','1938','1939','png',0,'微信图片_20220705190243.png',2122359,'image/png','',1657019131,1657019131,1657019131,'local','013a1ddfc0bcbf0f54b1498e874495d7c3c619c5'),(57,'',1,0,'/uploads/20220705/f00e6c9af2fbcb301c4b1efea2dbd3f2.png','790','1499','png',0,'微信图片_20220705190307.png',3200497,'image/png','',1657019132,1657019132,1657019132,'local','df8ac03e133916cd9bb3827d99755a0c05df9e47'),(58,'',1,0,'/uploads/20220705/f23f50d1d793ab623efb9dc93d07289f.png','800','800','png',0,'敖丙.png',772580,'image/png','',1657035327,1657035327,1657035327,'local','d9d1b11eb68fd3a42d780ed449609d53bff61179'),(59,'',1,0,'/uploads/20220705/1e27c9e3ff1352b296e02891450db233.png','800','800','png',0,'白骨精.png',764524,'image/png','',1657035328,1657035328,1657035328,'local','cc81739da22a3b30a934e9801dfc83f6874f3894'),(60,'',1,0,'/uploads/20220705/4fd2dc951dc5ba57645cea0f4a6c3a79.png','800','800','png',0,'白龙马.png',772564,'image/png','',1657035328,1657035328,1657035328,'local','5792464c760281210d694cdd69da86badb0c92b0'),(61,'',1,0,'/uploads/20220705/f7c8b06c740d7757ef5c063488da0558.png','800','800','png',0,'佛祖.png',787481,'image/png','',1657035328,1657035328,1657035328,'local','402844bff698ce44e6fd4ba87124d99d1b757253'),(62,'',1,0,'/uploads/20220705/46e0d2ac76347328286b3c32bc2964d7.png','800','800','png',0,'观音.png',806124,'image/png','',1657035329,1657035329,1657035329,'local','062f549bbfe60e11c5447ff74bb66fcb0ca213fd'),(63,'',1,0,'/uploads/20220705/b64b51fea943dd82b2d247127fc5ed96.png','800','800','png',0,'哪吒.png',799141,'image/png','',1657035329,1657035329,1657035329,'local','25693f1ad8cf3e0587899a79220046d2d79a9da2'),(64,'',1,0,'/uploads/20220705/259f3c574e19d651548668f435618cda.png','800','800','png',0,'牛魔王.png',753745,'image/png','',1657035329,1657035329,1657035329,'local','31757fbe7455fb1a5c2701cb1528ba730ad78ba2'),(65,'',1,0,'/uploads/20220705/7ec4605a02ef20157c7ad61a7a699b93.png','800','800','png',0,'沙僧.png',794273,'image/png','',1657035330,1657035330,1657035330,'local','b32213fc597149d4149519205997ca2bff680afe'),(66,'',1,0,'/uploads/20220705/6ec92c969ff721df51c3a787f653eb87.png','800','800','png',0,'孙悟空.png',772222,'image/png','',1657035330,1657035330,1657035330,'local','656788a4d4da9b4d55b70926c84afd6ef41a2aa3'),(67,'',1,0,'/uploads/20220705/b89f2e7427c1ed455d635ce850cd7074.png','800','800','png',0,'唐僧.png',828060,'image/png','',1657035330,1657035330,1657035330,'local','608b433d3e8225fde02fe5f1fce82ac662480bbd'),(68,'',1,0,'/uploads/20220705/7d03d745739ba5aeb923d6a65d4a959e.png','800','800','png',0,'铁扇公主.png',806708,'image/png','',1657035331,1657035331,1657035331,'local','f616696706eaf77a42ccc956f7534115b36931a3'),(69,'',1,0,'/uploads/20220705/6388efc98e1698d12051f19c2d9c9ad7.png','800','800','png',0,'猪八戒.png',772592,'image/png','',1657035331,1657035331,1657035331,'local','a7e9124b193a9d28dd4adf5906bbf5b1d27e94d0'),(70,'',1,0,'/uploads/20220706/5821d07ea3542838467d4d766d0050a3.png','790','790','png',0,'封面.png',937369,'image/png','',1657077402,1657077402,1657077402,'local','8e27217fcd240fee88665d24266d42c3dd4b4c7c'),(71,'',1,0,'/uploads/20220706/e7d79b5bc40b6a7199b62f108cb2d67a.png','790','5276','png',0,'西游海报.png',2532022,'image/png','',1657077403,1657077403,1657077403,'local','b7838659dd2feb2ddf95954d7db1d1a00abf0092'),(72,'',1,0,'/uploads/20220706/581612f4d0728944c76ea66fd2dc405d.png','354','444','png',0,'image.png',287993,'image/png','',1657077655,1657077655,1657077655,'local','fc78bba343c9857878ca3504dcff44d183678a71'),(73,'',1,0,'/uploads/20220706/cb692826627dfcf50a313f0ad08a6590.png','900','383','png',0,'拉新滚动.png',210023,'image/png','',1657078325,1657078325,1657078325,'local','be1f4905db41c7e71427f8ce9baed5cbe8800d3e'),(74,'',1,0,'/uploads/20220706/8ba09a0aebc7c4f46bd51fba855ec38e.png','790','2552','png',0,'拉新活动盲盒.png',630937,'image/png','',1657109966,1657109966,1657109966,'local','90c09dc5af5f182010838428bb26183d4917c160'),(75,'',1,0,'/uploads/20220706/453acdb15a59a3b7ab7f38e42d73bcf4.png','800','800','png',0,'诚正优先购.png',427320,'image/png','',1657110227,1657110227,1657110227,'local','c63e543a983a8728060a1e02fd65ea57ab1fae67'),(76,'',1,0,'/uploads/20220706/6e3593fbbf32db4317f35fb9369ba29c.png','800','800','png',0,'5元红包.png',253959,'image/png','',1657110378,1657110378,1657110378,'local','5e593247b723564d91c0bfcf453e46754295e9e6'),(77,'',1,0,'/uploads/20220706/3f6a2034ee33e0e0bd356099fb59d556.png','800','800','png',0,'10元红包.png',254828,'image/png','',1657110378,1657110378,1657110378,'local','04f1deffbd9ee69cc7cdc094a5039ba41cb1b663'),(78,'',1,0,'/uploads/20220706/00cda9fe09ae35e8b4e737263d0e5442.jpg','2048','2048','jpg',0,'小暑.jpg',626148,'image/jpeg','',1657111472,1657111472,1657111472,'local','967cfbef5822d70161ea6ee8b77ecfcd9bedbb17'),(79,'',1,0,'/uploads/20220706/797f24283b3d149d8e30ec7835879ead.jpg','476','1000','jpg',0,'微信图片_20220611142925.jpg',55881,'image/jpeg','',1657112502,1657112502,1657112502,'local','5410a555dff7a852d9795ee95563e8b513d401f8'),(80,'',1,0,'/uploads/20220706/951d3fb86a064af6c44a0844516de380.png','187','201','png',0,'QQ浏览器截图20220315144458.png',48803,'image/png','',1657112578,1657112578,1657112578,'local','913a82469a9a9fbdd8802cfbbc635ead53fe16e7'),(81,'',1,0,'/uploads/20220706/ba74da3877a7d84c0d5600649cf76048.png','900','383','png',0,'志愿者招聘.png',172693,'image/png','',1657115372,1657115372,1657115372,'local','107cc18703786c1af715b4dcdea26b4c02790c6d'),(82,'',1,0,'/uploads/20220706/62b8916423ca5a826731aedfa8c4362f.png','430','249','png',0,'image.png',11981,'image/png','',1657116648,1657116648,1657116648,'local','e752003e8ba0be78c5c860b4e2ea1bdc01523b26'),(83,'',1,0,'/uploads/20220706/aa2356dc7fb0f8653ab77cdd5b7bd0f3.png','250','333','png',0,'image.png',39567,'image/png','',1657116703,1657116703,1657116703,'local','3870373e9a5ecfa3dcc4f89be42ebd1091adad86'),(84,'',1,0,'/uploads/20220707/847351e028338b429ca5f04fd00c573b.png','800','800','png',0,'盲盒展示图.png',937823,'image/png','',1657127589,1657127589,1657127589,'local','e16af863533c9baa3573d7c8395b77b042ac8de4'),(85,'',1,0,'/uploads/20220707/e99cbf4e3623064c3de55d7bc2b881c8.png','360','200','png',0,'诚正盲盒惊喜不断.png',84104,'image/png','',1657128562,1657128562,1657128562,'local','4cb95c5c80ba9d1698f3eecf1ad591be7be0d52c'),(86,'',1,0,'/uploads/20220707/a1175d3dd3bad7f9dc0d983b1332679f.png','360','200','png',0,'志愿者.png',104316,'image/png','',1657128571,1657128571,1657128571,'local','871b925eb20b187db596a54505d446cc838faaf8'),(87,'',1,0,'/uploads/20220707/fc74f6cb6ce198d6a3c74c4cde64d4ed.png','308','310','png',0,'首席志愿者VX.png',79668,'image/png','',1657158843,1657158843,1657158843,'local','6a41026077d874a402ad3f61f62df70691b3d6f3'),(88,'',1,0,'/uploads/20220707/8be14601bb7c75f28269f5b2fc1542a3.png','790','3000','png',0,'拉新活动盲盒.png',719115,'image/png','',1657181092,1657181092,1657181092,'local','001cb8e7676cba80dc59e4afe636f62218e6f576'),(89,'',1,0,'/uploads/20220707/3abbbd923edc54b1235c15c9cd30a5b5.jpg','2048','5115','jpg',0,'小暑活动海报.jpg',4559024,'image/jpeg','',1657185810,1657185810,1657185810,'local','fa9b532b48f54b0bac0768f96a6b8b5a6bab22d1'),(90,'',1,0,'/uploads/20220707/3cf0484927ec42ace2a5a69f71d91eb7.png','508','508','png',0,'LOGO2.png',36510,'image/png','',1657197316,1657197316,1657197316,'local','3444c8a85e92db4d528d15562e5310e6d5fb98d9'),(91,'',1,0,'/uploads/20220708/1ab0b0bc256c792e2d6f5a12457d68cb.png','790','6500','png',0,'四象图介绍.png',4843785,'image/png','',1657292983,1657292983,1657292983,'local','bf7b31c4674e36a9ad00174a4986fd398ce6ffd7'),(92,'',1,0,'/uploads/20220708/5ff921f6dd026368a3560f0301a1b511.png','1182','1182','png',0,'天地四象边框.png',5613205,'image/png','',1657293006,1657293006,1657293006,'local','f38b39c5c247b7f8b32a5c7f6ca3ffb72fef0068'),(93,'',1,0,'/uploads/20220710/dbcd936c58565bd9617b311497eaf3d2.jpg','1182','1182','jpg',0,'昭君出塞.jpg',189438,'image/jpeg','',1657439057,1657439057,1657439057,'local','2fd40e1cff6a6e29383ad1e0778ddebd10bcb9b2'),(94,'',1,0,'/uploads/20220710/678525015e4572cd64a90b2d78ae5a05.png','790','3808','png',0,'四美人介绍图.png',2517472,'image/png','',1657439180,1657439180,1657439180,'local','fca640fc39827cb9672cb06a00df53515857db1b'),(95,'',1,0,'/uploads/20220805/ea7045d0c46ddb712a5b92cfe18ab4f3.png','840','480','png',0,'mmexport1659421645178.png',128569,'image/png','',1659693388,1659693388,1659693388,'local','983b82c9db6c03225eeaa7f9b6c3ba83c6ddf17d'),(96,'',1,0,'/uploads/20220805/82679b255f32aac88f02b1990275f718.jpg','1170','2532','jpg',0,'微信图片_20220805184912.jpg',320663,'image/jpeg','',1659701690,1659701690,1659701690,'local','ead7e0034e8ed6ef14f14f408a7f0f445f979d3f'),(97,'',1,0,'/uploads/20220806/0fdfddd4b741e385f98414b0bda5cb21.png','900','383','png',0,'0fdfddd4b741e385f98414b0bda5cb21.png',115611,'image/png','',1659776991,1659776991,1659776991,'local','fec1ed1aaba500e4aeb1e5b488b23288adc0cea7'),(98,'',1,0,'/uploads/20220806/ba74da3877a7d84c0d5600649cf76048.png','900','383','png',0,'ba74da3877a7d84c0d5600649cf76048.png',172693,'image/png','',1659777000,1659777000,1659777000,'local','107cc18703786c1af715b4dcdea26b4c02790c6d'),(99,'',1,0,'/uploads/20220806/cb692826627dfcf50a313f0ad08a6590.png','900','383','png',0,'cb692826627dfcf50a313f0ad08a6590.png',210023,'image/png','',1659777010,1659777010,1659777010,'local','be1f4905db41c7e71427f8ce9baed5cbe8800d3e'),(100,'',1,0,'/uploads/20220806/276d9c51c8d78edbc460fe62f2273413.png','900','383','png',0,'fc4d78e2aa16e35fbe41ffcb01cf805f.png',427548,'image/png','',1659777121,1659777121,1659777121,'local','6ae423ae0cff541c579ad316fe798b291149e165'),(101,'',1,0,'/uploads/20220806/78290873c866675fecdcfa895a815a72.png','1938','1939','png',0,'78290873c866675fecdcfa895a815a72.png',2122359,'image/png','',1659777226,1659777226,1659777226,'local','013a1ddfc0bcbf0f54b1498e874495d7c3c619c5'),(102,'',1,0,'/uploads/20220817/8830fddf33df7e3feb1806be1e7fe663.png','800','800','png',0,'avatar.png',59202,'image/png','',1660740364,1660740364,1660740364,'local','9db1ec50cd4309182bcb928558835bfe78c2e6f0'),(103,'',1,0,'/uploads/20220818/14bb330ed6ae0a124a046a319bf1dab0.png','1080','1512','png',0,'74274c8ef87b48f39cf4ecf37f8e3e8b.png',1108968,'image/png','',1660761070,1660761070,1660761070,'local','c352acd615014d0a2d99bfcbc33c57a787496cf5'),(104,'',1,0,'/uploads/20220818/e2acf25973a1fd0bbfd315ff4167943b.png','600','335','png',0,'44babc6ca2bcba8316a8d45d1b515ff51654065727918.png',314859,'image/png','',1660761785,1660761785,1660761785,'local','66a47d5251d23545ceda13f768ed2bbed47deb5c'),(105,'',1,0,'/uploads/20220818/b733054b7812318c5f9c1311d9433e28.jpg','600','321','jpg',0,'34cc2ce0094c87da3faa367921ab88ba1660727150166.jpg',44394,'image/jpeg','',1660761915,1660761915,1660761915,'local','1ee44045cf2910c9a881ebe1d702cb6c06694742'),(106,'',1,0,'/uploads/20220818/90cf7639ce5987cf6ee2f172db5a5212.jpg','2048','2048','jpg',0,'71c62fa6dc35b29a8868a4ce92505d52-1658478844390.jpg',935550,'image/jpeg','',1660762061,1660762061,1660762061,'local','2533ca542c13096d40d69c85ddab6ba6fefeb5ad'),(107,'',1,0,'/uploads/20220818/7f6ca4114456283c75b911c17b7d7495.jpg','2048','2048','jpg',0,'3571b376b5d95636614cac2e9b7bc371-1658742036981.jpg',1353189,'image/jpeg','',1660762176,1660762176,1660762176,'local','1f6b8512409e4130bb1ecc1295c754c089bde6cf'),(108,'',1,0,'/uploads/20220818/3e9dad373d3b978f17f86c2cfd96981f.png','1096','1770','png',0,'96e62aeb1ec743a3bf14531f16a19a63.png',2284289,'image/png','',1660762303,1660762303,1660762303,'local','5edf17e2c40a1aed1786aba92f4b3ff35dd36379'),(109,'',1,0,'/uploads/20220818/7dc1640f6a1732236e016df6004ed527.jpg','2052','1043','jpg',0,'5131105_preview.jpg',152552,'image/jpeg','',1660764283,1660764283,1660764283,'local','8522de9e5be145a9fbe5105c1c97995f899d6352'),(110,'',1,0,'/uploads/20220818/9918635145ca5eba1e0a45834e51f624.png','593','787','png',0,'c2415d5884d74f539c9240fe92f4314a.png',878690,'image/png','',1660764447,1660764447,1660764447,'local','a6d3152c1db616ad6e73cf298841881494cbb8e6'),(111,'',1,0,'/uploads/20220818/e94c89012e75dc6cb68e5e84fd2420e0.png','750','1000','png',0,'c2415d5884d74f539c9240fe92f4314a.png',1322100,'image/png','',1660764512,1660764512,1660764512,'local','6812c580522d62e4274d9d8e7611f00326e4cd2a'),(112,'',1,0,'/uploads/20220818/112bed01e8af6475361d22d97dcc5ff9.png','750','1000','png',0,'42d2aba2b6ec422ebce6b2dbf7ad386b.png',357040,'image/png','',1660764620,1660764620,1660764620,'local','444d9a2ea198eaabba4aeec9cb234979ff57d53e');
/*!40000 ALTER TABLE `fa_attachment` ENABLE KEYS */;
UNLOCK TABLES;

--
-- Table structure for table `fa_auth_group`
--

DROP TABLE IF EXISTS `fa_auth_group`;
/*!40101 SET @saved_cs_client     = @@character_set_client */;
/*!50503 SET character_set_client = utf8 */;
CREATE TABLE `fa_auth_group` (
  `id` int unsigned NOT NULL AUTO_INCREMENT,
  `pid` int unsigned NOT NULL DEFAULT '0' COMMENT '父组别',
  `name` varchar(100) CHARACTER SET utf8 COLLATE utf8_unicode_ci DEFAULT '' COMMENT '组名',
  `rules` text CHARACTER SET utf8 COLLATE utf8_unicode_ci NOT NULL COMMENT '规则ID',
  `createtime` int DEFAULT NULL COMMENT '创建时间',
  `updatetime` int DEFAULT NULL COMMENT '更新时间',
  `status` varchar(30) CHARACTER SET utf8 COLLATE utf8_unicode_ci DEFAULT '' COMMENT '状态',
  PRIMARY KEY (`id`) USING BTREE
) ENGINE=MyISAM AUTO_INCREMENT=9 DEFAULT CHARSET=utf8 COLLATE=utf8_unicode_ci ROW_FORMAT=DYNAMIC COMMENT='分组表';
/*!40101 SET character_set_client = @saved_cs_client */;

--
-- Dumping data for table `fa_auth_group`
--

LOCK TABLES `fa_auth_group` WRITE;
/*!40000 ALTER TABLE `fa_auth_group` DISABLE KEYS */;
INSERT INTO `fa_auth_group` VALUES (1,0,'Admin group','*',1491635035,1491635035,'normal'),(2,1,'超级团长','13,14,16,15,17,18,19,20,21,22,23,24,25,26,27,28,29,30,31,32,33,34,92,93,94,150,35,36,37,38,39,40,41,42,43,44,45,46,47,48,49,50,51,52,53,54,55,56,57,58,59,60,63,64,65,86,87,88,89,90,91,114,115,116,117,135,99,100,101,102,103,104,105,106,136,155,164,168,169,170,107,118,119,172,173,174,175,176,177,180,181,182,183,184,185,187,188,189,190,191,192,194,195,196,197,198,199,202,203,204,205,206,207,210,211,212,213,214,216,217,218,220,222,224,225,226,228,229,230,232,233,234,236,237,238,240,241,242,244,245,246,247,249,250,251,253,1,6,7,8,2,3,9,10,11,12,5,4,85,98,95,96,97,137,108,148,171,179,186,178,193,201,200,209,215,219,221,223,227,231,235,239,243,248,252,208',1491635035,1654161088,'normal'),(6,1,'团长','',1634884941,1657005725,'normal');
/*!40000 ALTER TABLE `fa_auth_group` ENABLE KEYS */;
UNLOCK TABLES;

--
-- Table structure for table `fa_auth_group_access`
--

DROP TABLE IF EXISTS `fa_auth_group_access`;
/*!40101 SET @saved_cs_client     = @@character_set_client */;
/*!50503 SET character_set_client = utf8 */;
CREATE TABLE `fa_auth_group_access` (
  `uid` int unsigned NOT NULL COMMENT '会员ID',
  `group_id` int unsigned NOT NULL COMMENT '级别ID',
  UNIQUE KEY `uid_group_id` (`uid`,`group_id`) USING BTREE,
  KEY `uid` (`uid`) USING BTREE,
  KEY `group_id` (`group_id`) USING BTREE
) ENGINE=MyISAM DEFAULT CHARSET=utf8 COLLATE=utf8_unicode_ci ROW_FORMAT=DYNAMIC COMMENT='权限分组表';
/*!40101 SET character_set_client = @saved_cs_client */;

--
-- Dumping data for table `fa_auth_group_access`
--

LOCK TABLES `fa_auth_group_access` WRITE;
/*!40000 ALTER TABLE `fa_auth_group_access` DISABLE KEYS */;
INSERT INTO `fa_auth_group_access` VALUES (1,1),(3,2),(4,2),(5,2),(6,2),(7,6),(8,6),(9,1),(11,1),(11,2),(12,2);
/*!40000 ALTER TABLE `fa_auth_group_access` ENABLE KEYS */;
UNLOCK TABLES;

--
-- Table structure for table `fa_auth_rule`
--

DROP TABLE IF EXISTS `fa_auth_rule`;
/*!40101 SET @saved_cs_client     = @@character_set_client */;
/*!50503 SET character_set_client = utf8 */;
CREATE TABLE `fa_auth_rule` (
  `id` int unsigned NOT NULL AUTO_INCREMENT,
  `type` enum('menu','file') CHARACTER SET utf8 COLLATE utf8_unicode_ci NOT NULL DEFAULT 'file' COMMENT 'menu为菜单,file为权限节点',
  `pid` int unsigned NOT NULL DEFAULT '0' COMMENT '父ID',
  `name` varchar(100) CHARACTER SET utf8 COLLATE utf8_unicode_ci DEFAULT '' COMMENT '规则名称',
  `title` varchar(50) CHARACTER SET utf8 COLLATE utf8_unicode_ci DEFAULT '' COMMENT '规则名称',
  `icon` varchar(50) CHARACTER SET utf8 COLLATE utf8_unicode_ci DEFAULT '' COMMENT '图标',
  `url` varchar(255) CHARACTER SET utf8 COLLATE utf8_unicode_ci DEFAULT '' COMMENT '规则URL',
  `condition` varchar(255) CHARACTER SET utf8 COLLATE utf8_unicode_ci DEFAULT '' COMMENT '条件',
  `remark` varchar(255) CHARACTER SET utf8 COLLATE utf8_unicode_ci DEFAULT '' COMMENT '备注',
  `ismenu` tinyint unsigned NOT NULL DEFAULT '0' COMMENT '是否为菜单',
  `menutype` enum('addtabs','blank','dialog','ajax') CHARACTER SET utf8 COLLATE utf8_unicode_ci DEFAULT NULL COMMENT '菜单类型',
  `extend` varchar(255) CHARACTER SET utf8 COLLATE utf8_unicode_ci DEFAULT '' COMMENT '扩展属性',
  `py` varchar(30) CHARACTER SET utf8 COLLATE utf8_unicode_ci DEFAULT '' COMMENT '拼音首字母',
  `pinyin` varchar(100) CHARACTER SET utf8 COLLATE utf8_unicode_ci DEFAULT '' COMMENT '拼音',
  `createtime` int DEFAULT NULL COMMENT '创建时间',
  `updatetime` int DEFAULT NULL COMMENT '更新时间',
  `weigh` int NOT NULL DEFAULT '0' COMMENT '权重',
  `status` varchar(30) CHARACTER SET utf8 COLLATE utf8_unicode_ci DEFAULT '' COMMENT '状态',
  PRIMARY KEY (`id`) USING BTREE,
  UNIQUE KEY `name` (`name`) USING BTREE,
  KEY `pid` (`pid`) USING BTREE,
  KEY `weigh` (`weigh`) USING BTREE
) ENGINE=MyISAM AUTO_INCREMENT=256 DEFAULT CHARSET=utf8 COLLATE=utf8_unicode_ci ROW_FORMAT=DYNAMIC COMMENT='节点表';
/*!40101 SET character_set_client = @saved_cs_client */;

--
-- Dumping data for table `fa_auth_rule`
--

LOCK TABLES `fa_auth_rule` WRITE;
/*!40000 ALTER TABLE `fa_auth_rule` DISABLE KEYS */;
INSERT INTO `fa_auth_rule` VALUES (1,'file',0,'dashboard','Dashboard','fa fa-dashboard','','','Dashboard tips',1,NULL,'','kzt','kongzhitai',1491635035,1657114511,143,'normal'),(2,'file',0,'general','General','fa fa-cogs','','','',1,NULL,'','cggl','changguiguanli',1491635035,1491635035,137,'normal'),(3,'file',0,'category','Category','fa fa-leaf','','','Category tips',1,NULL,'','flgl','fenleiguanli',1491635035,1650716965,119,'normal'),(4,'file',0,'addon','Addon','fa fa-rocket','','','Addon tips',0,NULL,'','cjgl','chajianguanli',1491635035,1654885705,0,'normal'),(5,'file',0,'auth','Auth','fa fa-group','','','',1,NULL,'','qxgl','quanxianguanli',1491635035,1491635035,99,'normal'),(6,'file',2,'general/config','Config','fa fa-cog','','','Config tips',1,NULL,'','xtpz','xitongpeizhi',1491635035,1642565888,60,'normal'),(7,'file',2,'general/attachment','Attachment','fa fa-file-image-o','','','Attachment tips',1,NULL,'','fjgl','fujianguanli',1491635035,1650716871,53,'normal'),(8,'file',2,'general/profile','Profile','fa fa-user','','','',1,NULL,'','grzl','gerenziliao',1491635035,1650716864,34,'normal'),(9,'file',5,'auth/admin','Admin','fa fa-user','','','Admin tips',1,NULL,'','glygl','guanliyuanguanli',1491635035,1491635035,118,'normal'),(10,'file',5,'auth/adminlog','Admin log','fa fa-list-alt','','','Admin log tips',1,NULL,'','glyrz','guanliyuanrizhi',1491635035,1650716991,113,'normal'),(11,'file',5,'auth/group','Group','fa fa-group','','','Group tips',1,NULL,'','jsz','juesezu',1491635035,1491635035,109,'normal'),(12,'file',5,'auth/rule','Rule','fa fa-bars','','','Rule tips',1,NULL,'','cdgz','caidanguize',1491635035,1491635035,104,'normal'),(13,'file',1,'dashboard/index','View','fa fa-circle-o','','','',1,NULL,'','zk','zhakan',1491635035,1650717361,136,'normal'),(14,'file',1,'dashboard/add','Add','fa fa-circle-o','','','',0,NULL,'','tj','tianjia',1491635035,1650967394,135,'normal'),(15,'file',1,'dashboard/del','Delete','fa fa-circle-o','','','',0,NULL,'','sc','shanchu',1491635035,1657119964,133,'normal'),(16,'file',1,'dashboard/edit','Edit','fa fa-circle-o','','','',0,NULL,'','bj','bianji',1491635035,1657119965,134,'normal'),(17,'file',1,'dashboard/multi','Multi','fa fa-circle-o','','','',0,NULL,'','plgx','pilianggengxin',1491635035,1657122621,132,'normal'),(18,'file',6,'general/config/index','View','fa fa-circle-o','','','',1,NULL,'','zk','zhakan',1491635035,1650717400,52,'normal'),(19,'file',6,'general/config/add','Add','fa fa-circle-o','','','',0,NULL,'','tj','tianjia',1491635035,1650967432,51,'normal'),(20,'file',6,'general/config/edit','Edit','fa fa-circle-o','','','',0,NULL,'','bj','bianji',1491635035,1650967448,50,'normal'),(21,'file',6,'general/config/del','Delete','fa fa-circle-o','','','',0,NULL,'','','',1491635035,1491635035,49,'normal'),(22,'file',6,'general/config/multi','Multi','fa fa-circle-o','','','',0,NULL,'','','',1491635035,1491635035,48,'normal'),(23,'file',7,'general/attachment/index','View','fa fa-circle-o','','','Attachment tips',0,NULL,'','','',1491635035,1491635035,59,'normal'),(24,'file',7,'general/attachment/select','Select attachment','fa fa-circle-o','','','',1,NULL,'','xzfj','xuanzefujian',1491635035,1650717451,58,'normal'),(25,'file',7,'general/attachment/add','Add','fa fa-circle-o','','','',1,NULL,'','tj','tianjia',1491635035,1650899602,57,'normal'),(26,'file',7,'general/attachment/edit','Edit','fa fa-circle-o','','','',0,NULL,'','','',1491635035,1491635035,56,'normal'),(27,'file',7,'general/attachment/del','Delete','fa fa-circle-o','','','',0,NULL,'','','',1491635035,1491635035,55,'normal'),(28,'file',7,'general/attachment/multi','Multi','fa fa-circle-o','','','',0,NULL,'','','',1491635035,1491635035,54,'normal'),(29,'file',8,'general/profile/index','View','fa fa-circle-o','','','',1,NULL,'','zk','zhakan',1491635035,1650724482,33,'normal'),(30,'file',8,'general/profile/update','Update profile','fa fa-circle-o','','','',0,NULL,'','','',1491635035,1491635035,32,'normal'),(31,'file',8,'general/profile/add','添加','fa fa-circle-o','','','',0,'addtabs','','tj','tianjia',1491635035,1651132249,31,'normal'),(32,'file',8,'general/profile/edit','编辑','fa fa-circle-o','','','',0,'addtabs','','bj','bianji',1491635035,1651132259,30,'normal'),(33,'file',8,'general/profile/del','Delete','fa fa-circle-o','','','',0,NULL,'','','',1491635035,1491635035,29,'normal'),(34,'file',8,'general/profile/multi','Multi','fa fa-circle-o','','','',0,NULL,'','','',1491635035,1491635035,28,'normal'),(35,'file',3,'category/index','View','fa fa-circle-o','','','Category tips',0,NULL,'','','',1491635035,1491635035,142,'normal'),(36,'file',3,'category/add','Add','fa fa-circle-o','','','',0,NULL,'','','',1491635035,1491635035,141,'normal'),(37,'file',3,'category/edit','Edit','fa fa-circle-o','','','',0,NULL,'','','',1491635035,1491635035,140,'normal'),(38,'file',3,'category/del','Delete','fa fa-circle-o','','','',0,NULL,'','','',1491635035,1491635035,139,'normal'),(39,'file',3,'category/multi','Multi','fa fa-circle-o','','','',0,NULL,'','','',1491635035,1491635035,138,'normal'),(40,'file',9,'auth/admin/index','View','fa fa-circle-o','','','Admin tips',0,NULL,'','','',1491635035,1491635035,117,'normal'),(41,'file',9,'auth/admin/add','Add','fa fa-circle-o','','','',0,NULL,'','','',1491635035,1491635035,116,'normal'),(42,'file',9,'auth/admin/edit','Edit','fa fa-circle-o','','','',0,NULL,'','','',1491635035,1491635035,115,'normal'),(43,'file',9,'auth/admin/del','Delete','fa fa-circle-o','','','',0,NULL,'','','',1491635035,1491635035,114,'normal'),(44,'file',10,'auth/adminlog/index','View','fa fa-circle-o','','','Admin log tips',1,NULL,'','zk','zhakan',1491635035,1650899622,112,'normal'),(45,'file',10,'auth/adminlog/detail','Detail','fa fa-circle-o','','','',0,NULL,'','','',1491635035,1491635035,111,'normal'),(46,'file',10,'auth/adminlog/del','Delete','fa fa-circle-o','','','',0,NULL,'','','',1491635035,1491635035,110,'normal'),(47,'file',11,'auth/group/index','View','fa fa-circle-o','','','Group tips',0,NULL,'','','',1491635035,1491635035,108,'normal'),(48,'file',11,'auth/group/add','Add','fa fa-circle-o','','','',0,NULL,'','','',1491635035,1491635035,107,'normal'),(49,'file',11,'auth/group/edit','Edit','fa fa-circle-o','','','',0,NULL,'','','',1491635035,1491635035,106,'normal'),(50,'file',11,'auth/group/del','Delete','fa fa-circle-o','','','',0,NULL,'','','',1491635035,1491635035,105,'normal'),(51,'file',12,'auth/rule/index','View','fa fa-circle-o','','','Rule tips',0,NULL,'','','',1491635035,1491635035,103,'normal'),(52,'file',12,'auth/rule/add','Add','fa fa-circle-o','','','',0,NULL,'','','',1491635035,1491635035,102,'normal'),(53,'file',12,'auth/rule/edit','Edit','fa fa-circle-o','','','',0,NULL,'','','',1491635035,1491635035,101,'normal'),(54,'file',12,'auth/rule/del','Delete','fa fa-circle-o','','','',0,NULL,'','','',1491635035,1491635035,100,'normal'),(55,'file',4,'addon/index','View','fa fa-circle-o','','','Addon tips',0,NULL,'','','',1491635035,1491635035,0,'normal'),(56,'file',4,'addon/add','Add','fa fa-circle-o','','','',0,NULL,'','','',1491635035,1491635035,0,'normal'),(57,'file',4,'addon/edit','Edit','fa fa-circle-o','','','',0,NULL,'','','',1491635035,1491635035,0,'normal'),(58,'file',4,'addon/del','Delete','fa fa-circle-o','','','',0,NULL,'','','',1491635035,1491635035,0,'normal'),(59,'file',4,'addon/downloaded','Local addon','fa fa-circle-o','','','',0,NULL,'','','',1491635035,1491635035,0,'normal'),(60,'file',4,'addon/state','Update state','fa fa-circle-o','','','',0,NULL,'','','',1491635035,1491635035,0,'normal'),(63,'file',4,'addon/config','Setting','fa fa-circle-o','','','',0,NULL,'','','',1491635035,1491635035,0,'normal'),(64,'file',4,'addon/refresh','Refresh','fa fa-circle-o','','','',0,NULL,'','','',1491635035,1491635035,0,'normal'),(65,'file',4,'addon/multi','Multi','fa fa-circle-o','','','',0,NULL,'','','',1491635035,1491635035,0,'normal'),(85,'file',0,'command','在线命令管理','fa fa-terminal','','','',1,NULL,'','zxmlgl','zaixianminglingguanli',1629175556,1657435799,0,'normal'),(86,'file',85,'command/index','查看','fa fa-circle-o','','','',0,NULL,'','zk','zhakan',1629175556,1629175556,0,'normal'),(87,'file',85,'command/add','添加','fa fa-circle-o','','','',0,NULL,'','tj','tianjia',1629175556,1629175556,0,'normal'),(88,'file',85,'command/detail','详情','fa fa-circle-o','','','',0,NULL,'','xq','xiangqing',1629175556,1629175556,0,'normal'),(89,'file',85,'command/execute','运行','fa fa-circle-o','','','',0,NULL,'','yx','yunxing',1629175556,1629175556,0,'normal'),(90,'file',85,'command/del','删除','fa fa-circle-o','','','',0,NULL,'','sc','shanchu',1629175556,1629175556,0,'normal'),(91,'file',85,'command/multi','批量更新','fa fa-circle-o','','','',0,NULL,'','plgx','pilianggengxin',1629175556,1629175556,0,'normal'),(92,'file',2,'banner/index','轮播图管理','fa fa-circle-o','','','',1,'addtabs','','lbtgl','lunbotuguanli',1629185286,1629185286,0,'normal'),(93,'file',2,'notice/index','内容精选管理','fa fa-circle-o','','','',1,'addtabs','','nrjxgl','neirongjingxuanguanli',1629185305,1649231558,0,'normal'),(94,'file',2,'news/index','新闻资讯管理','fa fa-circle-o','','','',1,'addtabs','','xwzxgl','xinwenzixunguanli',1629185323,1650724339,0,'normal'),(95,'file',0,'user','会员管理','fa fa-circle-o','','','',1,'addtabs','','hygl','huiyuanguanli',1629185342,1635227937,0,'normal'),(96,'file',0,'bill','财务管理','fa fa-circle-o','','','',1,'addtabs','','cwgl','caiwuguanli',1629185351,1629185351,0,'normal'),(97,'file',0,'award','奖项管理','fa fa-circle-o','','','',1,'addtabs','','jxgl','jiangxiangguanli',1629185361,1649231014,0,'normal'),(98,'file',95,'users','会员列表','fa fa-circle-o','','','',1,'addtabs','','hylb','huiyuanliebiao',1629185524,1635227953,0,'normal'),(99,'file',95,'rank/index','会员级别','fa fa-circle-o','','','',0,'addtabs','','hyjb','huiyuanjibie',1629185535,1637920888,0,'normal'),(100,'file',95,'role/index','会员角色','fa fa-circle-o','','','',1,'addtabs','','hyjs','huiyuanjuese',1629185553,1637920590,0,'normal'),(101,'file',95,'users/team','团队图谱','fa fa-circle-o','','','',1,'addtabs','','tdtp','tuanduitupu',1629185935,1636610226,0,'normal'),(102,'file',96,'currency/index','币种管理','fa fa-circle-o','','','',0,'addtabs','','bzgl','bizhongguanli',1629189724,1637920802,0,'normal'),(103,'file',96,'bill/index','账单流水','fa fa-circle-o','','','',1,'addtabs','','zdls','zhangdanliushui',1629189739,1629189739,0,'normal'),(104,'file',96,'funds/index','后台充值/扣费记录','fa fa-circle-o','','','',1,'addtabs','','htczkfjl','houtaichongzhikoufeijilu',1629191387,1629191387,0,'normal'),(105,'file',97,'award/index','奖项列表','fa fa-circle-o','','','',1,'addtabs','','jxlb','jiangxiangliebiao',1629192218,1636527856,0,'normal'),(106,'file',97,'award_record/index','发奖记录','fa fa-circle-o','','','',1,'addtabs','','fjjl','fajiangjilu',1629192255,1636527864,0,'normal'),(107,'file',148,'config_draw/index','提现配置','fa fa-circle-o','','','',1,'addtabs','','txpz','tixianpeizhi',1629200727,1636531996,0,'normal'),(108,'file',148,'draw_record/index','提现记录','fa fa-circle-o','','','',1,'addtabs','','txjl','tixianjilu',1629201550,1636532002,0,'normal'),(114,'file',98,'users/edit','会员编辑','fa fa-circle-o','','','',0,'addtabs','','hybj','huiyuanbianji',1634724576,1634724576,0,'normal'),(115,'file',98,'users/add','会员添加','fa fa-circle-o','','','',0,'addtabs','','hytj','huiyuantianjia',1634724594,1634724594,0,'normal'),(116,'file',98,'users/del','会员删除','fa fa-circle-o','','','',0,'addtabs','','hysc','huiyuanshanchu',1634724608,1634724608,0,'normal'),(117,'file',98,'users/export','会员导出','fa fa-circle-o','','','',0,'addtabs','','hydc','huiyuandaochu',1634724669,1634724669,0,'normal'),(118,'file',108,'draw_record/pass','提现通过','fa fa-circle-o','','','',0,'addtabs','','txtg','tixiantongguo',1634783940,1651037955,0,'normal'),(119,'file',108,'draw_record/refuse','提现拒绝','fa fa-circle-o','','','',0,'addtabs','','txjj','tixianjujue',1634783956,1651037962,0,'normal'),(135,'file',98,'users/index','查看','fa fa-circle-o','','','',0,'addtabs','','zk','zhakan',1635227962,1635227962,0,'normal'),(136,'file',137,'goods/index','藏品管理','fa fa-circle-o','','','',1,'addtabs','','spgl','shangpinguanli',1635237820,1636525522,0,'normal'),(137,'file',0,'goods','藏品管理','fa fa-circle-o','','','',1,'addtabs','','ppgl','paipinguanli',1636525513,1637205597,0,'normal'),(148,'file',0,'draw','提现管理','fa fa-circle-o','','','',1,'addtabs','','txgl','tixianguanli',1636531989,1636531989,0,'normal'),(150,'file',2,'feedback/index','问题反馈','fa fa-circle-o','','','',0,'addtabs','','wtfk','wentifankui',1636533528,1637920452,0,'normal'),(155,'file',137,'orders/index','藏品订单管理','fa fa-circle-o','','','',1,'addtabs','','spddgl','shangpindingdanguanli',1636613104,1636613104,0,'normal'),(164,'file',137,'goods_users/index','会员藏品管理','fa fa-circle-o','','','',1,'addtabs','','hyppgl','huiyuanpaipinguanli',1637205567,1637205567,0,'normal'),(168,'file',137,'goods_transfer/index','藏品转增记录','fa fa-circle-o','','','',1,'addtabs','','cpzzjl','cangpinzhuanzengjilu',1638932102,1638932102,0,'normal'),(169,'file',137,'goods_category/index','藏品分类管理','fa fa-circle-o','','','',1,'addtabs','','cpflgl','cangpinfenleiguanli',1639016458,1639016458,0,'normal'),(170,'file',137,'calendar/index','发售日历','fa fa-circle-o','','','',1,'addtabs','','fsrl','fashourili',1649298182,1649298182,0,'normal'),(171,'file',178,'manghe_award_record','盲盒中奖纪录','fa fa-circle-o','','','',1,'addtabs','','mhzjjl','manghezhongjiangjilu',1650785043,1650785130,0,'normal'),(172,'file',171,'manghe_award_record/import','Import','fa fa-circle-o','','','',0,NULL,'','dr','daoru',1650785043,1650785043,0,'normal'),(173,'file',171,'manghe_award_record/index','查看','fa fa-circle-o','','','',0,NULL,'','zk','zhakan',1650785043,1650785043,0,'normal'),(174,'file',171,'manghe_award_record/add','添加','fa fa-circle-o','','','',0,NULL,'','tj','tianjia',1650785043,1650785043,0,'normal'),(175,'file',171,'manghe_award_record/edit','编辑','fa fa-circle-o','','','',0,NULL,'','bj','bianji',1650785043,1650785043,0,'normal'),(176,'file',171,'manghe_award_record/del','删除','fa fa-circle-o','','','',0,NULL,'','sc','shanchu',1650785043,1650785043,0,'normal'),(177,'file',171,'manghe_award_record/multi','批量更新','fa fa-circle-o','','','',0,NULL,'','plgx','pilianggengxin',1650785043,1650785043,0,'normal'),(178,'file',0,'manghe','盲盒管理','fa fa-circle-o','','','',1,'addtabs','','mhgl','mangheguanli',1650785108,1650785108,0,'normal'),(179,'file',178,'goods_manghe_users','用户盲盒管理','fa fa-circle-o','','','',1,'addtabs','','yhmhgl','yonghumangheguanli',1650799419,1650799437,0,'normal'),(180,'file',179,'goods_manghe_users/import','Import','fa fa-circle-o','','','',0,NULL,'','dr','daoru',1650799420,1650799420,0,'normal'),(181,'file',179,'goods_manghe_users/index','查看','fa fa-circle-o','','','',0,NULL,'','zk','zhakan',1650799420,1650799420,0,'normal'),(182,'file',179,'goods_manghe_users/add','添加','fa fa-circle-o','','','',0,NULL,'','tj','tianjia',1650799420,1650799420,0,'normal'),(183,'file',179,'goods_manghe_users/edit','编辑','fa fa-circle-o','','','',0,NULL,'','bj','bianji',1650799420,1650799420,0,'normal'),(184,'file',179,'goods_manghe_users/del','删除','fa fa-circle-o','','','',0,NULL,'','sc','shanchu',1650799420,1650799420,0,'normal'),(185,'file',179,'goods_manghe_users/multi','批量更新','fa fa-circle-o','','','',0,NULL,'','plgx','pilianggengxin',1650799420,1650799420,0,'normal'),(186,'file',178,'manghe_banner','盲盒轮播管理','fa fa-circle-o','','','',1,'addtabs','','mhlbgl','manghelunboguanli',1650864621,1650864640,0,'normal'),(187,'file',186,'manghe_banner/import','Import','fa fa-circle-o','','','',0,NULL,'','dr','daoru',1650864621,1650864621,0,'normal'),(188,'file',186,'manghe_banner/index','查看','fa fa-circle-o','','','',0,NULL,'','zk','zhakan',1650864621,1650864621,0,'normal'),(189,'file',186,'manghe_banner/add','添加','fa fa-circle-o','','','',0,NULL,'','tj','tianjia',1650864621,1650864621,0,'normal'),(190,'file',186,'manghe_banner/edit','编辑','fa fa-circle-o','','','',0,NULL,'','bj','bianji',1650864621,1650864621,0,'normal'),(191,'file',186,'manghe_banner/del','删除','fa fa-circle-o','','','',0,NULL,'','sc','shanchu',1650864621,1650864621,0,'normal'),(192,'file',186,'manghe_banner/multi','批量更新','fa fa-circle-o','','','',0,NULL,'','plgx','pilianggengxin',1650864621,1650864621,0,'normal'),(193,'file',200,'chip_users','用户碎片管理','fa fa-circle-o','','','',0,'addtabs','','yhspgl','yonghusuipianguanli',1650869627,1657086615,0,'normal'),(194,'file',193,'chip_users/import','Import','fa fa-circle-o','','','',0,NULL,'','dr','daoru',1650869627,1650869627,0,'normal'),(195,'file',193,'chip_users/index','查看','fa fa-circle-o','','','',0,NULL,'','zk','zhakan',1650869627,1650869627,0,'normal'),(196,'file',193,'chip_users/add','添加','fa fa-circle-o','','','',0,NULL,'','tj','tianjia',1650869627,1650869627,0,'normal'),(197,'file',193,'chip_users/edit','编辑','fa fa-circle-o','','','',0,NULL,'','bj','bianji',1650869627,1650869627,0,'normal'),(198,'file',193,'chip_users/del','删除','fa fa-circle-o','','','',0,NULL,'','sc','shanchu',1650869627,1650869627,0,'normal'),(199,'file',193,'chip_users/multi','批量更新','fa fa-circle-o','','','',0,NULL,'','plgx','pilianggengxin',1650869627,1650869627,0,'normal'),(200,'file',0,'hecheng','合成管理','fa fa-circle-o','','','',1,'addtabs','','hcgl','hechengguanli',1650869674,1655135295,0,'normal'),(201,'file',200,'chip_compose_record','合成记录','fa fa-circle-o','','','',1,'addtabs','','hcjl','hechengjilu',1650878416,1655525043,0,'normal'),(202,'file',201,'chip_compose_record/import','Import','fa fa-circle-o','','','',0,NULL,'','dr','daoru',1650878416,1650878416,0,'normal'),(203,'file',201,'chip_compose_record/index','查看','fa fa-circle-o','','','',0,NULL,'','zk','zhakan',1650878416,1650878416,0,'normal'),(204,'file',201,'chip_compose_record/add','添加','fa fa-circle-o','','','',0,NULL,'','tj','tianjia',1650878416,1650878416,0,'normal'),(205,'file',201,'chip_compose_record/edit','编辑','fa fa-circle-o','','','',0,NULL,'','bj','bianji',1650878416,1650878416,0,'normal'),(206,'file',201,'chip_compose_record/del','删除','fa fa-circle-o','','','',0,NULL,'','sc','shanchu',1650878416,1650878416,0,'normal'),(207,'file',201,'chip_compose_record/multi','批量更新','fa fa-circle-o','','','',0,NULL,'','plgx','pilianggengxin',1650878416,1650878416,0,'normal'),(208,'file',0,'example','开发示例管理','fa fa-magic','','','',0,NULL,'','kfslgl','kaifashiliguanli',1651511589,1656491859,0,'normal'),(209,'file',208,'example/bootstraptable','表格完整示例','fa fa-table','','','',1,NULL,'','bgwzsl','biaogewanzhengshili',1651511589,1651511589,0,'normal'),(210,'file',209,'example/bootstraptable/index','查看','fa fa-circle-o','','','',0,NULL,'','zk','zhakan',1651511589,1651511589,0,'normal'),(211,'file',209,'example/bootstraptable/detail','详情','fa fa-circle-o','','','',0,NULL,'','xq','xiangqing',1651511589,1651511589,0,'normal'),(212,'file',209,'example/bootstraptable/change','变更','fa fa-circle-o','','','',0,NULL,'','bg','biangeng',1651511589,1651511589,0,'normal'),(213,'file',209,'example/bootstraptable/del','删除','fa fa-circle-o','','','',0,NULL,'','sc','shanchu',1651511589,1651511589,0,'normal'),(214,'file',209,'example/bootstraptable/multi','批量更新','fa fa-circle-o','','','',0,NULL,'','plgx','pilianggengxin',1651511589,1651511589,0,'normal'),(215,'file',208,'example/customsearch','自定义搜索','fa fa-table','','','',1,NULL,'','zdyss','zidingyisousuo',1651511589,1651511589,0,'normal'),(216,'file',215,'example/customsearch/index','查看','fa fa-circle-o','','','',0,NULL,'','zk','zhakan',1651511589,1651511589,0,'normal'),(217,'file',215,'example/customsearch/del','删除','fa fa-circle-o','','','',0,NULL,'','sc','shanchu',1651511589,1651511589,0,'normal'),(218,'file',215,'example/customsearch/multi','批量更新','fa fa-circle-o','','','',0,NULL,'','plgx','pilianggengxin',1651511589,1651511589,0,'normal'),(219,'file',208,'example/customform','自定义表单示例','fa fa-edit','','','',1,NULL,'','zdybdsl','zidingyibiaodanshili',1651511589,1651511589,0,'normal'),(220,'file',219,'example/customform/index','查看','fa fa-circle-o','','','',0,NULL,'','zk','zhakan',1651511589,1651511589,0,'normal'),(221,'file',208,'example/tablelink','表格联动示例','fa fa-table','','','点击左侧日志列表，右侧的表格数据会显示指定管理员的日志列表',1,NULL,'','bgldsl','biaogeliandongshili',1651511589,1651511589,0,'normal'),(222,'file',221,'example/tablelink/index','查看','fa fa-circle-o','','','',0,NULL,'','zk','zhakan',1651511589,1651511589,0,'normal'),(223,'file',208,'example/colorbadge','彩色角标','fa fa-table','','','左侧彩色的角标会根据当前数据量的大小进行更新',1,NULL,'','csjb','caisejiaobiao',1651511589,1651511589,0,'normal'),(224,'file',223,'example/colorbadge/index','查看','fa fa-circle-o','','','',0,NULL,'','zk','zhakan',1651511589,1651511589,0,'normal'),(225,'file',223,'example/colorbadge/del','删除','fa fa-circle-o','','','',0,NULL,'','sc','shanchu',1651511589,1651511589,0,'normal'),(226,'file',223,'example/colorbadge/multi','批量更新','fa fa-circle-o','','','',0,NULL,'','plgx','pilianggengxin',1651511589,1651511589,0,'normal'),(227,'file',208,'example/controllerjump','控制器间跳转','fa fa-table','','','点击IP地址可以跳转到新的选项卡中查看指定IP的数据',1,NULL,'','kzqjtz','kongzhiqijiantiaozhuan',1651511589,1651511589,0,'normal'),(228,'file',227,'example/controllerjump/index','查看','fa fa-circle-o','','','',0,NULL,'','zk','zhakan',1651511589,1651511589,0,'normal'),(229,'file',227,'example/controllerjump/del','删除','fa fa-circle-o','','','',0,NULL,'','sc','shanchu',1651511589,1651511589,0,'normal'),(230,'file',227,'example/controllerjump/multi','批量更新','fa fa-circle-o','','','',0,NULL,'','plgx','pilianggengxin',1651511589,1651511589,0,'normal'),(231,'file',208,'example/cxselect','多级联动','fa fa-table','','','基于jquery.cxselect实现的多级联动',1,NULL,'','djld','duojiliandong',1651511589,1651511589,0,'normal'),(232,'file',231,'example/cxselect/index','查看','fa fa-circle-o','','','',0,NULL,'','zk','zhakan',1651511589,1651511589,0,'normal'),(233,'file',231,'example/cxselect/del','删除','fa fa-circle-o','','','',0,NULL,'','sc','shanchu',1651511589,1651511589,0,'normal'),(234,'file',231,'example/cxselect/multi','批量更新','fa fa-circle-o','','','',0,NULL,'','plgx','pilianggengxin',1651511589,1651511589,0,'normal'),(235,'file',208,'example/multitable','多表格示例','fa fa-table','','','展示在一个页面显示多个Bootstrap-table表格',1,NULL,'','dbgsl','duobiaogeshili',1651511589,1651511589,0,'normal'),(236,'file',235,'example/multitable/index','查看','fa fa-circle-o','','','',0,NULL,'','zk','zhakan',1651511589,1651511589,0,'normal'),(237,'file',235,'example/multitable/del','删除','fa fa-circle-o','','','',0,NULL,'','sc','shanchu',1651511589,1651511589,0,'normal'),(238,'file',235,'example/multitable/multi','批量更新','fa fa-circle-o','','','',0,NULL,'','plgx','pilianggengxin',1651511589,1651511589,0,'normal'),(239,'file',208,'example/relationmodel','关联模型示例','fa fa-table','','','列表中的头像、用户名和昵称字段均从关联表中取出',1,NULL,'','glmxsl','guanlianmoxingshili',1651511589,1651511589,0,'normal'),(240,'file',239,'example/relationmodel/index','查看','fa fa-circle-o','','','',0,NULL,'','zk','zhakan',1651511589,1651511589,0,'normal'),(241,'file',239,'example/relationmodel/del','删除','fa fa-circle-o','','','',0,NULL,'','sc','shanchu',1651511589,1651511589,0,'normal'),(242,'file',239,'example/relationmodel/multi','批量更新','fa fa-circle-o','','','',0,NULL,'','plgx','pilianggengxin',1651511589,1651511589,0,'normal'),(243,'file',208,'example/tabletemplate','表格模板示例','fa fa-table','','','',1,NULL,'','bgmbsl','biaogemubanshili',1651511589,1651511589,0,'normal'),(244,'file',243,'example/tabletemplate/index','查看','fa fa-circle-o','','','',0,NULL,'','zk','zhakan',1651511589,1651511589,0,'normal'),(245,'file',243,'example/tabletemplate/detail','详情','fa fa-circle-o','','','',0,NULL,'','xq','xiangqing',1651511589,1651511589,0,'normal'),(246,'file',243,'example/tabletemplate/del','删除','fa fa-circle-o','','','',0,NULL,'','sc','shanchu',1651511589,1651511589,0,'normal'),(247,'file',243,'example/tabletemplate/multi','批量更新','fa fa-circle-o','','','',0,NULL,'','plgx','pilianggengxin',1651511589,1651511589,0,'normal'),(248,'file',208,'example/baidumap','百度地图示例','fa fa-map-pin','','','',1,NULL,'','bddtsl','baiduditushili',1651511589,1651511589,0,'normal'),(249,'file',248,'example/baidumap/index','查看','fa fa-circle-o','','','',0,NULL,'','zk','zhakan',1651511589,1651511589,0,'normal'),(250,'file',248,'example/baidumap/map','详情','fa fa-circle-o','','','',0,NULL,'','xq','xiangqing',1651511589,1651511589,0,'normal'),(251,'file',248,'example/baidumap/del','删除','fa fa-circle-o','','','',0,NULL,'','sc','shanchu',1651511589,1651511589,0,'normal'),(252,'file',208,'example/echarts','统计图表示例','fa fa-bar-chart','','','',1,NULL,'','tjtbsl','tongjitubiaoshili',1651511589,1651511589,0,'normal'),(253,'file',252,'example/echarts/index','查看','fa fa-circle-o','','','',0,NULL,'','zk','zhakan',1651511589,1651511589,0,'normal');
/*!40000 ALTER TABLE `fa_auth_rule` ENABLE KEYS */;
UNLOCK TABLES;

--
-- Table structure for table `fa_award`
--

DROP TABLE IF EXISTS `fa_award`;
/*!40101 SET @saved_cs_client     = @@character_set_client */;
/*!50503 SET character_set_client = utf8 */;
CREATE TABLE `fa_award` (
  `id` int NOT NULL AUTO_INCREMENT,
  `name` varchar(255) CHARACTER SET utf8 COLLATE utf8_unicode_ci DEFAULT NULL COMMENT '名称',
  `status` tinyint DEFAULT '1' COMMENT '奖励开启状态:0=未开启,1=已开启',
  `total_number` int DEFAULT '3' COMMENT '直推邀请人数',
  `goods_id` int DEFAULT NULL COMMENT '奖励藏品',
  `type` tinyint NOT NULL DEFAULT '0' COMMENT '状态:0=注册空投,1=推荐奖励',
  PRIMARY KEY (`id`) USING BTREE
) ENGINE=MyISAM AUTO_INCREMENT=31 DEFAULT CHARSET=utf8 COLLATE=utf8_unicode_ci ROW_FORMAT=DYNAMIC;
/*!40101 SET character_set_client = @saved_cs_client */;

--
-- Dumping data for table `fa_award`
--

LOCK TABLES `fa_award` WRITE;
/*!40000 ALTER TABLE `fa_award` DISABLE KEYS */;
INSERT INTO `fa_award` VALUES (1,'注册奖励',1,3,51,0),(2,'三人送一个',1,3,51,1),(14,'6人送一个',1,6,51,1),(15,'9人送一个',1,9,51,1),(19,'12人送一个.',1,12,51,1),(22,'15人送一个盲盒',1,15,51,1),(24,'18人送一个盲盒',1,18,51,1),(25,'21人送一个盲盒',1,21,51,1),(27,'27人送一个盲盒',1,27,51,1),(28,'24人送一个盲盒',1,24,51,1),(29,'30拉新',1,30,51,1),(30,'1',0,1,51,1);
/*!40000 ALTER TABLE `fa_award` ENABLE KEYS */;
UNLOCK TABLES;

--
-- Table structure for table `fa_award_recommend`
--

DROP TABLE IF EXISTS `fa_award_recommend`;
/*!40101 SET @saved_cs_client     = @@character_set_client */;
/*!50503 SET character_set_client = utf8 */;
CREATE TABLE `fa_award_recommend` (
  `id` int NOT NULL AUTO_INCREMENT,
  `rank_id` int DEFAULT NULL COMMENT '级别信息',
  `rate` decimal(10,2) DEFAULT NULL COMMENT '奖励比例',
  PRIMARY KEY (`id`) USING BTREE
) ENGINE=MyISAM AUTO_INCREMENT=6 DEFAULT CHARSET=utf8 COLLATE=utf8_general_ci ROW_FORMAT=DYNAMIC;
/*!40101 SET character_set_client = @saved_cs_client */;

--
-- Dumping data for table `fa_award_recommend`
--

LOCK TABLES `fa_award_recommend` WRITE;
/*!40000 ALTER TABLE `fa_award_recommend` DISABLE KEYS */;
INSERT INTO `fa_award_recommend` VALUES (1,3,15.00),(2,4,20.00),(3,5,25.00),(4,6,30.00),(5,7,25.00);
/*!40000 ALTER TABLE `fa_award_recommend` ENABLE KEYS */;
UNLOCK TABLES;

--
-- Table structure for table `fa_award_record`
--

DROP TABLE IF EXISTS `fa_award_record`;
/*!40101 SET @saved_cs_client     = @@character_set_client */;
/*!50503 SET character_set_client = utf8 */;
CREATE TABLE `fa_award_record` (
  `id` int NOT NULL AUTO_INCREMENT,
  `uid` int DEFAULT NULL COMMENT '会员ID',
  `award_id` int DEFAULT NULL,
  `goods_id` int DEFAULT NULL COMMENT '藏品信息',
  `price` decimal(10,2) DEFAULT NULL COMMENT '价值',
  `create_time` datetime DEFAULT NULL COMMENT '发奖时间',
  `orderNo` varchar(255) CHARACTER SET utf8 COLLATE utf8_unicode_ci DEFAULT NULL,
  PRIMARY KEY (`id`) USING BTREE
) ENGINE=MyISAM DEFAULT CHARSET=utf8 COLLATE=utf8_unicode_ci ROW_FORMAT=DYNAMIC;
/*!40101 SET character_set_client = @saved_cs_client */;

--
-- Dumping data for table `fa_award_record`
--

LOCK TABLES `fa_award_record` WRITE;
/*!40000 ALTER TABLE `fa_award_record` DISABLE KEYS */;
/*!40000 ALTER TABLE `fa_award_record` ENABLE KEYS */;
UNLOCK TABLES;

--
-- Table structure for table `fa_banner`
--

DROP TABLE IF EXISTS `fa_banner`;
/*!40101 SET @saved_cs_client     = @@character_set_client */;
/*!50503 SET character_set_client = utf8 */;
CREATE TABLE `fa_banner` (
  `id` int NOT NULL AUTO_INCREMENT,
  `image` varchar(255) CHARACTER SET utf8 COLLATE utf8_unicode_ci DEFAULT '' COMMENT '轮播图',
  `name` varchar(255) CHARACTER SET utf8 COLLATE utf8_unicode_ci DEFAULT '' COMMENT '名称',
  `url` varchar(255) CHARACTER SET utf8 COLLATE utf8_unicode_ci DEFAULT '' COMMENT '跳转地址',
  `title` varchar(255) CHARACTER SET utf8 COLLATE utf8_unicode_ci DEFAULT '' COMMENT '介绍',
  `type` tinyint DEFAULT '1' COMMENT '类型:1=首页,2=二手市场',
  `is_show` tinyint DEFAULT '1' COMMENT '是否展示:0=不展示,1=展示',
  `is_del` tinyint DEFAULT '0' COMMENT '删除状态:0=未删除,1=已删除',
  PRIMARY KEY (`id`) USING BTREE
) ENGINE=MyISAM AUTO_INCREMENT=34 DEFAULT CHARSET=utf8 COLLATE=utf8_unicode_ci ROW_FORMAT=DYNAMIC;
/*!40101 SET character_set_client = @saved_cs_client */;

--
-- Dumping data for table `fa_banner`
--

LOCK TABLES `fa_banner` WRITE;
/*!40000 ALTER TABLE `fa_banner` DISABLE KEYS */;
INSERT INTO `fa_banner` VALUES (22,'/uploads/20220601/f8c1c1368ba365c5e8eac07d578b6b64.jpg','1','','1',1,1,1),(23,'/uploads/20220119/a2afa7f0cf9ec4addc644e4e986486fd.jpg','关于我们','','进入元素象限，感受全新的艺术美感和文化印记',1,1,1),(24,'/uploads/20220119/f70f75a688c449249553fd9c801ffb84.jpg','什么是数字藏品','','利用区块链技术为每个数字藏品创造唯一的链上标识',1,1,1),(25,'/uploads/20220116/f1ca2497c4a86daa2c89cdc6f39627f5.jpg','购买须知','','<< 戳我了解',1,1,1),(26,'/uploads/20220116/0ec764516d224f3c4a98a863689f362b.jpg','二次交易','','点击进入二次交易商城',1,0,1),(27,'/uploads/20220610/9e551854cdaa80eb1ba13504c0372d0d.png','1','','1',2,1,1),(28,'/uploads/20220706/cb692826627dfcf50a313f0ad08a6590.png','诚正邀请新用户活动','','诚正志愿者',1,0,1),(29,'/uploads/20220424/fed1f3ecfd4ab058041195f896763e0a.jpg','敬请期待','','壹牛数藏精彩呈现',1,1,1),(30,'/uploads/20220806/cb692826627dfcf50a313f0ad08a6590.png','盲盒','','盲盒',1,1,0),(31,'/uploads/20220818/b733054b7812318c5f9c1311d9433e28.jpg','志愿者活动','','志愿者活动',1,1,0),(32,'/uploads/20220818/e2acf25973a1fd0bbfd315ff4167943b.png','志愿者招聘','','志愿者招聘',1,1,0),(33,'/uploads/20220818/e2acf25973a1fd0bbfd315ff4167943b.png','诚正数藏','','诚正数藏',2,1,0);
/*!40000 ALTER TABLE `fa_banner` ENABLE KEYS */;
UNLOCK TABLES;

--
-- Table structure for table `fa_bill`
--

DROP TABLE IF EXISTS `fa_bill`;
/*!40101 SET @saved_cs_client     = @@character_set_client */;
/*!50503 SET character_set_client = utf8 */;
CREATE TABLE `fa_bill` (
  `id` int NOT NULL AUTO_INCREMENT,
  `uid` int DEFAULT NULL COMMENT '会员ID',
  `currency_id` int DEFAULT NULL COMMENT '币种ID',
  `account` decimal(20,2) DEFAULT NULL COMMENT '变动金额',
  `before_account` decimal(20,2) DEFAULT NULL COMMENT '变动前金额',
  `after_account` decimal(20,2) DEFAULT NULL COMMENT '变动后金额',
  `bill_type` varchar(255) CHARACTER SET utf8 COLLATE utf8_unicode_ci DEFAULT NULL COMMENT '类型',
  `remark` varchar(255) CHARACTER SET utf8 COLLATE utf8_unicode_ci DEFAULT NULL COMMENT '备注',
  `type` tinyint DEFAULT '1' COMMENT '类型:1=收入,2=支出',
  `create_time` datetime DEFAULT NULL COMMENT '记录时间',
  PRIMARY KEY (`id`) USING BTREE
) ENGINE=MyISAM AUTO_INCREMENT=13511 DEFAULT CHARSET=utf8 COLLATE=utf8_unicode_ci ROW_FORMAT=DYNAMIC;
/*!40101 SET character_set_client = @saved_cs_client */;

--
-- Dumping data for table `fa_bill`
--

LOCK TABLES `fa_bill` WRITE;
/*!40000 ALTER TABLE `fa_bill` DISABLE KEYS */;
INSERT INTO `fa_bill` VALUES (13478,30685,1,100000.00,0.00,100000.00,'后台充值','后台充值',1,'2022-08-17 22:03:50'),(13479,30685,1,1.00,100000.00,99999.00,'购买藏品','购买藏品',2,'2022-08-17 22:04:04'),(13480,0,1,1.00,6286.57,6287.57,'出售藏品','出售藏品',1,'2022-08-17 22:04:04'),(13481,30677,1,0.00,0.00,0.00,'分佣','分佣',1,'2022-08-17 22:04:04'),(13482,30685,1,185.00,99999.00,99814.00,'购买藏品','购买藏品',2,'2022-08-18 02:55:01'),(13483,0,1,185.00,6287.57,6472.57,'出售藏品','出售藏品',1,'2022-08-18 02:55:01'),(13484,30685,1,10.00,99814.00,99804.00,'购买藏品','购买藏品',2,'2022-08-18 02:55:16'),(13485,0,1,10.00,6472.57,6482.57,'出售藏品','出售藏品',1,'2022-08-18 02:55:16'),(13486,30685,1,605.00,99804.00,99199.00,'购买藏品','购买藏品',2,'2022-08-18 02:56:42'),(13487,0,1,605.00,6482.57,7087.57,'出售藏品','出售藏品',1,'2022-08-18 02:56:42'),(13488,30685,1,605.00,99199.00,98594.00,'购买藏品','购买藏品',2,'2022-08-18 02:58:23'),(13489,0,1,605.00,7087.57,7692.57,'出售藏品','出售藏品',1,'2022-08-18 02:58:23'),(13490,30685,1,158.00,98594.00,98436.00,'购买藏品','购买藏品',2,'2022-08-18 02:58:39'),(13491,0,1,158.00,7692.57,7850.57,'出售藏品','出售藏品',1,'2022-08-18 02:58:39'),(13492,30685,1,185.00,98436.00,98251.00,'购买藏品','购买藏品',2,'2022-08-18 02:58:50'),(13493,0,1,185.00,7850.57,8035.57,'出售藏品','出售藏品',1,'2022-08-18 02:58:50'),(13494,30685,1,10.00,98251.00,98241.00,'购买藏品','购买藏品',2,'2022-08-18 02:59:05'),(13495,0,1,10.00,8035.57,8045.57,'出售藏品','出售藏品',1,'2022-08-18 02:59:05'),(13497,30685,1,45.00,98241.00,98196.00,'购买盲盒','购买盲盒',2,'2022-08-18 03:32:15'),(13498,30686,1,100000.00,0.00,100000.00,'后台充值','后台充值',1,'2022-08-18 04:33:32'),(13499,30686,1,158.00,100000.00,99842.00,'购买藏品','购买藏品',2,'2022-08-18 04:34:01'),(13500,0,1,158.00,0.00,158.00,'出售藏品','出售藏品',1,'2022-08-18 04:34:01'),(13501,30677,1,0.00,0.00,0.00,'分佣','分佣',1,'2022-08-18 04:34:01'),(13502,30686,1,185.00,99842.00,99657.00,'购买藏品','购买藏品',2,'2022-08-18 04:34:55'),(13503,0,1,185.00,158.00,343.00,'出售藏品','出售藏品',1,'2022-08-18 04:34:55'),(13504,30686,1,605.00,99657.00,99052.00,'购买藏品','购买藏品',2,'2022-08-18 04:35:05'),(13505,0,1,605.00,343.00,948.00,'出售藏品','出售藏品',1,'2022-08-18 04:35:05'),(13506,30686,1,10.00,99052.00,99042.00,'购买藏品','购买藏品',2,'2022-08-18 04:35:14'),(13507,0,1,10.00,948.00,958.00,'出售藏品','出售藏品',1,'2022-08-18 04:35:14'),(13508,30686,1,10.00,99042.00,99032.00,'购买藏品','购买藏品',2,'2022-08-18 04:35:21'),(13509,0,1,10.00,958.00,968.00,'出售藏品','出售藏品',1,'2022-08-18 04:35:21'),(13510,30689,1,10000.00,0.00,10000.00,'后台充值','后台充值',1,'2022-08-19 17:41:27');
/*!40000 ALTER TABLE `fa_bill` ENABLE KEYS */;
UNLOCK TABLES;

--
-- Table structure for table `fa_calendar`
--

DROP TABLE IF EXISTS `fa_calendar`;
/*!40101 SET @saved_cs_client     = @@character_set_client */;
/*!50503 SET character_set_client = utf8 */;
CREATE TABLE `fa_calendar` (
  `id` int NOT NULL AUTO_INCREMENT,
  `start_time` datetime DEFAULT NULL COMMENT '开售时间',
  `order` int DEFAULT '100' COMMENT '排序值',
  `is_show` tinyint DEFAULT '1' COMMENT '状态:0=隐藏,1=展示',
  `is_del` tinyint DEFAULT '0' COMMENT '删除状态:0=未删除,1=已删除',
  PRIMARY KEY (`id`) USING BTREE
) ENGINE=MyISAM AUTO_INCREMENT=11 DEFAULT CHARSET=utf8 COLLATE=utf8_general_ci ROW_FORMAT=DYNAMIC;
/*!40101 SET character_set_client = @saved_cs_client */;

--
-- Dumping data for table `fa_calendar`
--

LOCK TABLES `fa_calendar` WRITE;
/*!40000 ALTER TABLE `fa_calendar` DISABLE KEYS */;
INSERT INTO `fa_calendar` VALUES (1,'2022-04-08 09:00:00',100,1,1),(2,'2022-04-20 12:00:00',100,1,1),(3,'2022-04-28 10:00:00',100,1,1),(4,'2022-05-08 12:00:00',100,1,1),(5,'2022-05-31 18:04:05',100,1,1),(6,'2022-06-09 16:20:00',100,1,1),(7,'2022-06-24 10:03:04',100,1,1),(8,'2022-06-30 13:55:31',100,1,1),(9,'2022-07-09 09:00:00',100,1,0),(10,'2022-07-09 09:00:00',100,1,0);
/*!40000 ALTER TABLE `fa_calendar` ENABLE KEYS */;
UNLOCK TABLES;

--
-- Table structure for table `fa_calendar_goods`
--

DROP TABLE IF EXISTS `fa_calendar_goods`;
/*!40101 SET @saved_cs_client     = @@character_set_client */;
/*!50503 SET character_set_client = utf8 */;
CREATE TABLE `fa_calendar_goods` (
  `id` int NOT NULL AUTO_INCREMENT,
  `calendar_id` int DEFAULT NULL COMMENT '发售日历',
  `goods_id` int DEFAULT NULL COMMENT '商品ID',
  `order` int DEFAULT '100' COMMENT '排序值',
  `is_show` tinyint DEFAULT '1' COMMENT '展示状态:0=隐藏,1=展示',
  `is_del` tinyint DEFAULT '0' COMMENT '删除状态:0=未删除,1=已删除',
  PRIMARY KEY (`id`) USING BTREE
) ENGINE=MyISAM AUTO_INCREMENT=21 DEFAULT CHARSET=utf8 COLLATE=utf8_general_ci ROW_FORMAT=DYNAMIC;
/*!40101 SET character_set_client = @saved_cs_client */;

--
-- Dumping data for table `fa_calendar_goods`
--

LOCK TABLES `fa_calendar_goods` WRITE;
/*!40000 ALTER TABLE `fa_calendar_goods` DISABLE KEYS */;
INSERT INTO `fa_calendar_goods` VALUES (1,1,1,100,1,0),(2,1,2,100,1,0),(3,1,3,100,1,0),(4,2,1,100,1,0),(5,2,2,100,1,0),(6,3,1,100,1,0),(7,3,3,100,1,0),(8,4,1,100,1,1),(9,4,3,100,1,1),(10,2,3,100,1,0),(11,1,3,100,1,0),(12,4,229,100,1,0),(13,5,9,100,1,0),(14,6,8,100,1,1),(15,6,8,100,1,1),(16,6,25,100,1,0),(17,7,4,100,1,0),(18,8,21,100,1,0),(19,9,46,100,1,0),(20,9,46,102,1,1);
/*!40000 ALTER TABLE `fa_calendar_goods` ENABLE KEYS */;
UNLOCK TABLES;

--
-- Table structure for table `fa_category`
--

DROP TABLE IF EXISTS `fa_category`;
/*!40101 SET @saved_cs_client     = @@character_set_client */;
/*!50503 SET character_set_client = utf8 */;
CREATE TABLE `fa_category` (
  `id` int unsigned NOT NULL AUTO_INCREMENT,
  `pid` int unsigned NOT NULL DEFAULT '0' COMMENT '父ID',
  `type` varchar(30) CHARACTER SET utf8 COLLATE utf8_unicode_ci DEFAULT '' COMMENT '栏目类型',
  `name` varchar(30) CHARACTER SET utf8 COLLATE utf8_unicode_ci DEFAULT '',
  `nickname` varchar(50) CHARACTER SET utf8 COLLATE utf8_unicode_ci DEFAULT '',
  `flag` set('hot','index','recommend') CHARACTER SET utf8 COLLATE utf8_unicode_ci DEFAULT '',
  `image` varchar(100) CHARACTER SET utf8 COLLATE utf8_unicode_ci DEFAULT '' COMMENT '图片',
  `keywords` varchar(255) CHARACTER SET utf8 COLLATE utf8_unicode_ci DEFAULT '' COMMENT '关键字',
  `description` varchar(255) CHARACTER SET utf8 COLLATE utf8_unicode_ci DEFAULT '' COMMENT '描述',
  `diyname` varchar(30) CHARACTER SET utf8 COLLATE utf8_unicode_ci DEFAULT '' COMMENT '自定义名称',
  `createtime` int DEFAULT NULL COMMENT '创建时间',
  `updatetime` int DEFAULT NULL COMMENT '更新时间',
  `weigh` int NOT NULL DEFAULT '0' COMMENT '权重',
  `status` varchar(30) CHARACTER SET utf8 COLLATE utf8_unicode_ci DEFAULT '' COMMENT '状态',
  PRIMARY KEY (`id`) USING BTREE,
  KEY `weigh` (`weigh`,`id`) USING BTREE,
  KEY `pid` (`pid`) USING BTREE
) ENGINE=MyISAM DEFAULT CHARSET=utf8 COLLATE=utf8_unicode_ci ROW_FORMAT=DYNAMIC COMMENT='分类表';
/*!40101 SET character_set_client = @saved_cs_client */;

--
-- Dumping data for table `fa_category`
--

LOCK TABLES `fa_category` WRITE;
/*!40000 ALTER TABLE `fa_category` DISABLE KEYS */;
/*!40000 ALTER TABLE `fa_category` ENABLE KEYS */;
UNLOCK TABLES;

--
-- Table structure for table `fa_chip_compose_record`
--

DROP TABLE IF EXISTS `fa_chip_compose_record`;
/*!40101 SET @saved_cs_client     = @@character_set_client */;
/*!50503 SET character_set_client = utf8 */;
CREATE TABLE `fa_chip_compose_record` (
  `id` int unsigned NOT NULL AUTO_INCREMENT COMMENT 'ID',
  `user_id` int NOT NULL COMMENT '用户ID',
  `goods_id` int NOT NULL COMMENT '商品ID',
  `compose_num` tinyint DEFAULT NULL COMMENT '碎片数量',
  `createtime` int DEFAULT NULL COMMENT '合成时间',
  PRIMARY KEY (`id`)
) ENGINE=MyISAM AUTO_INCREMENT=165 DEFAULT CHARSET=utf8 COLLATE=utf8_unicode_ci COMMENT='碎片合成记录';
/*!40101 SET character_set_client = @saved_cs_client */;

--
-- Dumping data for table `fa_chip_compose_record`
--

LOCK TABLES `fa_chip_compose_record` WRITE;
/*!40000 ALTER TABLE `fa_chip_compose_record` DISABLE KEYS */;
/*!40000 ALTER TABLE `fa_chip_compose_record` ENABLE KEYS */;
UNLOCK TABLES;

--
-- Table structure for table `fa_chip_users`
--

DROP TABLE IF EXISTS `fa_chip_users`;
/*!40101 SET @saved_cs_client     = @@character_set_client */;
/*!50503 SET character_set_client = utf8 */;
CREATE TABLE `fa_chip_users` (
  `id` int unsigned NOT NULL AUTO_INCREMENT COMMENT 'ID',
  `user_id` int NOT NULL COMMENT '用户ID',
  `goods_id` int NOT NULL COMMENT '商品ID',
  `total` int DEFAULT '0' COMMENT '碎片数量',
  `createtime` int DEFAULT NULL COMMENT '创建时间',
  `updatetime` int DEFAULT NULL COMMENT '更新时间',
  PRIMARY KEY (`id`)
) ENGINE=MyISAM AUTO_INCREMENT=24 DEFAULT CHARSET=utf8 COLLATE=utf8_unicode_ci COMMENT='用户碎片管理';
/*!40101 SET character_set_client = @saved_cs_client */;

--
-- Dumping data for table `fa_chip_users`
--

LOCK TABLES `fa_chip_users` WRITE;
/*!40000 ALTER TABLE `fa_chip_users` DISABLE KEYS */;
/*!40000 ALTER TABLE `fa_chip_users` ENABLE KEYS */;
UNLOCK TABLES;

--
-- Table structure for table `fa_chongzhi`
--

DROP TABLE IF EXISTS `fa_chongzhi`;
/*!40101 SET @saved_cs_client     = @@character_set_client */;
/*!50503 SET character_set_client = utf8 */;
CREATE TABLE `fa_chongzhi` (
  `id` int NOT NULL AUTO_INCREMENT,
  `uid` int DEFAULT NULL COMMENT '会员信息',
  `status` int DEFAULT NULL COMMENT '充值状态 1成功 0不成功',
  `money` decimal(20,2) DEFAULT NULL COMMENT '金额',
  `pay_type` tinyint DEFAULT '1' COMMENT '充值方式',
  `create_time` varchar(255) CHARACTER SET utf8 COLLATE utf8_unicode_ci DEFAULT NULL COMMENT '操作时间',
  `order_num` varchar(255) CHARACTER SET utf8 COLLATE utf8_unicode_ci NOT NULL,
  PRIMARY KEY (`id`) USING BTREE
) ENGINE=MyISAM DEFAULT CHARSET=utf8 COLLATE=utf8_unicode_ci ROW_FORMAT=DYNAMIC;
/*!40101 SET character_set_client = @saved_cs_client */;

--
-- Dumping data for table `fa_chongzhi`
--

LOCK TABLES `fa_chongzhi` WRITE;
/*!40000 ALTER TABLE `fa_chongzhi` DISABLE KEYS */;
/*!40000 ALTER TABLE `fa_chongzhi` ENABLE KEYS */;
UNLOCK TABLES;

--
-- Table structure for table `fa_coderecord`
--

DROP TABLE IF EXISTS `fa_coderecord`;
/*!40101 SET @saved_cs_client     = @@character_set_client */;
/*!50503 SET character_set_client = utf8 */;
CREATE TABLE `fa_coderecord` (
  `id` int NOT NULL AUTO_INCREMENT,
  `phone` varchar(40) NOT NULL,
  `code` int NOT NULL,
  `addtime` int NOT NULL,
  `ip` varchar(122) NOT NULL,
  PRIMARY KEY (`id`)
) ENGINE=MyISAM DEFAULT CHARSET=utf8mb3;
/*!40101 SET character_set_client = @saved_cs_client */;

--
-- Dumping data for table `fa_coderecord`
--

LOCK TABLES `fa_coderecord` WRITE;
/*!40000 ALTER TABLE `fa_coderecord` DISABLE KEYS */;
/*!40000 ALTER TABLE `fa_coderecord` ENABLE KEYS */;
UNLOCK TABLES;

--
-- Table structure for table `fa_command`
--

DROP TABLE IF EXISTS `fa_command`;
/*!40101 SET @saved_cs_client     = @@character_set_client */;
/*!50503 SET character_set_client = utf8 */;
CREATE TABLE `fa_command` (
  `id` int unsigned NOT NULL AUTO_INCREMENT COMMENT 'ID',
  `type` varchar(30) CHARACTER SET utf8 COLLATE utf8_general_ci NOT NULL DEFAULT '' COMMENT '类型',
  `params` varchar(1500) CHARACTER SET utf8 COLLATE utf8_general_ci NOT NULL DEFAULT '' COMMENT '参数',
  `command` varchar(1500) CHARACTER SET utf8 COLLATE utf8_general_ci NOT NULL DEFAULT '' COMMENT '命令',
  `content` text CHARACTER SET utf8 COLLATE utf8_general_ci COMMENT '返回结果',
  `executetime` int unsigned DEFAULT NULL COMMENT '执行时间',
  `createtime` int unsigned DEFAULT NULL COMMENT '创建时间',
  `updatetime` int unsigned DEFAULT NULL COMMENT '更新时间',
  `status` enum('successed','failured') CHARACTER SET utf8 COLLATE utf8_general_ci NOT NULL DEFAULT 'failured' COMMENT '状态',
  PRIMARY KEY (`id`) USING BTREE
) ENGINE=MyISAM AUTO_INCREMENT=74 DEFAULT CHARSET=utf8mb3 ROW_FORMAT=DYNAMIC COMMENT='在线命令表';
/*!40101 SET character_set_client = @saved_cs_client */;

--
-- Dumping data for table `fa_command`
--

LOCK TABLES `fa_command` WRITE;
/*!40000 ALTER TABLE `fa_command` DISABLE KEYS */;
INSERT INTO `fa_command` VALUES (1,'crud','[\"--force=1\",\"--table=fa_banner\",\"--fields=id,image,is_show\",\"--switchsuffix=is_show\",\"--ignorefields=is_del\"]','php think crud --force=1 --table=fa_banner --fields=id,image,is_show --switchsuffix=is_show --ignorefields=is_del','Build Successed',1629185233,1629185233,1629185233,'successed'),(2,'crud','[\"--force=1\",\"--table=fa_notice\",\"--fields=id,title,order,create_time,is_show\",\"--switchsuffix=is_show\",\"--ignorefields=is_del\"]','php think crud --force=1 --table=fa_notice --fields=id,title,order,create_time,is_show --switchsuffix=is_show --ignorefields=is_del','Build Successed',1629185249,1629185249,1629185249,'successed'),(3,'crud','[\"--force=1\",\"--table=fa_news\",\"--fields=id,title,order,create_time,is_show\",\"--switchsuffix=is_show\",\"--ignorefields=is_del\"]','php think crud --force=1 --table=fa_news --fields=id,title,order,create_time,is_show --switchsuffix=is_show --ignorefields=is_del','Build Successed',1629185258,1629185258,1629185258,'successed'),(4,'crud','[\"--force=1\",\"--table=fa_role\",\"--fields=id,name\",\"--switchsuffix=is_show\",\"--ignorefields=is_del\"]','php think crud --force=1 --table=fa_role --fields=id,name --switchsuffix=is_show --ignorefields=is_del','Build Successed',1629185388,1629185388,1629185388,'successed'),(5,'crud','[\"--force=1\",\"--table=fa_rank\",\"--fields=id,name,image,remittance_money\"]','php think crud --force=1 --table=fa_rank --fields=id,name,image,remittance_money','Build Successed',1629185418,1629185418,1629185419,'successed'),(6,'crud','[\"--force=1\",\"--table=fa_users\",\"--fields=id,nick_name,head_image,email,phone,status,uuid,total_direct,group_person_count,parent_phone,create_time,remittance_number,remittance_money,draw_money,draw_number\",\"--relation=fa_rank\",\"--relationmode=belongsto\",\"--relationforeignkey=rank_id\",\"--relationprimarykey=id\",\"--relationfields=name\",\"--relation=fa_role\",\"--relationmode=belongsto\",\"--relationforeignkey=role_id\",\"--relationprimarykey=id\",\"--relationfields=name\"]','php think crud --force=1 --table=fa_users --fields=id,nick_name,head_image,email,phone,status,uuid,total_direct,group_person_count,parent_phone,create_time,remittance_number,remittance_money,draw_money,draw_number --relation=fa_rank --relationmode=belongsto --relationforeignkey=rank_id --relationprimarykey=id --relationfields=name --relation=fa_role --relationmode=belongsto --relationforeignkey=role_id --relationprimarykey=id --relationfields=name','Build Successed',1629185500,1629185500,1629185500,'successed'),(7,'crud','[\"--force=1\",\"--table=fa_role\",\"--fields=id,name\",\"--switchsuffix=is_show\",\"--ignorefields=is_del\"]','php think crud --force=1 --table=fa_role --fields=id,name --switchsuffix=is_show --ignorefields=is_del','Build Successed',1629185590,1629185590,1629185590,'successed'),(8,'crud','[\"--force=1\",\"--table=fa_currency\",\"--fields=id,name,image,digit\",\"--ignorefields=is_del\"]','php think crud --force=1 --table=fa_currency --fields=id,name,image,digit --ignorefields=is_del','Build Successed',1629189643,1629189643,1629189643,'successed'),(9,'crud','[\"--force=1\",\"--table=fa_bill\",\"--fields=id,account,before_account,after_account,bill_type,remark,type,create_time\",\"--ignorefields=is_del\",\"--relation=fa_currency\",\"--relationmode=belongsto\",\"--relationforeignkey=currency_id\",\"--relationprimarykey=id\",\"--relationfields=name\",\"--relation=fa_users\",\"--relationmode=belongsto\",\"--relationforeignkey=uid\",\"--relationprimarykey=id\",\"--relationfields=member\"]','php think crud --force=1 --table=fa_bill --fields=id,account,before_account,after_account,bill_type,remark,type,create_time --ignorefields=is_del --relation=fa_currency --relationmode=belongsto --relationforeignkey=currency_id --relationprimarykey=id --relationfields=name --relation=fa_users --relationmode=belongsto --relationforeignkey=uid --relationprimarykey=id --relationfields=member','Build Successed',1629189710,1629189710,1629189710,'successed'),(10,'crud','[\"--force=1\",\"--table=fa_funds\",\"--fields=id,account,type,create_time\",\"--relation=fa_users\",\"--relationmode=belongsto\",\"--relationforeignkey=uid\",\"--relationprimarykey=id\",\"--relationfields=member\",\"--relation=fa_admin\",\"--relationmode=belongsto\",\"--relationforeignkey=id\",\"--relationprimarykey=id\"]','php think crud --force=1 --table=fa_funds --fields=id,account,type,create_time --relation=fa_users --relationmode=belongsto --relationforeignkey=uid --relationprimarykey=id --relationfields=member --relation=fa_admin --relationmode=belongsto --relationforeignkey=id --relationprimarykey=id','Build Successed',1629191342,1629191342,1629191342,'successed'),(11,'crud','[\"--force=1\",\"--table=fa_funds\",\"--fields=id,account,type,create_time\",\"--relation=fa_users\",\"--relationmode=belongsto\",\"--relationforeignkey=uid\",\"--relationprimarykey=id\",\"--relationfields=member\",\"--relation=fa_currency\",\"--relationmode=belongsto\",\"--relationforeignkey=currency_id\",\"--relationprimarykey=id\",\"--relationfields=name\"]','php think crud --force=1 --table=fa_funds --fields=id,account,type,create_time --relation=fa_users --relationmode=belongsto --relationforeignkey=uid --relationprimarykey=id --relationfields=member --relation=fa_currency --relationmode=belongsto --relationforeignkey=currency_id --relationprimarykey=id --relationfields=name','Build Successed',1629191440,1629191440,1629191440,'successed'),(12,'crud','[\"--force=1\",\"--table=fa_award\",\"--fields=id,name,status,field\"]','php think crud --force=1 --table=fa_award --fields=id,name,status,field','Build Successed',1629192035,1629192035,1629192035,'successed'),(13,'crud','[\"--force=1\",\"--table=fa_award_record\",\"--fields=id,account,remark,create_time\",\"--relation=fa_users\",\"--relationmode=belongsto\",\"--relationforeignkey=uid\",\"--relationprimarykey=id\",\"--relationfields=member\",\"--relation=fa_currency\",\"--relationmode=belongsto\",\"--relationforeignkey=currency_id\",\"--relationprimarykey=id\",\"--relationfields=name\"]','php think crud --force=1 --table=fa_award_record --fields=id,account,remark,create_time --relation=fa_users --relationmode=belongsto --relationforeignkey=uid --relationprimarykey=id --relationfields=member --relation=fa_currency --relationmode=belongsto --relationforeignkey=currency_id --relationprimarykey=id --relationfields=name','Build Successed',1629192167,1629192167,1629192167,'successed'),(14,'crud','[\"--force=1\",\"--table=fa_config_draw\",\"--fields=id,min,rate,max,is_show,content\",\"--relation=fa_currency\",\"--relationmode=belongsto\",\"--relationforeignkey=currency_id\",\"--relationprimarykey=id\",\"--relationfields=name\"]','php think crud --force=1 --table=fa_config_draw --fields=id,min,rate,max,is_show,content --relation=fa_currency --relationmode=belongsto --relationforeignkey=currency_id --relationprimarykey=id --relationfields=name','Build Successed',1629193317,1629193317,1629193317,'successed'),(15,'crud','[\"--force=1\",\"--table=fa_draw_record\",\"--fields=id,order_num,account,reality_account,status,refuse,create_time\",\"--relation=fa_users\",\"--relationmode=belongsto\",\"--relationforeignkey=uid\",\"--relationprimarykey=id\",\"--relationfields=member\",\"--relation=fa_currency\",\"--relationmode=belongsto\",\"--relationforeignkey=currency_id\",\"--relationprimarykey=id\",\"--relationfields=name\"]','php think crud --force=1 --table=fa_draw_record --fields=id,order_num,account,reality_account,status,refuse,create_time --relation=fa_users --relationmode=belongsto --relationforeignkey=uid --relationprimarykey=id --relationfields=member --relation=fa_currency --relationmode=belongsto --relationforeignkey=currency_id --relationprimarykey=id --relationfields=name','Build Successed',1629200701,1629200701,1629200701,'successed'),(16,'crud','[\"--force=1\",\"--table=fa_draw_record\",\"--fields=id,order_num,account,reality_account,type,status,refuse,create_time,bank_name,bank_number,bank_owner,bank_branch,ali_name,ali_number,ali_image,wx_name,wx_number,wx_image\",\"--relation=fa_currency\",\"--relationmode=belongsto\",\"--relationforeignkey=currency_id\",\"--relationprimarykey=id\",\"--relationfields=name\",\"--relation=fa_users\",\"--relationmode=belongsto\",\"--relationforeignkey=uid\",\"--relationprimarykey=id\",\"--relationfields=phone\"]','php think crud --force=1 --table=fa_draw_record --fields=id,order_num,account,reality_account,type,status,refuse,create_time,bank_name,bank_number,bank_owner,bank_branch,ali_name,ali_number,ali_image,wx_name,wx_number,wx_image --relation=fa_currency --relationmode=belongsto --relationforeignkey=currency_id --relationprimarykey=id --relationfields=name --relation=fa_users --relationmode=belongsto --relationforeignkey=uid --relationprimarykey=id --relationfields=phone','Build Successed',1634193996,1634193996,1634193996,'successed'),(17,'crud','[\"--force=1\",\"--table=fa_draw_record\",\"--fields=id,order_num,account,reality_account,type,status,refuse,create_time,bank_name,bank_number,bank_owner,bank_branch,ali_name,ali_number,ali_image,wx_name,wx_number,wx_image\",\"--relation=fa_currency\",\"--relationmode=belongsto\",\"--relationforeignkey=currency_id\",\"--relationprimarykey=id\",\"--relationfields=name\",\"--relation=fa_users\",\"--relationmode=belongsto\",\"--relationforeignkey=uid\",\"--relationprimarykey=id\",\"--relationfields=phone\"]','php think crud --force=1 --table=fa_draw_record --fields=id,order_num,account,reality_account,type,status,refuse,create_time,bank_name,bank_number,bank_owner,bank_branch,ali_name,ali_number,ali_image,wx_name,wx_number,wx_image --relation=fa_currency --relationmode=belongsto --relationforeignkey=currency_id --relationprimarykey=id --relationfields=name --relation=fa_users --relationmode=belongsto --relationforeignkey=uid --relationprimarykey=id --relationfields=phone','Build Successed',1634194050,1634194050,1634194050,'successed'),(18,'crud','[\"--force=1\",\"--table=fa_commission_record\",\"--fields=id,account,remark,is_freeze,create_time,finish_time\",\"--relation=fa_users\",\"--relationmode=belongsto\",\"--relationforeignkey=uid\",\"--relationprimarykey=id\",\"--relationfields=phone\"]','php think crud --force=1 --table=fa_commission_record --fields=id,account,remark,is_freeze,create_time,finish_time --relation=fa_users --relationmode=belongsto --relationforeignkey=uid --relationprimarykey=id --relationfields=phone','Build Successed',1634194516,1634194516,1634194516,'successed'),(19,'crud','[\"--force=1\",\"--table=fa_commission_record\",\"--fields=id,account,remark,is_freeze,create_time,finish_time\",\"--relation=fa_users\",\"--relationmode=belongsto\",\"--relationforeignkey=uid\",\"--relationprimarykey=id\",\"--relationfields=phone\",\"--relation=fa_anchor\",\"--relationmode=belongsto\",\"--relationforeignkey=anchor_id\",\"--relationprimarykey=id\",\"--relationfields=phone\"]','php think crud --force=1 --table=fa_commission_record --fields=id,account,remark,is_freeze,create_time,finish_time --relation=fa_users --relationmode=belongsto --relationforeignkey=uid --relationprimarykey=id --relationfields=phone --relation=fa_anchor --relationmode=belongsto --relationforeignkey=anchor_id --relationprimarykey=id --relationfields=phone','Build Successed',1634194635,1634194635,1634194635,'successed'),(20,'crud','[\"--force=1\",\"--table=fa_anchor\",\"--fields=id,nick_name,dou_number,phone,homepage_image,chate_image,status\",\"--ignorefields=is_del\",\"--relation=fa_users\",\"--relationmode=belongsto\",\"--relationforeignkey=users_id\",\"--relationprimarykey=id\",\"--relationfields=phone\"]','php think crud --force=1 --table=fa_anchor --fields=id,nick_name,dou_number,phone,homepage_image,chate_image,status --ignorefields=is_del --relation=fa_users --relationmode=belongsto --relationforeignkey=users_id --relationprimarykey=id --relationfields=phone','Build Successed',1634194884,1634194884,1634194884,'successed'),(21,'crud','[\"--force=1\",\"--table=fa_anchor_order\",\"--fields=id,head_phone,order_num,name,phone,telephone,address,goods_name,goods_number,status,logistics_name,logistics_number,create_time\",\"--relation=fa_anchor\",\"--relationmode=belongsto\",\"--relationforeignkey=anchor_id\",\"--relationprimarykey=id\",\"--relationfields=phone\"]','php think crud --force=1 --table=fa_anchor_order --fields=id,head_phone,order_num,name,phone,telephone,address,goods_name,goods_number,status,logistics_name,logistics_number,create_time --relation=fa_anchor --relationmode=belongsto --relationforeignkey=anchor_id --relationprimarykey=id --relationfields=phone','Build Successed',1634196000,1634196000,1634196000,'successed'),(22,'crud','[\"--force=1\",\"--table=fa_anchor_live\",\"--fields=id,head_image,nick_name,dou_number,live_start_time,live_end_time,live_number,live_exposure_count,live_exposure_number,live_total_number,live_total_count,live_max_numer,live_average_number,live_person_average,comment_count,team_add_count,fans_add_count,fans_cancel_count,fans_see_rate,goods_number,goods_exposure_count,goods_see_number,goods_exposure_number,goods_see_count,order_number,order_price,order_count,order_person_number,order_return_count,order_return_price,order_return_number,commisson_price,goods_click_count,goods_click_person,goods_click_success_count,goods_click_success_person,watch_success_count,watch_success_person,pre_sale_count,pre_sale_price,create_time\",\"--relation=fa_anchor\",\"--relationmode=belongsto\",\"--relationforeignkey=anchor_id\",\"--relationprimarykey=id\",\"--relationfields=phone\"]','php think crud --force=1 --table=fa_anchor_live --fields=id,head_image,nick_name,dou_number,live_start_time,live_end_time,live_number,live_exposure_count,live_exposure_number,live_total_number,live_total_count,live_max_numer,live_average_number,live_person_average,comment_count,team_add_count,fans_add_count,fans_cancel_count,fans_see_rate,goods_number,goods_exposure_count,goods_see_number,goods_exposure_number,goods_see_count,order_number,order_price,order_count,order_person_number,order_return_count,order_return_price,order_return_number,commisson_price,goods_click_count,goods_click_person,goods_click_success_count,goods_click_success_person,watch_success_count,watch_success_person,pre_sale_count,pre_sale_price,create_time --relation=fa_anchor --relationmode=belongsto --relationforeignkey=anchor_id --relationprimarykey=id --relationfields=phone','Build Successed',1634537221,1634537221,1634537221,'successed'),(23,'crud','[\"--force=1\",\"--table=fa_anchor_apply\",\"--fields=id,anchor_nickname,anchor_dou_number,anchor_order_name,anchor_order_phone,anchor_order_address,goods_name,goods_number,homepage_image,chate_image,status,create_time\",\"--relation=fa_users\",\"--relationmode=belongsto\",\"--relationforeignkey=uid\",\"--relationprimarykey=id\",\"--relationfields=phone\"]','php think crud --force=1 --table=fa_anchor_apply --fields=id,anchor_nickname,anchor_dou_number,anchor_order_name,anchor_order_phone,anchor_order_address,goods_name,goods_number,homepage_image,chate_image,status,create_time --relation=fa_users --relationmode=belongsto --relationforeignkey=uid --relationprimarykey=id --relationfields=phone','Build Successed',1634896562,1634896562,1634896562,'successed'),(24,'crud','[\"--force=1\",\"--table=fa_goods\",\"--fields=id,name,image,code,price,totla_price,order,is_show\",\"--ignorefields=is_del\"]','php think crud --force=1 --table=fa_goods --fields=id,name,image,code,price,totla_price,order,is_show --ignorefields=is_del','Build Successed',1635237794,1635237794,1635237794,'successed'),(25,'crud','[\"--force=1\",\"--table=fa_anchor_live\",\"--fields=id,head_image,nick_name,dou_number,order_number,rank_id,fans_number,month_live_number,month_live_tou,total_price,total_number,total_count,total_person_number,predict_commission_price,reality_commission_price,live_total_price,live_order_number,duan_total_price,duan_order_number,return_order_number,return_person_number,return_price,send_return_price,send_return_person_number,send_return_order_number,census_time,commission_price,create_time\",\"--relation=fa_anchor\",\"--relationmode=belongsto\",\"--relationforeignkey=anchor_id\",\"--relationprimarykey=id\",\"--relationfields=phone\"]','php think crud --force=1 --table=fa_anchor_live --fields=id,head_image,nick_name,dou_number,order_number,rank_id,fans_number,month_live_number,month_live_tou,total_price,total_number,total_count,total_person_number,predict_commission_price,reality_commission_price,live_total_price,live_order_number,duan_total_price,duan_order_number,return_order_number,return_person_number,return_price,send_return_price,send_return_person_number,send_return_order_number,census_time,commission_price,create_time --relation=fa_anchor --relationmode=belongsto --relationforeignkey=anchor_id --relationprimarykey=id --relationfields=phone','Build Successed',1635300344,1635300344,1635300344,'successed'),(26,'crud','[\"--force=1\",\"--table=fa_product_send\",\"--fields=id,uid,up_number,price,create_time\",\"--relation=fa_users\",\"--relationmode=belongsto\",\"--relationforeignkey=uid\",\"--relationprimarykey=id\",\"--relationfields=phone\",\"--relation=fa_goods\",\"--relationmode=belongsto\",\"--relationforeignkey=goods_id\",\"--relationprimarykey=id\",\"--relationfields=name\"]','php think crud --force=1 --table=fa_product_send --fields=id,uid,up_number,price,create_time --relation=fa_users --relationmode=belongsto --relationforeignkey=uid --relationprimarykey=id --relationfields=phone --relation=fa_goods --relationmode=belongsto --relationforeignkey=goods_id --relationprimarykey=id --relationfields=name','Build Successed',1636337968,1636337968,1636337968,'successed'),(27,'crud','[\"--force=1\",\"--table=fa_product\",\"--fields=id,price,paid_price,status,up_number,create_time,buy_time,is_send\"]','php think crud --force=1 --table=fa_product --fields=id,price,paid_price,status,up_number,create_time,buy_time,is_send','Build Successed',1636342560,1636342560,1636342560,'successed'),(28,'crud','[\"--force=1\",\"--table=fa_banner\",\"--fields=id,image,type,is_show\"]','php think crud --force=1 --table=fa_banner --fields=id,image,type,is_show','Build Successed',1636525248,1636525248,1636525248,'successed'),(29,'crud','[\"--force=1\",\"--table=fa_study_category\",\"--fields=id,name,order,is_show\",\"--ignorefields=is_del\"]','php think crud --force=1 --table=fa_study_category --fields=id,name,order,is_show --ignorefields=is_del','Build Successed',1636525573,1636525573,1636525573,'successed'),(30,'crud','[\"--force=1\",\"--table=fa_study\",\"--fields=id,image,title,desc,order,content,is_show,create_time\",\"--ignorefields=is_del\",\"--relation=fa_study_category\",\"--relationmode=belongsto\",\"--relationforeignkey=study_category_id\",\"--relationprimarykey=id\",\"--relationfields=name\"]','php think crud --force=1 --table=fa_study --fields=id,image,title,desc,order,content,is_show,create_time --ignorefields=is_del --relation=fa_study_category --relationmode=belongsto --relationforeignkey=study_category_id --relationprimarykey=id --relationfields=name','Build Successed',1636525595,1636525595,1636525595,'successed'),(31,'crud','[\"--force=1\",\"--table=fa_award\",\"--fields=id,name,status,field,award_rate,equal_rate,total_rate\"]','php think crud --force=1 --table=fa_award --fields=id,name,status,field,award_rate,equal_rate,total_rate','Build Successed',1636527792,1636527792,1636527792,'successed'),(32,'crud','[\"--force=1\",\"--table=fa_award_recommend\",\"--fields=id,rank_id,rate\",\"--relation=fa_rank\",\"--relationmode=belongsto\",\"--relationforeignkey=rank_id\",\"--relationprimarykey=id\",\"--relationfields=name\"]','php think crud --force=1 --table=fa_award_recommend --fields=id,rank_id,rate --relation=fa_rank --relationmode=belongsto --relationforeignkey=rank_id --relationprimarykey=id --relationfields=name','Build Successed',1636527806,1636527806,1636527806,'successed'),(33,'crud','[\"--force=1\",\"--table=fa_config_remittance\",\"--fields=id,min,max,rate,is_show\",\"--relation=fa_currency\",\"--relationmode=belongsto\",\"--relationforeignkey=currency_id\",\"--relationprimarykey=id\",\"--relationfields=name\"]','php think crud --force=1 --table=fa_config_remittance --fields=id,min,max,rate,is_show --relation=fa_currency --relationmode=belongsto --relationforeignkey=currency_id --relationprimarykey=id --relationfields=name','Build Successed',1636528996,1636528996,1636528997,'successed'),(34,'crud','[\"--force=1\",\"--table=fa_remittance_record\",\"--fields=id,order_num,account,status,create_time,pay_time\",\"--relation=fa_currency\",\"--relationmode=belongsto\",\"--relationforeignkey=currency_id\",\"--relationprimarykey=id\",\"--relationfields=name\",\"--relation=fa_users\",\"--relationmode=belongsto\",\"--relationforeignkey=uid\",\"--relationprimarykey=id\",\"--relationfields=phone\",\"--relation=fa_config_pay\",\"--relationmode=belongsto\",\"--relationforeignkey=config_pay_id\",\"--relationprimarykey=id\",\"--relationfields=name\"]','php think crud --force=1 --table=fa_remittance_record --fields=id,order_num,account,status,create_time,pay_time --relation=fa_currency --relationmode=belongsto --relationforeignkey=currency_id --relationprimarykey=id --relationfields=name --relation=fa_users --relationmode=belongsto --relationforeignkey=uid --relationprimarykey=id --relationfields=phone --relation=fa_config_pay --relationmode=belongsto --relationforeignkey=config_pay_id --relationprimarykey=id --relationfields=name','Build Successed',1636529073,1636529073,1636529073,'successed'),(35,'crud','[\"--force=1\",\"--table=fa_config_pay\",\"--fields=id,name,image,min,max,is_show,order\"]','php think crud --force=1 --table=fa_config_pay --fields=id,name,image,min,max,is_show,order','Build Successed',1636529089,1636529089,1636529089,'successed'),(36,'crud','[\"--force=1\",\"--table=fa_config_transfer\",\"--fields=id,min,max,cardinal_number,rate,is_show\",\"--relation=fa_currency\",\"--relationmode=belongsto\",\"--relationforeignkey=currency_id\",\"--relationprimarykey=id\",\"--relationfields=name\"]','php think crud --force=1 --table=fa_config_transfer --fields=id,min,max,cardinal_number,rate,is_show --relation=fa_currency --relationmode=belongsto --relationforeignkey=currency_id --relationprimarykey=id --relationfields=name','Build Successed',1636531108,1636531108,1636531108,'successed'),(37,'crud','[\"--force=1\",\"--table=fa_transfer_record\",\"--fields=id,account,reality_account,create_time\",\"--relation=fa_users\",\"--relationmode=belongsto\",\"--relationforeignkey=uid\",\"--relationprimarykey=id\",\"--relationfields=phone\"]','php think crud --force=1 --table=fa_transfer_record --fields=id,account,reality_account,create_time --relation=fa_users --relationmode=belongsto --relationforeignkey=uid --relationprimarykey=id --relationfields=phone','Build Successed',1636531126,1636531126,1636531126,'successed'),(38,'crud','[\"--force=1\",\"--table=fa_config_split\",\"--fields=id,number,up_number,is_show\",\"--ignorefields=is_del\"]','php think crud --force=1 --table=fa_config_split --fields=id,number,up_number,is_show --ignorefields=is_del','Build Successed',1636532040,1636532040,1636532040,'successed'),(39,'crud','[\"--force=1\",\"--table=fa_feedback\",\"--fields=id,images,remark,status,create_time\",\"--ignorefields=is_del\",\"--relation=fa_users\",\"--relationmode=belongsto\",\"--relationforeignkey=uid\",\"--relationprimarykey=id\",\"--relationfields=phone\"]','php think crud --force=1 --table=fa_feedback --fields=id,images,remark,status,create_time --ignorefields=is_del --relation=fa_users --relationmode=belongsto --relationforeignkey=uid --relationprimarykey=id --relationfields=phone','Build Successed',1636533496,1636533496,1636533496,'successed'),(40,'crud','[\"--force=1\",\"--table=fa_feedback\",\"--fields=id,images,remark,status,create_time\",\"--relation=fa_users\",\"--relationmode=belongsto\",\"--relationforeignkey=uid\",\"--relationprimarykey=id\",\"--relationfields=phone\"]','php think crud --force=1 --table=fa_feedback --fields=id,images,remark,status,create_time --relation=fa_users --relationmode=belongsto --relationforeignkey=uid --relationprimarykey=id --relationfields=phone','Build Successed',1636533577,1636533577,1636533577,'successed'),(41,'crud','[\"--force=1\",\"--table=fa_feedback\",\"--fields=id,images,remark,status,create_time\",\"--relation=fa_users\",\"--relationmode=belongsto\",\"--relationforeignkey=uid\",\"--relationprimarykey=id\",\"--relationfields=phone\"]','php think crud --force=1 --table=fa_feedback --fields=id,images,remark,status,create_time --relation=fa_users --relationmode=belongsto --relationforeignkey=uid --relationprimarykey=id --relationfields=phone','Build Successed',1636534208,1636534208,1636534208,'successed'),(42,'crud','[\"--force=1\",\"--table=fa_appoint\",\"--fields=id,name,person_count,desc,today_person_count,order,is_show\",\"--ignorefields=is_del\"]','php think crud --force=1 --table=fa_appoint --fields=id,name,person_count,desc,today_person_count,order,is_show --ignorefields=is_del','Build Successed',1636534638,1636534638,1636534638,'successed'),(43,'crud','[\"--force=1\",\"--table=fa_appoint_record\",\"--fields=id,appoint_time,create_time\",\"--ignorefields=is_del\",\"--relation=fa_users\",\"--relationmode=belongsto\",\"--relationforeignkey=uid\",\"--relationprimarykey=id\",\"--relationfields=phone\",\"--relation=fa_appoint\",\"--relationmode=belongsto\",\"--relationforeignkey=appoint_id\",\"--relationprimarykey=id\",\"--relationfields=name\",\"--relation=fa_goods_category\",\"--relationmode=belongsto\",\"--relationforeignkey=goods_category_id\",\"--relationprimarykey=id\",\"--relationfields=name\"]','php think crud --force=1 --table=fa_appoint_record --fields=id,appoint_time,create_time --ignorefields=is_del --relation=fa_users --relationmode=belongsto --relationforeignkey=uid --relationprimarykey=id --relationfields=phone --relation=fa_appoint --relationmode=belongsto --relationforeignkey=appoint_id --relationprimarykey=id --relationfields=name --relation=fa_goods_category --relationmode=belongsto --relationforeignkey=goods_category_id --relationprimarykey=id --relationfields=name','Build Successed',1636534671,1636534671,1636534671,'successed'),(44,'crud','[\"--force=1\",\"--table=fa_rank\",\"--fields=id,name,image,remittance_money,buy_number,total_direct,desc\"]','php think crud --force=1 --table=fa_rank --fields=id,name,image,remittance_money,buy_number,total_direct,desc','Build Successed',1636610209,1636610209,1636610210,'successed'),(45,'crud','[\"--force=1\",\"--table=fa_goods_category\",\"--fields=id,name,image,start_time,end_time,venue_name,desc,order,is_show,buy_number\"]','php think crud --force=1 --table=fa_goods_category --fields=id,name,image,start_time,end_time,venue_name,desc,order,is_show,buy_number','Build Successed',1636610757,1636610757,1636610757,'successed'),(46,'crud','[\"--force=1\",\"--table=fa_goods\",\"--fields=id,name,image,images,price,award_rate,content,order,is_show\",\"--relation=fa_goods_category\",\"--relationmode=belongsto\",\"--relationforeignkey=goods_category_id\",\"--relationprimarykey=id\",\"--relationfields=name\"]','php think crud --force=1 --table=fa_goods --fields=id,name,image,images,price,award_rate,content,order,is_show --relation=fa_goods_category --relationmode=belongsto --relationforeignkey=goods_category_id --relationprimarykey=id --relationfields=name','Build Successed',1636610784,1636610784,1636610784,'successed'),(47,'crud','[\"--force=1\",\"--table=fa_goods\",\"--fields=id,name,image,images,price,award_rate,content,order,is_show,type\",\"--relation=fa_goods_category\",\"--relationmode=belongsto\",\"--relationforeignkey=goods_category_id\",\"--relationprimarykey=id\",\"--relationfields=name\"]','php think crud --force=1 --table=fa_goods --fields=id,name,image,images,price,award_rate,content,order,is_show,type --relation=fa_goods_category --relationmode=belongsto --relationforeignkey=goods_category_id --relationprimarykey=id --relationfields=name','Build Successed',1636612105,1636612105,1636612105,'successed'),(48,'crud','[\"--force=1\",\"--table=fa_orders\",\"--fields=id,order_num,number,price,total_price,status,area,address,name,phone,logistics_name,logistics_number,create_time,pay_time,send_time,is_show,refund_remark,refund_images,refund_time,award_price,type\",\"--relation=fa_goods\",\"--relationmode=belongsto\",\"--relationforeignkey=goods_id\",\"--relationprimarykey=id\",\"--relationfields=name\",\"--relation=fa_users\",\"--relationmode=belongsto\",\"--relationforeignkey=uid\",\"--relationprimarykey=id\",\"--relationfields=phone\"]','php think crud --force=1 --table=fa_orders --fields=id,order_num,number,price,total_price,status,area,address,name,phone,logistics_name,logistics_number,create_time,pay_time,send_time,is_show,refund_remark,refund_images,refund_time,award_price,type --relation=fa_goods --relationmode=belongsto --relationforeignkey=goods_id --relationprimarykey=id --relationfields=name --relation=fa_users --relationmode=belongsto --relationforeignkey=uid --relationprimarykey=id --relationfields=phone','Build Successed',1636613077,1636613077,1636613077,'successed'),(49,'crud','[\"--force=1\",\"--table=fa_product\",\"--fields=id,price,paid_price,status,up_number,create_time,buy_time,is_send,is_show,order,buy_price\",\"--relation=fa_goods\",\"--relationmode=belongsto\",\"--relationforeignkey=goods_id\",\"--relationprimarykey=id\",\"--relationfields=name\",\"--relation=fa_users\",\"--relationmode=belongsto\",\"--relationforeignkey=uid\",\"--relationprimarykey=id\",\"--relationfields=phone\"]','php think crud --force=1 --table=fa_product --fields=id,price,paid_price,status,up_number,create_time,buy_time,is_send,is_show,order,buy_price --relation=fa_goods --relationmode=belongsto --relationforeignkey=goods_id --relationprimarykey=id --relationfields=name --relation=fa_users --relationmode=belongsto --relationforeignkey=uid --relationprimarykey=id --relationfields=phone','Build Successed',1636616316,1636616316,1636616316,'successed'),(50,'crud','[\"--force=1\",\"--table=fa_product_send\",\"--fields=id,up_number,price,paid_price,create_time\",\"--relation=fa_users\",\"--relationmode=belongsto\",\"--relationforeignkey=uid\",\"--relationprimarykey=id\",\"--relationfields=phone\",\"--relation=fa_goods\",\"--relationmode=belongsto\",\"--relationforeignkey=goods_id\",\"--relationprimarykey=id\",\"--relationfields=name\"]','php think crud --force=1 --table=fa_product_send --fields=id,up_number,price,paid_price,create_time --relation=fa_users --relationmode=belongsto --relationforeignkey=uid --relationprimarykey=id --relationfields=phone --relation=fa_goods --relationmode=belongsto --relationforeignkey=goods_id --relationprimarykey=id --relationfields=name','Build Successed',1636616486,1636616486,1636616486,'successed'),(51,'crud','[\"--force=1\",\"--table=fa_product_transfer\",\"--fields=id,create_time\",\"--relation=fa_goods\",\"--relationmode=belongsto\",\"--relationforeignkey=goods_id\",\"--relationprimarykey=id\",\"--relationfields=name\",\"--relation=fa_users\",\"--relationmode=belongsto\",\"--relationforeignkey=uid\",\"--relationprimarykey=id\",\"--relationfields=phone\",\"--relation=fa_product_orders\",\"--relationmode=belongsto\",\"--relationforeignkey=order_id\",\"--relationprimarykey=id\",\"--relationfields=order_num\"]','php think crud --force=1 --table=fa_product_transfer --fields=id,create_time --relation=fa_goods --relationmode=belongsto --relationforeignkey=goods_id --relationprimarykey=id --relationfields=name --relation=fa_users --relationmode=belongsto --relationforeignkey=uid --relationprimarykey=id --relationfields=phone --relation=fa_product_orders --relationmode=belongsto --relationforeignkey=order_id --relationprimarykey=id --relationfields=order_num','Build Successed',1636621784,1636621784,1636621784,'successed'),(52,'crud','[\"--force=1\",\"--table=fa_product_orders\",\"--fields=id,order_num,price,paid_price,pay_image,status,create_time,pay_time,pay_end_time,punish_time,confirm_time,confirm_end_time,appeal_remark,appeal_images,buy_price\",\"--relation=fa_goods\",\"--relationmode=belongsto\",\"--relationforeignkey=goods_id\",\"--relationprimarykey=id\",\"--relationfields=name\",\"--relation=fa_product\",\"--relationmode=belongsto\",\"--relationforeignkey=product_id\",\"--relationprimarykey=id\",\"--relationfields=order_num\",\"--relation=fa_goods_category\",\"--relationmode=belongsto\",\"--relationforeignkey=goods_category_id\",\"--relationprimarykey=id\",\"--relationfields=name\",\"--relation=fa_address\",\"--relationmode=belongsto\",\"--relationforeignkey=buy_uid\",\"--relationprimarykey=id\",\"--relationfields=phone\"]','php think crud --force=1 --table=fa_product_orders --fields=id,order_num,price,paid_price,pay_image,status,create_time,pay_time,pay_end_time,punish_time,confirm_time,confirm_end_time,appeal_remark,appeal_images,buy_price --relation=fa_goods --relationmode=belongsto --relationforeignkey=goods_id --relationprimarykey=id --relationfields=name --relation=fa_product --relationmode=belongsto --relationforeignkey=product_id --relationprimarykey=id --relationfields=order_num --relation=fa_goods_category --relationmode=belongsto --relationforeignkey=goods_category_id --relationprimarykey=id --relationfields=name --relation=fa_address --relationmode=belongsto --relationforeignkey=buy_uid --relationprimarykey=id --relationfields=phone','Build Successed',1636626712,1636626712,1636626713,'successed'),(53,'crud','[\"--force=1\",\"--table=fa_product\",\"--fields=id,order_num,price,paid_price,status,up_number,create_time,buy_time,is_send,is_show,order,buy_price\",\"--relation=fa_goods\",\"--relationmode=belongsto\",\"--relationforeignkey=goods_id\",\"--relationprimarykey=id\",\"--relationfields=name\",\"--relation=fa_users\",\"--relationmode=belongsto\",\"--relationforeignkey=uid\",\"--relationprimarykey=id\",\"--relationfields=phone\"]','php think crud --force=1 --table=fa_product --fields=id,order_num,price,paid_price,status,up_number,create_time,buy_time,is_send,is_show,order,buy_price --relation=fa_goods --relationmode=belongsto --relationforeignkey=goods_id --relationprimarykey=id --relationfields=name --relation=fa_users --relationmode=belongsto --relationforeignkey=uid --relationprimarykey=id --relationfields=phone','Build Successed',1636626764,1636626764,1636626764,'successed'),(54,'crud','[\"--force=1\",\"--table=fa_luck\",\"--fields=id,name,image,type,award_account,order,cardinal_number,is_show\",\"--ignorefields=is_del\"]','php think crud --force=1 --table=fa_luck --fields=id,name,image,type,award_account,order,cardinal_number,is_show --ignorefields=is_del','Build Successed',1636629426,1636629426,1636629426,'successed'),(55,'crud','[\"--force=1\",\"--table=fa_luck_record\",\"--fields=id,award_type,create_time\",\"--ignorefields=is_del\",\"--relation=fa_luck\",\"--relationmode=belongsto\",\"--relationforeignkey=luck_id\",\"--relationprimarykey=id\",\"--relationfields=name\"]','php think crud --force=1 --table=fa_luck_record --fields=id,award_type,create_time --ignorefields=is_del --relation=fa_luck --relationmode=belongsto --relationforeignkey=luck_id --relationprimarykey=id --relationfields=name','Build Successed',1636629449,1636629449,1636629450,'successed'),(56,'crud','[\"--force=1\",\"--table=fa_goods\",\"--fields=id,name,title,image,images,price,type,content,order,start_time,end_time,stock,sales,surplus,company_name,company_image,creator,owner,casting_name,casting_time,blockchain,contract_address,is_show\",\"--ignorefields=is_del\"]','php think crud --force=1 --table=fa_goods --fields=id,name,title,image,images,price,type,content,order,start_time,end_time,stock,sales,surplus,company_name,company_image,creator,owner,casting_name,casting_time,blockchain,contract_address,is_show --ignorefields=is_del','Build Successed',1637203203,1637203203,1637203204,'successed'),(57,'crud','[\"--force=1\",\"--table=fa_goods_config\",\"--fields=id,stock,sales,surplus,is_show\",\"--relation=fa_goods\",\"--relationmode=belongsto\",\"--relationforeignkey=combination_goods_id\",\"--relationprimarykey=id\",\"--relationfields=name\"]','php think crud --force=1 --table=fa_goods_config --fields=id,stock,sales,surplus,is_show --relation=fa_goods --relationmode=belongsto --relationforeignkey=combination_goods_id --relationprimarykey=id --relationfields=name','Build Successed',1637204295,1637204295,1637204295,'successed'),(58,'crud','[\"--force=1\",\"--table=fa_goods_users\",\"--fields=id,goods_number,price,status,is_show,create_time,order\",\"--relation=fa_users\",\"--relationmode=belongsto\",\"--relationforeignkey=uid\",\"--relationprimarykey=id\",\"--relationfields=phone\",\"--relation=fa_goods\",\"--relationmode=belongsto\",\"--relationforeignkey=goods_id\",\"--relationprimarykey=id\",\"--relationfields=name\"]','php think crud --force=1 --table=fa_goods_users --fields=id,goods_number,price,status,is_show,create_time,order --relation=fa_users --relationmode=belongsto --relationforeignkey=uid --relationprimarykey=id --relationfields=phone --relation=fa_goods --relationmode=belongsto --relationforeignkey=goods_id --relationprimarykey=id --relationfields=name','Build Successed',1637205497,1637205497,1637205497,'successed'),(59,'crud','[\"--force=1\",\"--table=fa_orders\",\"--fields=id,order_num,goods_num,price,status,pay_type,pay_time,create_time\",\"--relation=fa_goods\",\"--relationmode=belongsto\",\"--relationforeignkey=goods_id\",\"--relationprimarykey=id\",\"--relationfields=name\",\"--relation=fa_users\",\"--relationmode=belongsto\",\"--relationforeignkey=sale_uid\",\"--relationprimarykey=id\",\"--relationfields=phone\"]','php think crud --force=1 --table=fa_orders --fields=id,order_num,goods_num,price,status,pay_type,pay_time,create_time --relation=fa_goods --relationmode=belongsto --relationforeignkey=goods_id --relationprimarykey=id --relationfields=name --relation=fa_users --relationmode=belongsto --relationforeignkey=sale_uid --relationprimarykey=id --relationfields=phone','Build Successed',1637205534,1637205534,1637205534,'successed'),(60,'crud','[\"--force=1\",\"--table=fa_coupon\",\"--fields=id,name,image,desc,money,day\",\"--ignorefields=is_del\"]','php think crud --force=1 --table=fa_coupon --fields=id,name,image,desc,money,day --ignorefields=is_del','Build Successed',1637751623,1637751623,1637751623,'successed'),(61,'crud','[\"--force=1\",\"--table=fa_users_coupon\",\"--fields=id,order_num,status,create_time,valid_time,end_time,use_time\",\"--ignorefields=is_del\",\"--relation=fa_users\",\"--relationmode=belongsto\",\"--relationforeignkey=uid\",\"--relationprimarykey=id\",\"--relationfields=phone\",\"--relation=fa_coupon\",\"--relationmode=belongsto\",\"--relationforeignkey=coupon_id\",\"--relationprimarykey=id\",\"--relationfields=name\"]','php think crud --force=1 --table=fa_users_coupon --fields=id,order_num,status,create_time,valid_time,end_time,use_time --ignorefields=is_del --relation=fa_users --relationmode=belongsto --relationforeignkey=uid --relationprimarykey=id --relationfields=phone --relation=fa_coupon --relationmode=belongsto --relationforeignkey=coupon_id --relationprimarykey=id --relationfields=name','Build Successed',1637751658,1637751658,1637751658,'successed'),(62,'crud','[\"--force=1\",\"--table=fa_users\",\"--fields=id,nick_name,head_image,phone,status,total_direct,group_person_count,parent_member,create_time,is_auth,name,card,account,wallet_address,wallet_private_key,wx_opend_id,wx_samll_id,wx_union_id,card_front_image,card_back_image,is_bank,is_ali,is_wx\",\"--relation=fa_role\",\"--relationmode=belongsto\",\"--relationforeignkey=role_id\",\"--relationprimarykey=id\",\"--relationfields=name\"]','php think crud --force=1 --table=fa_users --fields=id,nick_name,head_image,phone,status,total_direct,group_person_count,parent_member,create_time,is_auth,name,card,account,wallet_address,wallet_private_key,wx_opend_id,wx_samll_id,wx_union_id,card_front_image,card_back_image,is_bank,is_ali,is_wx --relation=fa_role --relationmode=belongsto --relationforeignkey=role_id --relationprimarykey=id --relationfields=name','Build Successed',1637921191,1637921191,1637921191,'successed'),(63,'crud','[\"--force=1\",\"--table=fa_users\",\"--fields=id,nick_name,head_image,phone,status,total_direct,group_person_count,parent_member,create_time,is_auth,name,card,account,wallet_address,wallet_private_key,wx_opend_id,wx_samll_id,wx_union_id,card_front_image,card_back_image,is_bank,is_ali,is_wx\",\"--relation=fa_role\",\"--relationmode=belongsto\",\"--relationforeignkey=role_id\",\"--relationprimarykey=id\",\"--relationfields=name\"]','php think crud --force=1 --table=fa_users --fields=id,nick_name,head_image,phone,status,total_direct,group_person_count,parent_member,create_time,is_auth,name,card,account,wallet_address,wallet_private_key,wx_opend_id,wx_samll_id,wx_union_id,card_front_image,card_back_image,is_bank,is_ali,is_wx --relation=fa_role --relationmode=belongsto --relationforeignkey=role_id --relationprimarykey=id --relationfields=name','Build Successed',1637921279,1637921279,1637921279,'successed'),(64,'crud','[\"--force=1\",\"--table=fa_goods_transfer\",\"--fields=id,price,create_time\",\"--relation=fa_users\",\"--relationmode=belongsto\",\"--relationforeignkey=uid\",\"--relationprimarykey=id\",\"--relationfields=phone\",\"--relation=fa_goods\",\"--relationmode=belongsto\",\"--relationforeignkey=goods_id\",\"--relationprimarykey=id\",\"--relationfields=name\"]','php think crud --force=1 --table=fa_goods_transfer --fields=id,price,create_time --relation=fa_users --relationmode=belongsto --relationforeignkey=uid --relationprimarykey=id --relationfields=phone --relation=fa_goods --relationmode=belongsto --relationforeignkey=goods_id --relationprimarykey=id --relationfields=name','Build Successed',1638932076,1638932076,1638932076,'successed'),(65,'crud','[\"--force=1\",\"--table=fa_goods_category\",\"--fields=id,name,image,order,is_show\",\"--ignorefields=is_del\"]','php think crud --force=1 --table=fa_goods_category --fields=id,name,image,order,is_show --ignorefields=is_del','Build Successed',1639016440,1639016440,1639016440,'successed'),(66,'crud','[\"--force=1\",\"--table=fa_goods_send\",\"--fields=id,price,create_time\",\"--relation=fa_goods\",\"--relationmode=belongsto\",\"--relationforeignkey=goods_id\",\"--relationprimarykey=id\",\"--relationfields=name\",\"--relation=fa_users\",\"--relationmode=belongsto\",\"--relationforeignkey=uid\",\"--relationprimarykey=id\",\"--relationfields=phone\"]','php think crud --force=1 --table=fa_goods_send --fields=id,price,create_time --relation=fa_goods --relationmode=belongsto --relationforeignkey=goods_id --relationprimarykey=id --relationfields=name --relation=fa_users --relationmode=belongsto --relationforeignkey=uid --relationprimarykey=id --relationfields=phone','Build Successed',1649230167,1649230167,1649230167,'successed'),(67,'crud','[\"--force=1\",\"--table=fa_award\",\"--fields=id,name,status,total_number\",\"--relation=fa_goods\",\"--relationmode=belongsto\",\"--relationforeignkey=goods_id\",\"--relationprimarykey=id\",\"--relationfields=name\"]','php think crud --force=1 --table=fa_award --fields=id,name,status,total_number --relation=fa_goods --relationmode=belongsto --relationforeignkey=goods_id --relationprimarykey=id --relationfields=name','Build Successed',1649231058,1649231058,1649231058,'successed'),(68,'crud','[\"--force=1\",\"--table=fa_award_record\",\"--fields=id,price,create_time\",\"--relation=fa_users\",\"--relationmode=belongsto\",\"--relationforeignkey=uid\",\"--relationprimarykey=id\",\"--relationfields=phone\",\"--relation=fa_goods\",\"--relationmode=belongsto\",\"--relationforeignkey=goods_id\",\"--relationprimarykey=id\",\"--relationfields=name\"]','php think crud --force=1 --table=fa_award_record --fields=id,price,create_time --relation=fa_users --relationmode=belongsto --relationforeignkey=uid --relationprimarykey=id --relationfields=phone --relation=fa_goods --relationmode=belongsto --relationforeignkey=goods_id --relationprimarykey=id --relationfields=name','Build Successed',1649231210,1649231210,1649231210,'successed'),(69,'crud','[\"--force=1\",\"--table=fa_award_record\",\"--fields=id,price,create_time\",\"--relation=fa_users\",\"--relationmode=belongsto\",\"--relationforeignkey=uid\",\"--relationprimarykey=id\",\"--relationfields=phone\",\"--relation=fa_goods\",\"--relationmode=belongsto\",\"--relationforeignkey=goods_id\",\"--relationprimarykey=id\",\"--relationfields=name\"]','php think crud --force=1 --table=fa_award_record --fields=id,price,create_time --relation=fa_users --relationmode=belongsto --relationforeignkey=uid --relationprimarykey=id --relationfields=phone --relation=fa_goods --relationmode=belongsto --relationforeignkey=goods_id --relationprimarykey=id --relationfields=name','Build Successed',1649231211,1649231211,1649231211,'successed'),(70,'crud','[\"--force=1\",\"--table=fa_notice\",\"--fields=id,title,image,desc,order,content,create_time,is_show\",\"--ignorefields=is_del\"]','php think crud --force=1 --table=fa_notice --fields=id,title,image,desc,order,content,create_time,is_show --ignorefields=is_del','Build Successed',1649231580,1649231580,1649231580,'successed'),(71,'crud','[\"--force=1\",\"--table=fa_calendar\",\"--fields=id,start_time,order,is_show\",\"--ignorefields=is_del\"]','php think crud --force=1 --table=fa_calendar --fields=id,start_time,order,is_show --ignorefields=is_del','Build Successed',1649298117,1649298117,1649298117,'successed'),(72,'crud','[\"--force=1\",\"--table=fa_calendar_goods\",\"--fields=id,order,is_show\",\"--ignorefields=is_del\",\"--relation=fa_goods\",\"--relationmode=belongsto\",\"--relationforeignkey=goods_id\",\"--relationprimarykey=id\",\"--relationfields=name\",\"--relation=fa_calendar\",\"--relationmode=belongsto\",\"--relationforeignkey=calendar_id\",\"--relationprimarykey=id\",\"--relationfields=start_time\"]','php think crud --force=1 --table=fa_calendar_goods --fields=id,order,is_show --ignorefields=is_del --relation=fa_goods --relationmode=belongsto --relationforeignkey=goods_id --relationprimarykey=id --relationfields=name --relation=fa_calendar --relationmode=belongsto --relationforeignkey=calendar_id --relationprimarykey=id --relationfields=start_time','Build Successed',1649298151,1649298151,1649298151,'successed'),(73,'crud','[\"--force=1\",\"--table=fa_calendar_goods\",\"--fields=id,order,is_show\",\"--ignorefields=is_del\",\"--relation=fa_goods\",\"--relationmode=belongsto\",\"--relationforeignkey=goods_id\",\"--relationprimarykey=id\",\"--relationfields=name\",\"--relation=fa_calendar\",\"--relationmode=belongsto\",\"--relationforeignkey=calendar_id\",\"--relationprimarykey=id\",\"--relationfields=start_time\"]','php think crud --force=1 --table=fa_calendar_goods --fields=id,order,is_show --ignorefields=is_del --relation=fa_goods --relationmode=belongsto --relationforeignkey=goods_id --relationprimarykey=id --relationfields=name --relation=fa_calendar --relationmode=belongsto --relationforeignkey=calendar_id --relationprimarykey=id --relationfields=start_time','Build Successed',1659712443,1659712443,1659712443,'successed');
/*!40000 ALTER TABLE `fa_command` ENABLE KEYS */;
UNLOCK TABLES;

--
-- Table structure for table `fa_config`
--

DROP TABLE IF EXISTS `fa_config`;
/*!40101 SET @saved_cs_client     = @@character_set_client */;
/*!50503 SET character_set_client = utf8 */;
CREATE TABLE `fa_config` (
  `id` int unsigned NOT NULL AUTO_INCREMENT,
  `name` varchar(30) CHARACTER SET utf8 COLLATE utf8_unicode_ci DEFAULT '' COMMENT '变量名',
  `group` varchar(30) CHARACTER SET utf8 COLLATE utf8_unicode_ci DEFAULT '' COMMENT '分组',
  `title` varchar(100) CHARACTER SET utf8 COLLATE utf8_unicode_ci DEFAULT '' COMMENT '变量标题',
  `tip` varchar(100) CHARACTER SET utf8 COLLATE utf8_unicode_ci DEFAULT '' COMMENT '变量描述',
  `type` varchar(30) CHARACTER SET utf8 COLLATE utf8_unicode_ci DEFAULT '' COMMENT '类型:string,text,int,bool,array,datetime,date,file',
  `value` text CHARACTER SET utf8 COLLATE utf8_unicode_ci COMMENT '变量值',
  `content` text CHARACTER SET utf8 COLLATE utf8_unicode_ci COMMENT '变量字典数据',
  `rule` varchar(100) CHARACTER SET utf8 COLLATE utf8_unicode_ci DEFAULT '' COMMENT '验证规则',
  `extend` varchar(255) CHARACTER SET utf8 COLLATE utf8_unicode_ci DEFAULT '' COMMENT '扩展属性',
  `setting` varchar(255) CHARACTER SET utf8 COLLATE utf8_unicode_ci DEFAULT '' COMMENT '配置',
  PRIMARY KEY (`id`) USING BTREE,
  UNIQUE KEY `name` (`name`) USING BTREE
) ENGINE=MyISAM AUTO_INCREMENT=143 DEFAULT CHARSET=utf8 COLLATE=utf8_unicode_ci ROW_FORMAT=DYNAMIC COMMENT='系统配置';
/*!40101 SET character_set_client = @saved_cs_client */;

--
-- Dumping data for table `fa_config`
--

LOCK TABLES `fa_config` WRITE;
/*!40000 ALTER TABLE `fa_config` DISABLE KEYS */;
INSERT INTO `fa_config` VALUES (1,'name','basic','Site name','请填写站点名称','string','诚正数藏','','required','',NULL),(2,'beian','basic','Beian','粤ICP备15000000号-1','string','赣ICP备2022005980号','','','',NULL),(3,'cdnurl','basic1','Cdn url','如果全站静态资源使用第三方云储存请配置该值','string','','','','',NULL),(4,'version','basic1','Version','如果静态资源有变动请重新配置该值','string','1.0.5','','required','',NULL),(5,'timezone','basic1','Timezone','','string','Asia/Shanghai','','required','',NULL),(6,'forbiddenip','basic1','Forbidden ip','一行一条记录','text','','','','',NULL),(7,'languages','basic','Languages','','array','{\"backend\":\"zh-cn\",\"frontend\":\"zh-cn\"}','','required','',NULL),(8,'fixedpage','basic','Fixed page','请尽量输入左侧菜单栏存在的链接','string','dashboard','','required','',NULL),(9,'categorytype','dictionary','Category type','','array','{\"default\":\"默认\",\"page\":\"单页\",\"article\":\"文章\",\"test\":\"Test\"}','','','',NULL),(10,'configgroup','dictionary','Config group','','array','{\"basic\":\"基础配置\",\"dictionary\":\"字典配置\",\"contents\":\"文本协议\",\"Ali\":\"支付宝配置\",\"Wx\":\"微信配置\",\"contact\":\"联系我们\",\"goods\":\"藏品设置\",\"compose\":\"合成配置\",\"beckoning\":\"阿里云身份证手机号姓名验证\",\"wenchangchain\":\"文昌链配置\",\"timeconfiguration\":\"优先购时间配置\"}','','','',NULL),(11,'mail_type','email','Mail type','选择邮件发送方式','select','1','[\"请选择\",\"SMTP\"]','','',NULL),(12,'mail_smtp_host','email','Mail smtp host','错误的配置发送邮件会导致服务器超时','string','smtp.qq.com','','','',NULL),(13,'mail_smtp_port','email','Mail smtp port','(不加密默认25,SSL默认465,TLS默认587)','string','465','','','',NULL),(14,'mail_smtp_user','email','Mail smtp user','（填写完整用户名）','string','1129205956@qq.com','','','',NULL),(15,'mail_smtp_pass','email','Mail smtp password','（填写您的密码或授权码）','string','dpauixlvnlwqicff','','','',NULL),(16,'mail_verify_type','email','Mail vertify type','（SMTP验证方式[推荐SSL]）','select','2','[\"无\",\"TLS\",\"SSL\"]','','',NULL),(17,'mail_from','email','Mail from','','string','1129205956@qq.com','','','',NULL),(18,'attachmentcategory','dictionary','Attachment category','','array','{\"category1\":\"分类一\",\"category2\":\"分类二\",\"custom\":\"自定义\"}','','','',NULL),(19,'default_image','basic','默认头像','','images','/uploads/20220817/8830fddf33df7e3feb1806be1e7fe663.png','','','','{\"table\":\"\",\"conditions\":\"\",\"key\":\"\",\"value\":\"\"}'),(20,'users_content','contents','用户协议','','editor','<div><p class=\"MsoNormal\" style=\"text-indent:44.0000pt;mso-char-indent-count:2.0000;\"><span style=\"mso-spacerun:\'yes\';font-family:Calibri;mso-fareast-font-family:宋体;\r\nmso-bidi-font-family:\'Times New Roman\';font-size:22.0000pt;mso-font-kerning:1.0000pt;\"><font face=\"宋体\"><span style=\"font-size: 18px;\">在此特别提醒您（用户）在注册成为用户之前，请认真阅读本《用户协议》（以下简称</span></font><font face=\"Calibri\"><span style=\"font-size: 18px;\">“</span></font><font face=\"宋体\"><span style=\"font-size: 18px;\">协议</span></font><font face=\"Calibri\"><span style=\"font-size: 18px;\">”</span></font><font face=\"宋体\"><span style=\"font-size: 18px;\">），确保您充分理解本协议中各条款。请您审慎阅读并选择接受或不接受本协议。您的注册、登录、使用等行为将视为对本协议的接受，并同意接受本协议各项条款的约束。本协议约定</span></font></span><span style=\"font-family: 宋体; font-size: 18px;\"><font face=\"宋体\">宜春藏文网络</font></span><span style=\"mso-spacerun:\'yes\';font-family:Calibri;mso-fareast-font-family:宋体;\r\nmso-bidi-font-family:\'Times New Roman\';font-size:22.0000pt;mso-font-kerning:1.0000pt;\"><font face=\"宋体\"><span style=\"font-size: 18px;\">科技有限公司（以下简称</span></font><font face=\"Calibri\"><span style=\"font-size: 18px;\">“</span></font></span><span style=\"font-family: 宋体; font-size: 18px;\"><font face=\"宋体\">藏文</font></span><span style=\"mso-spacerun:\'yes\';font-family:Calibri;mso-fareast-font-family:宋体;\r\nmso-bidi-font-family:\'Times New Roman\';font-size:22.0000pt;mso-font-kerning:1.0000pt;\"><font face=\"Calibri\"><span style=\"font-size: 18px;\">”</span></font><font face=\"宋体\"><span style=\"font-size: 18px;\">）与用户之间关于</span></font><font face=\"Calibri\"><span style=\"font-size: 18px;\">“</span></font></span><span style=\"font-family: 宋体; font-size: 18px;\"><font face=\"宋体\">诚正</font></span><span style=\"mso-spacerun:\'yes\';font-family:Calibri;mso-fareast-font-family:宋体;\r\nmso-bidi-font-family:\'Times New Roman\';font-size:22.0000pt;mso-font-kerning:1.0000pt;\"><font face=\"Calibri\"><span style=\"font-size: 18px;\">”</span></font><font face=\"宋体\"><span style=\"font-size: 18px;\">软件服务（以下简称</span></font><font face=\"Calibri\"><span style=\"font-size: 18px;\">“</span></font><font face=\"宋体\"><span style=\"font-size: 18px;\">服务</span></font><font face=\"Calibri\"><span style=\"font-size: 18px;\">“</span></font><font face=\"宋体\"><span style=\"font-size: 18px;\">）的权利义务。</span></font><font face=\"Calibri\"><span style=\"font-size: 18px;\">“</span></font><font face=\"宋体\"><span style=\"font-size: 18px;\">用户</span></font><font face=\"Calibri\"><span style=\"font-size: 18px;\">”</span></font><font face=\"宋体\"><span style=\"font-size: 18px;\">是指注册、登录、使用本服务的个人。本协议可由</span></font></span><span style=\"font-family: 宋体; font-size: 18px;\"><font face=\"宋体\">诚正</font></span><span style=\"mso-spacerun:\'yes\';font-family:Calibri;mso-fareast-font-family:宋体;\r\nmso-bidi-font-family:\'Times New Roman\';font-size:22.0000pt;mso-font-kerning:1.0000pt;\"><font face=\"宋体\"><span style=\"font-size: 18px;\">随时更新，更新后的协议条款一旦公布即代替原来的协议条款，恕不再另行通知，用户可在本</span></font><span style=\"font-size: 18px;\">APP</span><font face=\"宋体\"><span style=\"font-size: 18px;\">中查阅最新版协议条款。在修改协议条款后，如果用户不接受修改后的条款，请立即停止使用</span></font></span><span style=\"font-family: 宋体; font-size: 18px;\"><font face=\"宋体\">藏文</font></span><span style=\"mso-spacerun:\'yes\';font-family:Calibri;mso-fareast-font-family:宋体;\r\nmso-bidi-font-family:\'Times New Roman\';font-size:22.0000pt;mso-font-kerning:1.0000pt;\"><font face=\"宋体\"><span style=\"font-size: 18px;\">提供的服务，用户继续使用服务将被视为接受修改后的协议。</span></font><span style=\"font-size: 18px;\"> &nbsp;</span></span><span style=\"mso-spacerun:\'yes\';font-family:Calibri;mso-fareast-font-family:宋体;\r\nmso-bidi-font-family:\'Times New Roman\';font-size:22.0000pt;mso-font-kerning:1.0000pt;\"><o:p></o:p></span></p><p class=\"MsoNormal\" style=\"margin-left:10.5000pt;mso-para-margin-left:0.0000gd;text-indent:0.0000pt;\r\nmso-char-indent-count:0.0000;mso-list:l5 level1 lfo1;\"><!--[if !supportLists]--><span style=\"font-family: 宋体; font-size: 18px;\">一、</span><!--[endif]--><span style=\"font-family: Calibri; font-size: 18px;\"><font face=\"宋体\">账号注册</font></span><span style=\"mso-spacerun:\'yes\';font-family:Calibri;mso-fareast-font-family:宋体;\r\nmso-bidi-font-family:\'Times New Roman\';font-size:22.0000pt;mso-font-kerning:1.0000pt;\"><o:p></o:p></span></p><p class=\"MsoNormal\" style=\"margin-left:10.5000pt;mso-para-margin-left:0.0000gd;mso-list:l1 level1 lfo2;\"><!--[if !supportLists]--><span style=\"font-family: Calibri; font-size: 18px;\">1、</span><!--[endif]--><span style=\"mso-spacerun:\'yes\';font-family:Calibri;mso-fareast-font-family:宋体;\r\nmso-bidi-font-family:\'Times New Roman\';font-size:22.0000pt;mso-font-kerning:1.0000pt;\"><font face=\"宋体\"><span style=\"font-size: 18px;\">用户在使用本服务前需要注册一个</span></font><font face=\"Calibri\"><span style=\"font-size: 18px;\">“</span></font></span><span style=\"font-family: 宋体; font-size: 18px;\"><font face=\"宋体\">诚正</font></span><span style=\"mso-spacerun:\'yes\';font-family:Calibri;mso-fareast-font-family:宋体;\r\nmso-bidi-font-family:\'Times New Roman\';font-size:22.0000pt;mso-font-kerning:1.0000pt;\"><font face=\"Calibri\"><span style=\"font-size: 18px;\">”</span></font><font face=\"宋体\"><span style=\"font-size: 18px;\">账号。</span></font><font face=\"Calibri\"><span style=\"font-size: 18px;\">“</span></font></span><span style=\"font-family: 宋体; font-size: 18px;\"><font face=\"宋体\">诚正</font></span><span style=\"mso-spacerun:\'yes\';font-family:Calibri;mso-fareast-font-family:宋体;\r\nmso-bidi-font-family:\'Times New Roman\';font-size:22.0000pt;mso-font-kerning:1.0000pt;\"><font face=\"Calibri\"><span style=\"font-size: 18px;\">”</span></font><font face=\"宋体\"><span style=\"font-size: 18px;\">账号应当使用手机号码绑定注册，请用户使用尚未与</span></font><font face=\"Calibri\"><span style=\"font-size: 18px;\">“</span></font></span><span style=\"font-family: 宋体; font-size: 18px;\"><font face=\"宋体\">诚正</font></span><span style=\"mso-spacerun:\'yes\';font-family:Calibri;mso-fareast-font-family:宋体;\r\nmso-bidi-font-family:\'Times New Roman\';font-size:22.0000pt;mso-font-kerning:1.0000pt;\"><font face=\"Calibri\"><span style=\"font-size: 18px;\">”</span></font><font face=\"宋体\"><span style=\"font-size: 18px;\">账号绑定的手机号码，以及未被服务根据本协议封禁的手机号码注册</span></font><font face=\"Calibri\"><span style=\"font-size: 18px;\">“</span></font></span><span style=\"font-family: 宋体; font-size: 18px;\"><font face=\"宋体\">诚正</font></span><span style=\"mso-spacerun:\'yes\';font-family:Calibri;mso-fareast-font-family:宋体;\r\nmso-bidi-font-family:\'Times New Roman\';font-size:22.0000pt;mso-font-kerning:1.0000pt;\"><font face=\"Calibri\"><span style=\"font-size: 18px;\">”</span></font><font face=\"宋体\"><span style=\"font-size: 18px;\">账号。服务可以根据用户需求或产品需要对账号注册和绑定的方式进行变更，而无须事先通知用户。 </span></font></span><span style=\"mso-spacerun:\'yes\';font-family:Calibri;mso-fareast-font-family:宋体;\r\nmso-bidi-font-family:\'Times New Roman\';font-size:22.0000pt;mso-font-kerning:1.0000pt;\"><o:p></o:p></span></p><p class=\"MsoNormal\" style=\"margin-left:10.5000pt;mso-para-margin-left:0.0000gd;mso-list:l1 level1 lfo2;\"><!--[if !supportLists]--><span style=\"font-family: Calibri; font-size: 18px;\">2、</span><!--[endif]--><span style=\"font-family: Calibri; font-size: 18px;\"><font face=\"Calibri\">“</font></span><span style=\"font-family: 宋体; font-size: 18px;\"><font face=\"宋体\">诚正</font></span><span style=\"mso-spacerun:\'yes\';font-family:Calibri;mso-fareast-font-family:宋体;\r\nmso-bidi-font-family:\'Times New Roman\';font-size:22.0000pt;mso-font-kerning:1.0000pt;\"><font face=\"Calibri\"><span style=\"font-size: 18px;\">”</span></font><font face=\"宋体\"><span style=\"font-size: 18px;\">系基于</span></font><font face=\"Calibri\"><span style=\"font-size: 18px;\">“</span></font></span><span style=\"font-family: 宋体; font-size: 18px;\"><font face=\"宋体\">藏文</font></span><span style=\"mso-spacerun:\'yes\';font-family:Calibri;mso-fareast-font-family:宋体;\r\nmso-bidi-font-family:\'Times New Roman\';font-size:22.0000pt;mso-font-kerning:1.0000pt;\"><font face=\"Calibri\"><span style=\"font-size: 18px;\">“</span></font><font face=\"宋体\"><span style=\"font-size: 18px;\">的</span></font><font face=\"Calibri\"><span style=\"font-size: 18px;\">APP</span></font><font face=\"宋体\"><span style=\"font-size: 18px;\">产品，用户注册时应当授权</span></font></span><span style=\"font-family: 宋体; font-size: 18px;\"><font face=\"宋体\">诚正</font></span><span style=\"mso-spacerun:\'yes\';font-family:Calibri;mso-fareast-font-family:宋体;\r\nmso-bidi-font-family:\'Times New Roman\';font-size:22.0000pt;mso-font-kerning:1.0000pt;\"><font face=\"宋体\"><span style=\"font-size: 18px;\">及使用其个人信息方可成功注册</span></font><font face=\"Calibri\"><span style=\"font-size: 18px;\">“</span></font></span><span style=\"font-family: 宋体; font-size: 18px;\"><font face=\"宋体\">诚正</font></span><span style=\"mso-spacerun:\'yes\';font-family:Calibri;mso-fareast-font-family:宋体;\r\nmso-bidi-font-family:\'Times New Roman\';font-size:22.0000pt;mso-font-kerning:1.0000pt;\"><font face=\"Calibri\"><span style=\"font-size: 18px;\">”</span></font><font face=\"宋体\"><span style=\"font-size: 18px;\">账号。故用户完成注册即表明用户同意服务提取、公开及使用用户的信息。 </span></font></span><span style=\"mso-spacerun:\'yes\';font-family:Calibri;mso-fareast-font-family:宋体;\r\nmso-bidi-font-family:\'Times New Roman\';font-size:22.0000pt;mso-font-kerning:1.0000pt;\"><o:p></o:p></span></p><p class=\"MsoNormal\" style=\"margin-left:10.5000pt;mso-para-margin-left:0.0000gd;mso-list:l1 level1 lfo2;\"><!--[if !supportLists]--><span style=\"font-family: Calibri; font-size: 18px;\">3、</span><!--[endif]--><span style=\"mso-spacerun:\'yes\';font-family:Calibri;mso-fareast-font-family:宋体;\r\nmso-bidi-font-family:\'Times New Roman\';font-size:22.0000pt;mso-font-kerning:1.0000pt;\"><font face=\"宋体\"><span style=\"font-size: 18px;\">鉴于</span></font><font face=\"Calibri\"><span style=\"font-size: 18px;\">“</span></font></span><span style=\"font-family: 宋体; font-size: 18px;\"><font face=\"宋体\">诚正</font></span><span style=\"mso-spacerun:\'yes\';font-family:Calibri;mso-fareast-font-family:宋体;\r\nmso-bidi-font-family:\'Times New Roman\';font-size:22.0000pt;mso-font-kerning:1.0000pt;\"><font face=\"Calibri\"><span style=\"font-size: 18px;\">”</span></font><font face=\"宋体\"><span style=\"font-size: 18px;\">账号的绑定注册方式，您同意服务在注册时将允许您的手机号码及手机设备识别码等信息用于注册。 </span></font></span><span style=\"mso-spacerun:\'yes\';font-family:Calibri;mso-fareast-font-family:宋体;\r\nmso-bidi-font-family:\'Times New Roman\';font-size:22.0000pt;mso-font-kerning:1.0000pt;\"><o:p></o:p></span></p><p class=\"MsoNormal\" style=\"margin-left:10.5000pt;mso-para-margin-left:0.0000gd;mso-list:l1 level1 lfo2;\"><!--[if !supportLists]--><span style=\"font-family: Calibri; font-size: 18px;\">4、</span><!--[endif]--><span style=\"font-family: Calibri; font-size: 18px;\"><font face=\"宋体\">在用户注册及使用本服务时，</font></span><span style=\"font-family: 宋体; font-size: 18px;\"><font face=\"宋体\">诚正</font></span><span style=\"font-family: Calibri; font-size: 18px;\"><font face=\"宋体\">需要搜集能识别用户身份的个人信息以便服务可以在必要时联系用户，或为用户提供更好的使用体验。</font></span><span style=\"font-family: 宋体; font-size: 18px;\"><font face=\"宋体\">诚正</font></span><span style=\"font-family: Calibri; font-size: 18px;\"><font face=\"宋体\">搜集的信息包括但不限于用户的姓名、地址；</font></span><span style=\"font-family: 宋体; font-size: 18px;\"><font face=\"宋体\">诚正</font></span><span style=\"font-family: Calibri; font-size: 18px;\"><font face=\"宋体\">同意对这些信息的使用将受限于第三条用户个人隐私信息保护的约束。</font></span><span style=\"mso-spacerun:\'yes\';font-family:Calibri;mso-fareast-font-family:宋体;\r\nmso-bidi-font-family:\'Times New Roman\';font-size:22.0000pt;mso-font-kerning:1.0000pt;\"><o:p></o:p></span></p><p class=\"MsoNormal\" style=\"margin-left:10.5000pt;mso-para-margin-left:0.0000gd;text-indent:0.0000pt;\r\nmso-char-indent-count:0.0000;mso-list:l5 level1 lfo1;\"><!--[if !supportLists]--><span style=\"font-family: 宋体; font-size: 18px;\">二、</span><!--[endif]--><span style=\"font-family: Calibri; font-size: 18px;\"><font face=\"宋体\">用户个人隐私信息保护</font></span><span style=\"mso-spacerun:\'yes\';font-family:Calibri;mso-fareast-font-family:宋体;\r\nmso-bidi-font-family:\'Times New Roman\';font-size:22.0000pt;mso-font-kerning:1.0000pt;\"><o:p></o:p></span></p><p class=\"MsoNormal\" style=\"margin-left:10.5000pt;mso-para-margin-left:0.0000gd;mso-list:l8 level1 lfo3;\"><!--[if !supportLists]--><span style=\"font-family: Calibri; font-size: 18px;\">1、</span><!--[endif]--><span style=\"font-family: Calibri; font-size: 18px;\"><font face=\"宋体\">如果</font></span><span style=\"font-family: 宋体; font-size: 18px;\"><font face=\"宋体\">诚正</font></span><span style=\"font-family: Calibri; font-size: 18px;\"><font face=\"宋体\">发现或收到他人举报或投诉用户违反本协议约定的，</font></span><span style=\"font-family: 宋体; font-size: 18px;\"><font face=\"宋体\">诚正</font></span><span style=\"mso-spacerun:\'yes\';font-family:Calibri;mso-fareast-font-family:宋体;\r\nmso-bidi-font-family:\'Times New Roman\';font-size:22.0000pt;mso-font-kerning:1.0000pt;\"><font face=\"宋体\"><span style=\"font-size: 18px;\">有权不经通知随时对相关内容，包括但不限于用户资料、发贴记录进行审查、删除，并视情节轻重对违规账号处以包括但不限于警告、账号封禁</span></font><span style=\"font-size: 18px;\"> </span><font face=\"宋体\"><span style=\"font-size: 18px;\">、设备封禁</span></font><span style=\"font-size: 18px;\"> </span><font face=\"宋体\"><span style=\"font-size: 18px;\">、功能封禁</span></font><span style=\"font-size: 18px;\"> </span><font face=\"宋体\"><span style=\"font-size: 18px;\">的处罚，且通知用户处理结果。</span></font><span style=\"font-size: 18px;\"> </span></span><span style=\"mso-spacerun:\'yes\';font-family:Calibri;mso-fareast-font-family:宋体;\r\nmso-bidi-font-family:\'Times New Roman\';font-size:22.0000pt;mso-font-kerning:1.0000pt;\"><o:p></o:p></span></p><p class=\"MsoNormal\" style=\"margin-left:10.5000pt;mso-para-margin-left:0.0000gd;mso-list:l8 level1 lfo3;\"><!--[if !supportLists]--><span style=\"font-family: Calibri; font-size: 18px;\">2、</span><!--[endif]--><span style=\"font-family: Calibri; font-size: 18px;\"><font face=\"宋体\">因违反用户协议被封禁的用户，可以自行与</font></span><span style=\"font-family: 宋体; font-size: 18px;\"><font face=\"宋体\">诚正</font></span><span style=\"font-family: Calibri; font-size: 18px;\"><font face=\"宋体\">联系。其中，被实施功能封禁的用户会在封禁期届满后自动恢复被封禁功能。被封禁用户可提交申诉，</font></span><span style=\"font-family: 宋体; font-size: 18px;\"><font face=\"宋体\">诚正</font></span><span style=\"font-family: Calibri; font-size: 18px;\"><font face=\"宋体\">将对申诉进行审查，并自行合理判断决定是否变更处罚措施。</font></span><span style=\"mso-spacerun:\'yes\';font-family:Calibri;mso-fareast-font-family:宋体;\r\nmso-bidi-font-family:\'Times New Roman\';font-size:22.0000pt;mso-font-kerning:1.0000pt;\"><o:p></o:p></span></p><p class=\"MsoNormal\" style=\"margin-left:10.5000pt;mso-para-margin-left:0.0000gd;text-indent:0.0000pt;\r\nmso-char-indent-count:0.0000;mso-list:l8 level1 lfo3;\"><!--[if !supportLists]--><span style=\"font-family: Calibri; font-size: 18px;\">3、</span><!--[endif]--><span style=\"font-family: Calibri; font-size: 18px;\"><font face=\"宋体\">用户理解并同意，</font></span><span style=\"font-family: 宋体; font-size: 18px;\"><font face=\"宋体\">诚正</font></span><span style=\"mso-spacerun:\'yes\';font-family:Calibri;mso-fareast-font-family:宋体;\r\nmso-bidi-font-family:\'Times New Roman\';font-size:22.0000pt;mso-font-kerning:1.0000pt;\"><font face=\"宋体\"><span style=\"font-size: 18px;\">有权依合理判断对违反有关法律法规或本协议规定的行为进行处罚，对违法违规的任何用户采取适当的法律行动，并依据法律法规保存有关信息向有关部门报告等，用户应承担由此而产生的一切法律责任。</span></font><span style=\"font-size: 18px;\"> </span></span><span style=\"mso-spacerun:\'yes\';font-family:Calibri;mso-fareast-font-family:宋体;\r\nmso-bidi-font-family:\'Times New Roman\';font-size:22.0000pt;mso-font-kerning:1.0000pt;\"><o:p></o:p></span></p><p class=\"MsoNormal\" style=\"margin-left:10.5000pt;mso-para-margin-left:0.0000gd;text-indent:0.0000pt;\r\nmso-char-indent-count:0.0000;mso-list:l8 level1 lfo3;\"><!--[if !supportLists]--><span style=\"font-family: Calibri; font-size: 18px;\">4、</span><!--[endif]--><span style=\"font-family: Calibri; font-size: 18px;\"><font face=\"宋体\">用户理解并同意，因用户违反本协议约定，导致或产生的任何第三方主张的任何索赔、要求或损失，包括合理的律师费，用户应当赔偿</font></span><span style=\"font-family: 宋体; font-size: 18px;\"><font face=\"宋体\">诚正</font></span><span style=\"mso-spacerun:\'yes\';font-family:Calibri;mso-fareast-font-family:宋体;\r\nmso-bidi-font-family:\'Times New Roman\';font-size:22.0000pt;mso-font-kerning:1.0000pt;\"><font face=\"宋体\"><span style=\"font-size: 18px;\">与合作公司、关联公司，并使之免受损害。</span></font><span style=\"font-size: 18px;\"> </span></span><span style=\"mso-spacerun:\'yes\';font-family:Calibri;mso-fareast-font-family:宋体;\r\nmso-bidi-font-family:\'Times New Roman\';font-size:22.0000pt;mso-font-kerning:1.0000pt;\"><o:p></o:p></span></p><p class=\"MsoNormal\" style=\"margin-left:10.5000pt;mso-para-margin-left:0.0000gd;text-indent:0.0000pt;\r\nmso-char-indent-count:0.0000;mso-list:l5 level1 lfo1;\"><!--[if !supportLists]--><span style=\"font-family: 宋体; font-size: 18px;\">三、</span><!--[endif]--><span style=\"font-family: Calibri; font-size: 18px;\"><font face=\"宋体\">用户发布内容规范</font></span><span style=\"mso-spacerun:\'yes\';font-family:Calibri;mso-fareast-font-family:宋体;\r\nmso-bidi-font-family:\'Times New Roman\';font-size:22.0000pt;mso-font-kerning:1.0000pt;\"><o:p></o:p></span></p><p class=\"MsoNormal\" style=\"margin-left:10.5000pt;mso-para-margin-left:0.0000gd;mso-list:l6 level1 lfo4;\"><!--[if !supportLists]--><span style=\"font-family: Calibri; font-size: 18px;\">1、</span><!--[endif]--><span style=\"font-family: Calibri; font-size: 18px;\"><font face=\"宋体\">本条所述内容是指用户使用服务的过程中所制作、上载、复制、发布、传播的任何内容，包括但不限于账号头像、名称、用户说明等注册信息及认证资料，或文字、语音、图片、视频、图文等发送、回复或自动回复消息和相关链接页面，以及其他使用账号或本服务所产生的内容。</font></span><span style=\"mso-spacerun:\'yes\';font-family:Calibri;mso-fareast-font-family:宋体;\r\nmso-bidi-font-family:\'Times New Roman\';font-size:22.0000pt;mso-font-kerning:1.0000pt;\"><o:p></o:p></span></p><p class=\"MsoNormal\" style=\"margin-left:10.5000pt;mso-para-margin-left:0.0000gd;mso-list:l6 level1 lfo4;\"><!--[if !supportLists]--><span style=\"font-family: Calibri; font-size: 18px;\">2、</span><!--[endif]--><span style=\"mso-spacerun:\'yes\';font-family:Calibri;mso-fareast-font-family:宋体;\r\nmso-bidi-font-family:\'Times New Roman\';font-size:22.0000pt;mso-font-kerning:1.0000pt;\"><font face=\"宋体\"><span style=\"font-size: 18px;\">用户不得利用</span></font><font face=\"Calibri\"><span style=\"font-size: 18px;\">“</span></font></span><span style=\"font-family: 宋体; font-size: 18px;\"><font face=\"宋体\">诚正</font></span><span style=\"mso-spacerun:\'yes\';font-family:Calibri;mso-fareast-font-family:宋体;\r\nmso-bidi-font-family:\'Times New Roman\';font-size:22.0000pt;mso-font-kerning:1.0000pt;\"><font face=\"Calibri\"><span style=\"font-size: 18px;\">”</span></font><font face=\"宋体\"><span style=\"font-size: 18px;\">账号或本服务制作、上载、复制、发布、传播如下法律、法规和政策禁止的内容：</span></font></span><span style=\"mso-spacerun:\'yes\';font-family:Calibri;mso-fareast-font-family:宋体;\r\nmso-bidi-font-family:\'Times New Roman\';font-size:22.0000pt;mso-font-kerning:1.0000pt;\"><o:p></o:p></span></p><p class=\"MsoNormal\" style=\"margin-left:10.5000pt;mso-para-margin-left:0.0000gd;text-indent:0.0000pt;\r\nmso-char-indent-count:0.0000;mso-list:l2 level1 lfo5;\"><!--[if !supportLists]--><span style=\"font-family:Calibri;mso-fareast-font-family:宋体;mso-bidi-font-family:\'Times New Roman\';\r\nfont-size:22.0000pt;mso-font-kerning:1.0000pt;\"><span style=\"font-size: 18px;\">(1)</span><span style=\"font-size: 18px;\">&nbsp;</span></span><!--[endif]--><span style=\"font-family: Calibri; font-size: 18px;\"><font face=\"宋体\">反对宪法所确定的基本原则的；</font></span><span style=\"mso-spacerun:\'yes\';font-family:Calibri;mso-fareast-font-family:宋体;\r\nmso-bidi-font-family:\'Times New Roman\';font-size:22.0000pt;mso-font-kerning:1.0000pt;\"><o:p></o:p></span></p><p class=\"MsoNormal\" style=\"margin-left:10.5000pt;mso-para-margin-left:0.0000gd;text-indent:0.0000pt;\r\nmso-char-indent-count:0.0000;mso-list:l2 level1 lfo5;\"><!--[if !supportLists]--><span style=\"font-family:Calibri;mso-fareast-font-family:宋体;mso-bidi-font-family:\'Times New Roman\';\r\nfont-size:22.0000pt;mso-font-kerning:1.0000pt;\"><span style=\"font-size: 18px;\">(2)</span><span style=\"font-size: 18px;\">&nbsp;</span></span><!--[endif]--><span style=\"font-family: Calibri; font-size: 18px;\"><font face=\"宋体\">危害国家安全，泄露国家秘密，颠覆国家政权，破坏国家统一的；</font></span><span style=\"mso-spacerun:\'yes\';font-family:Calibri;mso-fareast-font-family:宋体;\r\nmso-bidi-font-family:\'Times New Roman\';font-size:22.0000pt;mso-font-kerning:1.0000pt;\"><o:p></o:p></span></p><p class=\"MsoNormal\" style=\"margin-left:10.5000pt;mso-para-margin-left:0.0000gd;text-indent:0.0000pt;\r\nmso-char-indent-count:0.0000;mso-list:l2 level1 lfo5;\"><!--[if !supportLists]--><span style=\"font-family:Calibri;mso-fareast-font-family:宋体;mso-bidi-font-family:\'Times New Roman\';\r\nfont-size:22.0000pt;mso-font-kerning:1.0000pt;\"><span style=\"font-size: 18px;\">(3)</span><span style=\"font-size: 18px;\">&nbsp;</span></span><!--[endif]--><span style=\"mso-spacerun:\'yes\';font-family:Calibri;mso-fareast-font-family:宋体;\r\nmso-bidi-font-family:\'Times New Roman\';font-size:22.0000pt;mso-font-kerning:1.0000pt;\"><font face=\"宋体\"><span style=\"font-size: 18px;\">损害国家荣誉和利益的；</span></font><span style=\"font-size: 18px;\"> </span></span><span style=\"mso-spacerun:\'yes\';font-family:Calibri;mso-fareast-font-family:宋体;\r\nmso-bidi-font-family:\'Times New Roman\';font-size:22.0000pt;mso-font-kerning:1.0000pt;\"><o:p></o:p></span></p><p class=\"MsoNormal\" style=\"margin-left:10.5000pt;mso-para-margin-left:0.0000gd;text-indent:0.0000pt;\r\nmso-char-indent-count:0.0000;mso-list:l2 level1 lfo5;\"><!--[if !supportLists]--><span style=\"font-family:Calibri;mso-fareast-font-family:宋体;mso-bidi-font-family:\'Times New Roman\';\r\nfont-size:22.0000pt;mso-font-kerning:1.0000pt;\"><span style=\"font-size: 18px;\">(4)</span><span style=\"font-size: 18px;\">&nbsp;</span></span><!--[endif]--><span style=\"mso-spacerun:\'yes\';font-family:Calibri;mso-fareast-font-family:宋体;\r\nmso-bidi-font-family:\'Times New Roman\';font-size:22.0000pt;mso-font-kerning:1.0000pt;\"><font face=\"宋体\"><span style=\"font-size: 18px;\">煽动民族仇恨、民族歧视，破坏民族团结的；</span></font><span style=\"font-size: 18px;\"> </span></span><span style=\"mso-spacerun:\'yes\';font-family:Calibri;mso-fareast-font-family:宋体;\r\nmso-bidi-font-family:\'Times New Roman\';font-size:22.0000pt;mso-font-kerning:1.0000pt;\"><o:p></o:p></span></p><p class=\"MsoNormal\" style=\"margin-left:10.5000pt;mso-para-margin-left:0.0000gd;text-indent:0.0000pt;\r\nmso-char-indent-count:0.0000;mso-list:l2 level1 lfo5;\"><!--[if !supportLists]--><span style=\"font-family:Calibri;mso-fareast-font-family:宋体;mso-bidi-font-family:\'Times New Roman\';\r\nfont-size:22.0000pt;mso-font-kerning:1.0000pt;\"><span style=\"font-size: 18px;\">(5)</span><span style=\"font-size: 18px;\">&nbsp;</span></span><!--[endif]--><span style=\"font-family: Calibri; font-size: 18px;\"><font face=\"宋体\">破坏国家宗教政策，宣扬邪教和封建迷信的；</font></span><span style=\"mso-spacerun:\'yes\';font-family:Calibri;mso-fareast-font-family:宋体;\r\nmso-bidi-font-family:\'Times New Roman\';font-size:22.0000pt;mso-font-kerning:1.0000pt;\"><o:p></o:p></span></p><p class=\"MsoNormal\" style=\"margin-left:10.5000pt;mso-para-margin-left:0.0000gd;text-indent:0.0000pt;\r\nmso-char-indent-count:0.0000;mso-list:l2 level1 lfo5;\"><!--[if !supportLists]--><span style=\"font-family:Calibri;mso-fareast-font-family:宋体;mso-bidi-font-family:\'Times New Roman\';\r\nfont-size:22.0000pt;mso-font-kerning:1.0000pt;\"><span style=\"font-size: 18px;\">(6)</span><span style=\"font-size: 18px;\">&nbsp;</span></span><!--[endif]--><span style=\"font-family: Calibri; font-size: 18px;\"><font face=\"宋体\">散布谣言，扰乱社会秩序，破坏社会稳定的；</font></span><span style=\"mso-spacerun:\'yes\';font-family:Calibri;mso-fareast-font-family:宋体;\r\nmso-bidi-font-family:\'Times New Roman\';font-size:22.0000pt;mso-font-kerning:1.0000pt;\"><o:p></o:p></span></p><p class=\"MsoNormal\" style=\"margin-left:10.5000pt;mso-para-margin-left:0.0000gd;text-indent:0.0000pt;\r\nmso-char-indent-count:0.0000;mso-list:l2 level1 lfo5;\"><!--[if !supportLists]--><span style=\"font-family:Calibri;mso-fareast-font-family:宋体;mso-bidi-font-family:\'Times New Roman\';\r\nfont-size:22.0000pt;mso-font-kerning:1.0000pt;\"><span style=\"font-size: 18px;\">(7)</span><span style=\"font-size: 18px;\">&nbsp;</span></span><!--[endif]--><span style=\"font-family: Calibri; font-size: 18px;\"><font face=\"宋体\">散布淫秽、色情、赌博、暴力、凶杀、恐怖或者教唆犯罪的；</font></span><span style=\"mso-spacerun:\'yes\';font-family:Calibri;mso-fareast-font-family:宋体;\r\nmso-bidi-font-family:\'Times New Roman\';font-size:22.0000pt;mso-font-kerning:1.0000pt;\"><o:p></o:p></span></p><p class=\"MsoNormal\" style=\"margin-left:10.5000pt;mso-para-margin-left:0.0000gd;text-indent:0.0000pt;\r\nmso-char-indent-count:0.0000;mso-list:l2 level1 lfo5;\"><!--[if !supportLists]--><span style=\"font-family:Calibri;mso-fareast-font-family:宋体;mso-bidi-font-family:\'Times New Roman\';\r\nfont-size:22.0000pt;mso-font-kerning:1.0000pt;\"><span style=\"font-size: 18px;\">(8)</span><span style=\"font-size: 18px;\">&nbsp;</span></span><!--[endif]--><span style=\"font-family: Calibri; font-size: 18px;\"><font face=\"宋体\">侮辱或者诽谤他人，侵害他人合法权益的；</font></span><span style=\"mso-spacerun:\'yes\';font-family:Calibri;mso-fareast-font-family:宋体;\r\nmso-bidi-font-family:\'Times New Roman\';font-size:22.0000pt;mso-font-kerning:1.0000pt;\"><o:p></o:p></span></p><p class=\"MsoNormal\" style=\"margin-left:10.5000pt;mso-para-margin-left:0.0000gd;text-indent:0.0000pt;\r\nmso-char-indent-count:0.0000;mso-list:l2 level1 lfo5;\"><!--[if !supportLists]--><span style=\"font-family:Calibri;mso-fareast-font-family:宋体;mso-bidi-font-family:\'Times New Roman\';\r\nfont-size:22.0000pt;mso-font-kerning:1.0000pt;\"><span style=\"font-size: 18px;\">(9)</span><span style=\"font-size: 18px;\">&nbsp;</span></span><!--[endif]--><span style=\"mso-spacerun:\'yes\';font-family:Calibri;mso-fareast-font-family:宋体;\r\nmso-bidi-font-family:\'Times New Roman\';font-size:22.0000pt;mso-font-kerning:1.0000pt;\"><font face=\"宋体\"><span style=\"font-size: 18px;\">含有法律、行政法规禁止的其他内容的信息。</span></font><span style=\"font-size: 18px;\"> </span></span><span style=\"mso-spacerun:\'yes\';font-family:Calibri;mso-fareast-font-family:宋体;\r\nmso-bidi-font-family:\'Times New Roman\';font-size:22.0000pt;mso-font-kerning:1.0000pt;\"><o:p></o:p></span></p><p class=\"MsoNormal\" style=\"margin-left:10.5000pt;mso-para-margin-left:0.0000gd;text-indent:0.0000pt;\r\nmso-char-indent-count:0.0000;mso-list:l6 level1 lfo4;\"><!--[if !supportLists]--><span style=\"font-family: Calibri; font-size: 18px;\">3、</span><!--[endif]--><span style=\"mso-spacerun:\'yes\';font-family:Calibri;mso-fareast-font-family:宋体;\r\nmso-bidi-font-family:\'Times New Roman\';font-size:22.0000pt;mso-font-kerning:1.0000pt;\"><font face=\"宋体\"><span style=\"font-size: 18px;\">用户不得利用</span></font><font face=\"Calibri\"><span style=\"font-size: 18px;\">“</span></font></span><span style=\"font-family: 宋体; font-size: 18px;\"><font face=\"宋体\">诚正</font></span><span style=\"mso-spacerun:\'yes\';font-family:Calibri;mso-fareast-font-family:宋体;\r\nmso-bidi-font-family:\'Times New Roman\';font-size:22.0000pt;mso-font-kerning:1.0000pt;\"><font face=\"Calibri\"><span style=\"font-size: 18px;\">”</span></font><font face=\"宋体\"><span style=\"font-size: 18px;\">账号或本服务制作、上载、复制、发布、传播如下干扰</span></font><font face=\"Calibri\"><span style=\"font-size: 18px;\">“</span></font><font face=\"宋体\"><span style=\"font-size: 18px;\">服务</span></font><font face=\"Calibri\"><span style=\"font-size: 18px;\">”</span></font><font face=\"宋体\"><span style=\"font-size: 18px;\">正常运营，以及侵犯其他用户或第三方合法权益的内容：</span></font></span><span style=\"mso-spacerun:\'yes\';font-family:Calibri;mso-fareast-font-family:宋体;\r\nmso-bidi-font-family:\'Times New Roman\';font-size:22.0000pt;mso-font-kerning:1.0000pt;\"><o:p></o:p></span></p><p class=\"MsoNormal\" style=\"margin-left:10.5000pt;mso-para-margin-left:0.0000gd;mso-list:l0 level1 lfo6;\"><!--[if !supportLists]--><span style=\"font-family:Calibri;mso-fareast-font-family:宋体;mso-bidi-font-family:\'Times New Roman\';\r\nfont-size:22.0000pt;mso-font-kerning:1.0000pt;\"><span style=\"font-size: 18px;\">(1)</span><span style=\"font-size: 18px;\">&nbsp;</span></span><!--[endif]--><span style=\"mso-spacerun:\'yes\';font-family:Calibri;mso-fareast-font-family:宋体;\r\nmso-bidi-font-family:\'Times New Roman\';font-size:22.0000pt;mso-font-kerning:1.0000pt;\"><font face=\"宋体\"><span style=\"font-size: 18px;\">含有任何性或性暗示的；</span></font><span style=\"font-size: 18px;\"> </span></span><span style=\"mso-spacerun:\'yes\';font-family:Calibri;mso-fareast-font-family:宋体;\r\nmso-bidi-font-family:\'Times New Roman\';font-size:22.0000pt;mso-font-kerning:1.0000pt;\"><o:p></o:p></span></p><p class=\"MsoNormal\" style=\"margin-left:10.5000pt;mso-para-margin-left:0.0000gd;mso-list:l0 level1 lfo6;\"><!--[if !supportLists]--><span style=\"font-family:Calibri;mso-fareast-font-family:宋体;mso-bidi-font-family:\'Times New Roman\';\r\nfont-size:22.0000pt;mso-font-kerning:1.0000pt;\"><span style=\"font-size: 18px;\">(2)</span><span style=\"font-size: 18px;\">&nbsp;</span></span><!--[endif]--><span style=\"mso-spacerun:\'yes\';font-family:Calibri;mso-fareast-font-family:宋体;\r\nmso-bidi-font-family:\'Times New Roman\';font-size:22.0000pt;mso-font-kerning:1.0000pt;\"><font face=\"宋体\"><span style=\"font-size: 18px;\">含有辱骂、恐吓、威胁内容的；</span></font><span style=\"font-size: 18px;\"> </span></span><span style=\"mso-spacerun:\'yes\';font-family:Calibri;mso-fareast-font-family:宋体;\r\nmso-bidi-font-family:\'Times New Roman\';font-size:22.0000pt;mso-font-kerning:1.0000pt;\"><o:p></o:p></span></p><p class=\"MsoNormal\" style=\"margin-left:10.5000pt;mso-para-margin-left:0.0000gd;mso-list:l0 level1 lfo6;\"><!--[if !supportLists]--><span style=\"font-family:Calibri;mso-fareast-font-family:宋体;mso-bidi-font-family:\'Times New Roman\';\r\nfont-size:22.0000pt;mso-font-kerning:1.0000pt;\"><span style=\"font-size: 18px;\">(3)</span><span style=\"font-size: 18px;\">&nbsp;</span></span><!--[endif]--><span style=\"mso-spacerun:\'yes\';font-family:Calibri;mso-fareast-font-family:宋体;\r\nmso-bidi-font-family:\'Times New Roman\';font-size:22.0000pt;mso-font-kerning:1.0000pt;\"><font face=\"宋体\"><span style=\"font-size: 18px;\">含有骚扰、垃圾广告、恶意信息、诱骗信息的；</span></font><span style=\"font-size: 18px;\"> </span></span><span style=\"mso-spacerun:\'yes\';font-family:Calibri;mso-fareast-font-family:宋体;\r\nmso-bidi-font-family:\'Times New Roman\';font-size:22.0000pt;mso-font-kerning:1.0000pt;\"><o:p></o:p></span></p><p class=\"MsoNormal\" style=\"margin-left:10.5000pt;mso-para-margin-left:0.0000gd;mso-list:l0 level1 lfo6;\"><!--[if !supportLists]--><span style=\"font-family:Calibri;mso-fareast-font-family:宋体;mso-bidi-font-family:\'Times New Roman\';\r\nfont-size:22.0000pt;mso-font-kerning:1.0000pt;\"><span style=\"font-size: 18px;\">(4)</span><span style=\"font-size: 18px;\">&nbsp;</span></span><!--[endif]--><span style=\"mso-spacerun:\'yes\';font-family:Calibri;mso-fareast-font-family:宋体;\r\nmso-bidi-font-family:\'Times New Roman\';font-size:22.0000pt;mso-font-kerning:1.0000pt;\"><font face=\"宋体\"><span style=\"font-size: 18px;\">涉及他人隐私、个人信息或资料的；</span></font><span style=\"font-size: 18px;\"> </span></span><span style=\"mso-spacerun:\'yes\';font-family:Calibri;mso-fareast-font-family:宋体;\r\nmso-bidi-font-family:\'Times New Roman\';font-size:22.0000pt;mso-font-kerning:1.0000pt;\"><o:p></o:p></span></p><p class=\"MsoNormal\" style=\"margin-left:10.5000pt;mso-para-margin-left:0.0000gd;mso-list:l0 level1 lfo6;\"><!--[if !supportLists]--><span style=\"font-family:Calibri;mso-fareast-font-family:宋体;mso-bidi-font-family:\'Times New Roman\';\r\nfont-size:22.0000pt;mso-font-kerning:1.0000pt;\"><span style=\"font-size: 18px;\">(5)</span><span style=\"font-size: 18px;\">&nbsp;</span></span><!--[endif]--><span style=\"mso-spacerun:\'yes\';font-family:Calibri;mso-fareast-font-family:宋体;\r\nmso-bidi-font-family:\'Times New Roman\';font-size:22.0000pt;mso-font-kerning:1.0000pt;\"><font face=\"宋体\"><span style=\"font-size: 18px;\">侵害他人名誉权、肖像权、知识产权、商业秘密等合法权利的；</span></font><span style=\"font-size: 18px;\"> </span></span><span style=\"mso-spacerun:\'yes\';font-family:Calibri;mso-fareast-font-family:宋体;\r\nmso-bidi-font-family:\'Times New Roman\';font-size:22.0000pt;mso-font-kerning:1.0000pt;\"><o:p></o:p></span></p><p class=\"MsoNormal\" style=\"margin-left:10.5000pt;mso-para-margin-left:0.0000gd;mso-list:l0 level1 lfo6;\"><!--[if !supportLists]--><span style=\"font-family:Calibri;mso-fareast-font-family:宋体;mso-bidi-font-family:\'Times New Roman\';\r\nfont-size:22.0000pt;mso-font-kerning:1.0000pt;\"><span style=\"font-size: 18px;\">(6)</span><span style=\"font-size: 18px;\">&nbsp;</span></span><!--[endif]--><span style=\"mso-spacerun:\'yes\';font-family:Calibri;mso-fareast-font-family:宋体;\r\nmso-bidi-font-family:\'Times New Roman\';font-size:22.0000pt;mso-font-kerning:1.0000pt;\"><font face=\"宋体\"><span style=\"font-size: 18px;\">含有其他干扰本服务正常运营和侵犯其他用户或第三方合法权益内容的信息。</span></font><span style=\"font-size: 18px;\"> &nbsp;</span><font face=\"宋体\"><span style=\"font-size: 18px;\">四、使用规则</span></font></span><span style=\"mso-spacerun:\'yes\';font-family:Calibri;mso-fareast-font-family:宋体;\r\nmso-bidi-font-family:\'Times New Roman\';font-size:22.0000pt;mso-font-kerning:1.0000pt;\"><o:p></o:p></span></p><p class=\"MsoNormal\"><!--[if !supportLists]--><span style=\"font-family: Calibri; font-size: 18px;\">1、</span><!--[endif]--><span style=\"font-family: Calibri; font-size: 18px;\"><font face=\"宋体\">用户在本服务中或通过本服务所传送、发布的任何内容并不反映或代表，也不得被视为反映或代表</font></span><span style=\"font-family: 宋体; font-size: 18px;\"><font face=\"宋体\">诚正</font></span><span style=\"font-family: Calibri; font-size: 18px;\"><font face=\"宋体\">的观点、立场或政策，</font></span><span style=\"font-family: 宋体; font-size: 18px;\"><font face=\"宋体\">诚正</font></span><span style=\"mso-spacerun:\'yes\';font-family:Calibri;mso-fareast-font-family:宋体;\r\nmso-bidi-font-family:\'Times New Roman\';font-size:22.0000pt;mso-font-kerning:1.0000pt;\"><font face=\"宋体\"><span style=\"font-size: 18px;\">对此不承担任何责任。</span></font><span style=\"font-size: 18px;\"> </span></span><span style=\"mso-spacerun:\'yes\';font-family:Calibri;mso-fareast-font-family:宋体;\r\nmso-bidi-font-family:\'Times New Roman\';font-size:22.0000pt;mso-font-kerning:1.0000pt;\"><o:p></o:p></span></p><p class=\"MsoNormal\"><!--[if !supportLists]--><span style=\"font-family: Calibri; font-size: 18px;\">2、</span><!--[endif]--><span style=\"mso-spacerun:\'yes\';font-family:Calibri;mso-fareast-font-family:宋体;\r\nmso-bidi-font-family:\'Times New Roman\';font-size:22.0000pt;mso-font-kerning:1.0000pt;\"><font face=\"宋体\"><span style=\"font-size: 18px;\">用户不得利用</span></font><font face=\"Calibri\"><span style=\"font-size: 18px;\">“</span></font></span><span style=\"font-family: 宋体; font-size: 18px;\"><font face=\"宋体\">诚正</font></span><span style=\"mso-spacerun:\'yes\';font-family:Calibri;mso-fareast-font-family:宋体;\r\nmso-bidi-font-family:\'Times New Roman\';font-size:22.0000pt;mso-font-kerning:1.0000pt;\"><font face=\"Calibri\"><span style=\"font-size: 18px;\">”</span></font><font face=\"宋体\"><span style=\"font-size: 18px;\">账号或本服务进行如下行为：</span></font></span><span style=\"mso-spacerun:\'yes\';font-family:Calibri;mso-fareast-font-family:宋体;\r\nmso-bidi-font-family:\'Times New Roman\';font-size:22.0000pt;mso-font-kerning:1.0000pt;\"><o:p></o:p></span></p><p class=\"MsoNormal\"><!--[if !supportLists]--><span style=\"font-family:Calibri;mso-fareast-font-family:宋体;mso-bidi-font-family:\'Times New Roman\';\r\nfont-size:22.0000pt;mso-font-kerning:1.0000pt;\"><span style=\"font-size: 18px;\">(1)</span><span style=\"font-size: 18px;\">&nbsp;</span></span><!--[endif]--><span style=\"mso-spacerun:\'yes\';font-family:Calibri;mso-fareast-font-family:宋体;\r\nmso-bidi-font-family:\'Times New Roman\';font-size:22.0000pt;mso-font-kerning:1.0000pt;\"><font face=\"宋体\"><span style=\"font-size: 18px;\">提交、发布虚假信息，或盗用他人头像或资料，冒充、利用他人名义的；</span></font><span style=\"font-size: 18px;\"> </span></span><span style=\"mso-spacerun:\'yes\';font-family:Calibri;mso-fareast-font-family:宋体;\r\nmso-bidi-font-family:\'Times New Roman\';font-size:22.0000pt;mso-font-kerning:1.0000pt;\"><o:p></o:p></span></p><p class=\"MsoNormal\"><!--[if !supportLists]--><span style=\"font-family:Calibri;mso-fareast-font-family:宋体;mso-bidi-font-family:\'Times New Roman\';\r\nfont-size:22.0000pt;mso-font-kerning:1.0000pt;\"><span style=\"font-size: 18px;\">(2)</span><span style=\"font-size: 18px;\">&nbsp;</span></span><!--[endif]--><span style=\"mso-spacerun:\'yes\';font-family:Calibri;mso-fareast-font-family:宋体;\r\nmso-bidi-font-family:\'Times New Roman\';font-size:22.0000pt;mso-font-kerning:1.0000pt;\"><font face=\"宋体\"><span style=\"font-size: 18px;\">强制、诱导其他用户关注、点击链接页面或分享信息的；</span></font><span style=\"font-size: 18px;\"> </span></span><span style=\"mso-spacerun:\'yes\';font-family:Calibri;mso-fareast-font-family:宋体;\r\nmso-bidi-font-family:\'Times New Roman\';font-size:22.0000pt;mso-font-kerning:1.0000pt;\"><o:p></o:p></span></p><p class=\"MsoNormal\"><!--[if !supportLists]--><span style=\"font-family:Calibri;mso-fareast-font-family:宋体;mso-bidi-font-family:\'Times New Roman\';\r\nfont-size:22.0000pt;mso-font-kerning:1.0000pt;\"><span style=\"font-size: 18px;\">(3)</span><span style=\"font-size: 18px;\">&nbsp;</span></span><!--[endif]--><span style=\"mso-spacerun:\'yes\';font-family:Calibri;mso-fareast-font-family:宋体;\r\nmso-bidi-font-family:\'Times New Roman\';font-size:22.0000pt;mso-font-kerning:1.0000pt;\"><font face=\"宋体\"><span style=\"font-size: 18px;\">虚构事实、隐瞒真相以误导、欺骗他人的；</span></font><span style=\"font-size: 18px;\"> </span></span><span style=\"mso-spacerun:\'yes\';font-family:Calibri;mso-fareast-font-family:宋体;\r\nmso-bidi-font-family:\'Times New Roman\';font-size:22.0000pt;mso-font-kerning:1.0000pt;\"><o:p></o:p></span></p><p class=\"MsoNormal\"><!--[if !supportLists]--><span style=\"font-family:Calibri;mso-fareast-font-family:宋体;mso-bidi-font-family:\'Times New Roman\';\r\nfont-size:22.0000pt;mso-font-kerning:1.0000pt;\"><span style=\"font-size: 18px;\">(4)</span><span style=\"font-size: 18px;\">&nbsp;</span></span><!--[endif]--><span style=\"mso-spacerun:\'yes\';font-family:Calibri;mso-fareast-font-family:宋体;\r\nmso-bidi-font-family:\'Times New Roman\';font-size:22.0000pt;mso-font-kerning:1.0000pt;\"><font face=\"宋体\"><span style=\"font-size: 18px;\">利用技术手段批量建立虚假账号的；</span></font><span style=\"font-size: 18px;\"> </span></span><span style=\"mso-spacerun:\'yes\';font-family:Calibri;mso-fareast-font-family:宋体;\r\nmso-bidi-font-family:\'Times New Roman\';font-size:22.0000pt;mso-font-kerning:1.0000pt;\"><o:p></o:p></span></p><p class=\"MsoNormal\"><!--[if !supportLists]--><span style=\"font-family:Calibri;mso-fareast-font-family:宋体;mso-bidi-font-family:\'Times New Roman\';\r\nfont-size:22.0000pt;mso-font-kerning:1.0000pt;\"><span style=\"font-size: 18px;\">(5)</span><span style=\"font-size: 18px;\">&nbsp;</span></span><!--[endif]--><span style=\"mso-spacerun:\'yes\';font-family:Calibri;mso-fareast-font-family:宋体;\r\nmso-bidi-font-family:\'Times New Roman\';font-size:22.0000pt;mso-font-kerning:1.0000pt;\"><font face=\"宋体\"><span style=\"font-size: 18px;\">利用</span></font><font face=\"Calibri\"><span style=\"font-size: 18px;\">“</span></font></span><span style=\"font-family: 宋体; font-size: 18px;\"><font face=\"宋体\">诚正</font></span><span style=\"mso-spacerun:\'yes\';font-family:Calibri;mso-fareast-font-family:宋体;\r\nmso-bidi-font-family:\'Times New Roman\';font-size:22.0000pt;mso-font-kerning:1.0000pt;\"><font face=\"Calibri\"><span style=\"font-size: 18px;\">”</span></font><font face=\"宋体\"><span style=\"font-size: 18px;\">账号或本服务从事任何违法犯罪活动的； </span></font></span><span style=\"mso-spacerun:\'yes\';font-family:Calibri;mso-fareast-font-family:宋体;\r\nmso-bidi-font-family:\'Times New Roman\';font-size:22.0000pt;mso-font-kerning:1.0000pt;\"><o:p></o:p></span></p><p class=\"MsoNormal\"><!--[if !supportLists]--><span style=\"font-family:Calibri;mso-fareast-font-family:宋体;mso-bidi-font-family:\'Times New Roman\';\r\nfont-size:22.0000pt;mso-font-kerning:1.0000pt;\"><span style=\"font-size: 18px;\">(6)</span><span style=\"font-size: 18px;\">&nbsp;</span></span><!--[endif]--><span style=\"mso-spacerun:\'yes\';font-family:Calibri;mso-fareast-font-family:宋体;\r\nmso-bidi-font-family:\'Times New Roman\';font-size:22.0000pt;mso-font-kerning:1.0000pt;\"><font face=\"宋体\"><span style=\"font-size: 18px;\">制作、发布与以上行为相关的方法、工具，或对此类方法、工具进行运营或传播，无论这些行为是否为商业目的；</span></font><span style=\"font-size: 18px;\"> </span></span><span style=\"mso-spacerun:\'yes\';font-family:Calibri;mso-fareast-font-family:宋体;\r\nmso-bidi-font-family:\'Times New Roman\';font-size:22.0000pt;mso-font-kerning:1.0000pt;\"><o:p></o:p></span></p><p class=\"MsoNormal\"><!--[if !supportLists]--><span style=\"font-family:Calibri;mso-fareast-font-family:宋体;mso-bidi-font-family:\'Times New Roman\';\r\nfont-size:22.0000pt;mso-font-kerning:1.0000pt;\"><span style=\"font-size: 18px;\">(7)</span><span style=\"font-size: 18px;\">&nbsp;</span></span><!--[endif]--><span style=\"mso-spacerun:\'yes\';font-family:Calibri;mso-fareast-font-family:宋体;\r\nmso-bidi-font-family:\'Times New Roman\';font-size:22.0000pt;mso-font-kerning:1.0000pt;\"><font face=\"宋体\"><span style=\"font-size: 18px;\">其他违反法律法规规定、侵犯其他用户合法权益、干扰</span></font><font face=\"Calibri\"><span style=\"font-size: 18px;\">“</span></font></span><span style=\"font-family: 宋体; font-size: 18px;\"><font face=\"宋体\">诚正</font></span><span style=\"mso-spacerun:\'yes\';font-family:Calibri;mso-fareast-font-family:宋体;\r\nmso-bidi-font-family:\'Times New Roman\';font-size:22.0000pt;mso-font-kerning:1.0000pt;\"><font face=\"Calibri\"><span style=\"font-size: 18px;\">”</span></font><font face=\"宋体\"><span style=\"font-size: 18px;\">正常运营或服务未明示授权的行为。 </span></font></span><span style=\"mso-spacerun:\'yes\';font-family:Calibri;mso-fareast-font-family:宋体;\r\nmso-bidi-font-family:\'Times New Roman\';font-size:22.0000pt;mso-font-kerning:1.0000pt;\"><o:p></o:p></span></p><p class=\"MsoNormal\" style=\"margin-left:0.0000pt;mso-para-margin-left:0.0000gd;text-indent:0.0000pt;\r\nmso-char-indent-count:0.0000;mso-list:l3 level1 lfo7;\"><!--[if !supportLists]--><span style=\"font-family: Calibri; font-size: 18px;\">3、</span><!--[endif]--><span style=\"mso-spacerun:\'yes\';font-family:Calibri;mso-fareast-font-family:宋体;\r\nmso-bidi-font-family:\'Times New Roman\';font-size:22.0000pt;mso-font-kerning:1.0000pt;\"><font face=\"宋体\"><span style=\"font-size: 18px;\">用户须对利用</span></font><font face=\"Calibri\"><span style=\"font-size: 18px;\">“</span></font></span><span style=\"font-family: 宋体; font-size: 18px;\"><font face=\"宋体\">诚正</font></span><span style=\"mso-spacerun:\'yes\';font-family:Calibri;mso-fareast-font-family:宋体;\r\nmso-bidi-font-family:\'Times New Roman\';font-size:22.0000pt;mso-font-kerning:1.0000pt;\"><font face=\"Calibri\"><span style=\"font-size: 18px;\">”</span></font><font face=\"宋体\"><span style=\"font-size: 18px;\">账号或本服务传送信息的真实性、合法性、无害性、准确性、有效性等全权负责，与用户所传播的信息相关的任何法律责任由用户自行承担，与</span></font></span><span style=\"font-family: 宋体; font-size: 18px;\"><font face=\"宋体\">诚正</font></span><span style=\"mso-spacerun:\'yes\';font-family:Calibri;mso-fareast-font-family:宋体;\r\nmso-bidi-font-family:\'Times New Roman\';font-size:22.0000pt;mso-font-kerning:1.0000pt;\"><font face=\"宋体\"><span style=\"font-size: 18px;\">无关。</span></font><span style=\"font-size: 18px;\"> </span><font face=\"宋体\"><span style=\"font-size: 18px;\">如因此给</span></font></span><span style=\"font-family: 宋体; font-size: 18px;\"><font face=\"宋体\">诚正</font></span><span style=\"mso-spacerun:\'yes\';font-family:Calibri;mso-fareast-font-family:宋体;\r\nmso-bidi-font-family:\'Times New Roman\';font-size:22.0000pt;mso-font-kerning:1.0000pt;\"><font face=\"宋体\"><span style=\"font-size: 18px;\">或第三方造成损害的，用户应当依法予以赔偿。</span></font><span style=\"font-size: 18px;\"> </span></span><span style=\"mso-spacerun:\'yes\';font-family:Calibri;mso-fareast-font-family:宋体;\r\nmso-bidi-font-family:\'Times New Roman\';font-size:22.0000pt;mso-font-kerning:1.0000pt;\"><o:p></o:p></span></p><p class=\"MsoNormal\" style=\"margin-left:0.0000pt;mso-para-margin-left:0.0000gd;text-indent:0.0000pt;\r\nmso-char-indent-count:0.0000;mso-list:l3 level1 lfo7;\"><!--[if !supportLists]--><span style=\"font-family: 宋体; font-size: 18px;\">4、</span><!--[endif]--><span style=\"font-family: 宋体; font-size: 18px;\"><font face=\"宋体\">诚正</font></span><span style=\"font-family: Calibri; font-size: 18px;\"><font face=\"宋体\">提供的服务中可能包括广告，用户同意在使用过程中显示</font></span><span style=\"font-family: 宋体; font-size: 18px;\"><font face=\"宋体\">诚正</font></span><span style=\"mso-spacerun:\'yes\';font-family:Calibri;mso-fareast-font-family:宋体;\r\nmso-bidi-font-family:\'Times New Roman\';font-size:22.0000pt;mso-font-kerning:1.0000pt;\"><font face=\"宋体\"><span style=\"font-size: 18px;\">和第三方供应商、合作伙伴提供的广告。除法律法规明确规定外，用户应自行对依该广告信息进行的交易负责，</span></font><span style=\"font-size: 18px;\"> </span><font face=\"宋体\"><span style=\"font-size: 18px;\">对用户因依该广告信息进行的交易或前述广告商提供的内容而遭受的损失或损害，</span></font></span><span style=\"font-family: 宋体; font-size: 18px;\"><font face=\"宋体\">诚正</font></span><span style=\"mso-spacerun:\'yes\';font-family:Calibri;mso-fareast-font-family:宋体;\r\nmso-bidi-font-family:\'Times New Roman\';font-size:22.0000pt;mso-font-kerning:1.0000pt;\"><font face=\"宋体\"><span style=\"font-size: 18px;\">不承担任何责任。</span></font><span style=\"font-size: 18px;\"> &nbsp;</span></span><span style=\"mso-spacerun:\'yes\';font-family:Calibri;mso-fareast-font-family:宋体;\r\nmso-bidi-font-family:\'Times New Roman\';font-size:22.0000pt;mso-font-kerning:1.0000pt;\"><o:p></o:p></span></p><p class=\"MsoNormal\" style=\"margin-left:10.5000pt;mso-para-margin-left:0.0000gd;text-indent:0.0000pt;\r\nmso-char-indent-count:0.0000;mso-list:l5 level1 lfo1;\"><!--[if !supportLists]--><span style=\"font-family: 宋体; font-size: 18px;\">四、</span><!--[endif]--><span style=\"font-family: Calibri; font-size: 18px;\"><font face=\"宋体\">其他</font></span><span style=\"mso-spacerun:\'yes\';font-family:Calibri;mso-fareast-font-family:宋体;\r\nmso-bidi-font-family:\'Times New Roman\';font-size:22.0000pt;mso-font-kerning:1.0000pt;\"><o:p></o:p></span></p><p class=\"MsoNormal\" style=\"margin-left:10.5000pt;mso-para-margin-left:0.0000gd;mso-list:l4 level1 lfo9;\"><!--[if !supportLists]--><span style=\"font-family: 宋体; font-size: 18px;\">1、</span><!--[endif]--><span style=\"font-family: 宋体; font-size: 18px;\"><font face=\"宋体\">诚正</font></span><span style=\"font-family: Calibri; font-size: 18px;\"><font face=\"宋体\">郑重提醒用户注意本协议中免除</font></span><span style=\"font-family: 宋体; font-size: 18px;\"><font face=\"宋体\">诚正</font></span><span style=\"mso-spacerun:\'yes\';font-family:Calibri;mso-fareast-font-family:宋体;\r\nmso-bidi-font-family:\'Times New Roman\';font-size:22.0000pt;mso-font-kerning:1.0000pt;\"><font face=\"宋体\"><span style=\"font-size: 18px;\">责任和限制用户权利的条款，请用户仔细阅读，自主考虑风险。未成年人应在法定监护人的陪同下阅读本协议。</span></font><span style=\"font-size: 18px;\"> </span></span><span style=\"mso-spacerun:\'yes\';font-family:Calibri;mso-fareast-font-family:宋体;\r\nmso-bidi-font-family:\'Times New Roman\';font-size:22.0000pt;mso-font-kerning:1.0000pt;\"><o:p></o:p></span></p><p class=\"MsoNormal\" style=\"margin-left:10.5000pt;mso-para-margin-left:0.0000gd;mso-list:l4 level1 lfo9;\"><!--[if !supportLists]--><span style=\"font-family: Calibri; font-size: 18px;\">2、</span><!--[endif]--><span style=\"font-family: Calibri; font-size: 18px;\"><font face=\"宋体\">本协议的效力、解释及纠纷的解决，适用于中华人民共和国法律。若用户和</font></span><span style=\"font-family: 宋体; font-size: 18px;\"><font face=\"宋体\">诚正</font></span><span style=\"font-family: Calibri; font-size: 18px;\"><font face=\"宋体\">之间发生任何纠纷或争议，首先应友好协商解决，协商不成的，用户同意将纠纷或争议提交</font></span><span style=\"font-family: 宋体; font-size: 18px;\"><font face=\"宋体\">诚正</font></span><span style=\"mso-spacerun:\'yes\';font-family:Calibri;mso-fareast-font-family:宋体;\r\nmso-bidi-font-family:\'Times New Roman\';font-size:22.0000pt;mso-font-kerning:1.0000pt;\"><font face=\"宋体\"><span style=\"font-size: 18px;\">住所地有管辖权的人民法院管辖。</span></font><span style=\"font-size: 18px;\"> </span></span><span style=\"mso-spacerun:\'yes\';font-family:Calibri;mso-fareast-font-family:宋体;\r\nmso-bidi-font-family:\'Times New Roman\';font-size:22.0000pt;mso-font-kerning:1.0000pt;\"><o:p></o:p></span></p><p class=\"MsoNormal\" style=\"margin-left:10.5000pt;mso-para-margin-left:0.0000gd;mso-list:l4 level1 lfo9;\"><!--[if !supportLists]--><span style=\"font-family: Calibri; font-size: 18px;\">3、</span><!--[endif]--><span style=\"font-family: Calibri; font-size: 18px;\"><font face=\"宋体\">本协议的任何条款无论因何种原因无效或不具可执行性，其余条款仍有效，对双方具有约束力。</font></span><span style=\"mso-spacerun:\'yes\';font-family:Calibri;mso-fareast-font-family:宋体;\r\nmso-bidi-font-family:\'Times New Roman\';font-size:22.0000pt;mso-font-kerning:1.0000pt;\"><o:p></o:p></span></p><p class=\"MsoNormal\" align=\"justify\" style=\"mso-pagination:none;text-align:justify;text-justify:inter-ideograph;\"><span style=\"font-family: Calibri; font-size: 18px;\"><o:p>&nbsp;</o:p></span></p><p class=\"MsoNormal\" align=\"justify\" style=\"mso-pagination:none;text-align:justify;text-justify:inter-ideograph;\"><span style=\"font-family: Calibri; font-size: 18px;\"><o:p>&nbsp;</o:p></span></p><p class=\"MsoNormal\"><span style=\"font-family: Calibri; font-size: 18px;\"><font face=\"宋体\">本《协议》版权由</font></span><span style=\"font-family: 宋体; font-size: 18px;\"><font face=\"宋体\">诚正</font></span><span style=\"font-family: Calibri; font-size: 18px;\"><font face=\"宋体\">所有，</font></span><span style=\"font-family: 宋体; font-size: 18px;\"><font face=\"宋体\">诚正</font></span><span style=\"font-family: Calibri; font-size: 18px;\"><font face=\"宋体\">保留一切对本《协议》解释的权利。</font></span><span style=\"mso-spacerun:\'yes\';font-family:Calibri;mso-fareast-font-family:宋体;\r\nmso-bidi-font-family:\'Times New Roman\';font-size:22.0000pt;mso-font-kerning:1.0000pt;\"><o:p></o:p></span></p></div>','','','','{\"table\":\"\",\"conditions\":\"\",\"key\":\"\",\"value\":\"\"}'),(24,'share_image','basic','分享海报地址','','image','','','','','{\"table\":\"\",\"conditions\":\"\",\"key\":\"\",\"value\":\"\"}'),(25,'register_url','basic','会员注册地址','','string','https://nft.cyrxljk.cn/h5','','','','{\"table\":\"\",\"conditions\":\"\",\"key\":\"\",\"value\":\"\"}'),(27,'award_rate','award','分佣比例(%)','','string','6','','','','{\"table\":\"\",\"conditions\":\"\",\"key\":\"\",\"value\":\"\"}'),(28,'level_rate','award','超级团长同级奖励(%)','','string','1','','','','{\"table\":\"\",\"conditions\":\"\",\"key\":\"\",\"value\":\"\"}'),(29,'first_rate','award','一经团长奖励','','string','3','','','','{\"table\":\"\",\"conditions\":\"\",\"key\":\"\",\"value\":\"\"}'),(30,'second_rate','award','二级团长奖励','','string','2','','','','{\"table\":\"\",\"conditions\":\"\",\"key\":\"\",\"value\":\"\"}'),(32,'ali_app_id','Ali','支付宝APP_ID','','string','202100313664721','','','','{\"table\":\"\",\"conditions\":\"\",\"key\":\"\",\"value\":\"\"}'),(33,'ali_public_key','Ali','支付宝公钥','','string','MIIBIjANBgkqhkiG9w0BAQEFAAOCAQ8AMIIBCgKCAQEAkoprSDM8KxfQSka3Nju7KZIZmiwb5VKtC/dNPj8CW4i26NkQOgxb2VemH7U1uyl2M3N6RTVk7T/VBeJxlFPCUahBSMqfaKmlFYIJ06ALoJ2wNoPZGq0+DV0VIKpbtucIqoi2DdlWY/LeJaXIbSOTjigA1j4vUgvpIlT+aq4OEhPQq5MI1vvIacwjFprkmVJiF6zd8gmipFp0h47IEs1ryaSYhiqUMmZygAGs7emo/3V4eB8BoE9CgcZqyxFD9dQw7NHukQIHVvVS8bMNwDvTIvzJjiiiNhxIHCp2ah20yqCNE42MFrOFks/9019j2emgDMuhbQuiBpPw+VN1X5UmWwIDAQAB','','','','{\"table\":\"\",\"conditions\":\"\",\"key\":\"\",\"value\":\"\"}'),(34,'ali_private_key','Ali','支付宝商户私钥','','string','MIIEvwIBADANBgkqhkiG9w0BAQEFAASCBKkwggSlAgEAAoIBAQCP9mO22DeITvEK4byKbwLAXEthKt1kQvBYmwWJ7bNe9+eiQeh595sCgjXOdTOtX1ZX36fqL7guglg7URR7h0iSAMKQjUQ20ayBXZ8Gy8lOquu/6uke+o45w82g7v1FX+Fx5ggX+nOdzYO+mEcP4UeKlpw9v2x+YCwfQZJmzHwbNHzFmmmPPIK4DNJRNjOJFqhOESD1UJRg6PSPzm6Ipv6cE/NbI+vhoC1b9xjWaH+6rxtdCqSxxf1MKAufIApTruElWqulVFVa0J7OTKAIyZp4osPuGaEn0ZLAXKRRsruyb5FbQK4cjxo2BMkTGJsdif3K2RPJhlCevJwl/ECWlpATAgMBAAECggEBAIegSoTB4l9qb7Aexu9sch0jVmiuZ3DDl4cCVQ+CfxAjYXf9u7TcTo7oeSSOSic1wDR9IsaAOnammdUYJ8HQy8+xI5vnWrKCipA90Uonxvl0ETH3b7SdvEwzaZAKV1V6ZPxXCJz+eNnb+hgfgiM1y56HEZ8irmXI2QiBUBnE388IDrSF84LjjuZiMbVXqH+mgjKuJovHhfe2E6dV1sHovVVkHmTgXrbWYJKCiApk//5ET9aL3j89dSQQIH44JjBpkRUaIH8vmt8UBaUYxVzqFFURYlBOhdieenaa9Y+PiLeJWjQDW+Yp6vl81aNA+Q/DOqXNUBBWzgaTg77yL4H287ECgYEA5EHhu/YTXIyaPcPTWEE1MW0hJwaI1AP90dx90ntxdUS26nLtwhDcLzhYoZia6PGwhoHJhPuHDHWz+ZzQ7ny9vuyBWnfHoP57OW0dLZY/33gmgct1ERtyibBCJL2ElSUG1+gRvn9YWPLysfaxJLyRzEp7I+7jhK306/cFWT7Prt8CgYEAoXW2Z+MvIQDxkGZOTugwRPG0G2094VIhMozMSNyPBlfMAcNW8hFcNrDYYPr17Cbj1mW7t80mszN1J4S9f25bZZRxkgU48Obj9Xu6Z16t+v2s5ZdsdFrNEKeHPPiB8AY3CVF+EGepRUg++0n8Yy2twe3Lv2snv/w3pzefSFDK6U0CgYEAkqSg2ZjmJ3dNQJEmnnSGMBLkUaYpEczerIzzaN5VrflPaqAbj6o1S0Dv8CGSpEViG4gWZ5EQ2jhkP+E3eYA6hwZ6tBxv7EaR8/rd3APDVVZjps+Hjk4L79mFJQV8wDThiKRXggNeRwcOVLcgZ3GeWZkgM52uHfeEenRgw01PMBECgYEAjCCLNFJ5Xp1hCT+hCt58tflHpN4EbH9JDIQh78Jr5sdf6M/Nr7zdWSHWSSTFNjTyW+pjJrvHsJMiRC/x/pyaeeiBQIeDyZ+5jB3bw0bqnAB5g7ENkVYUzzV2K7ZJnzTloxK05CvzPovbDWBCyRilyr9Eq1amYvrUmi2t8acc06kCgYANeZwskFXWpEmE2g0bFROdwCFMDEos/GyMmuOn6DfifaQLkjQVpceOmxwJax3XH0+iypqmCObHpSJPO0iDRWiMAe1rKqFuMHDNxyAO6ndsZkpuIAZ9MLrLr3OxWRM6REDgMBsbtcPdO4qIF444ncB0Sa3BkqKczUFZOnu//DewDg==','','','','{\"table\":\"\",\"conditions\":\"\",\"key\":\"\",\"value\":\"\"}'),(35,'wx_app_id','Wx','微信开放平台ID','','string','','','','','{\"table\":\"\",\"conditions\":\"\",\"key\":\"\",\"value\":\"\"}'),(36,'wx_app_secret','Wx','微信开放平台Secret','','string','','','','','{\"table\":\"\",\"conditions\":\"\",\"key\":\"\",\"value\":\"\"}'),(37,'wx_mch_id','Wx','微信商户ID','','string','1627619098','','','','{\"table\":\"\",\"conditions\":\"\",\"key\":\"\",\"value\":\"\"}'),(38,'wx_mch_key','Wx','微信商户支付KEY','','string','ada411905d6282d2dc1b6ff395bcc59f','','','','{\"table\":\"\",\"conditions\":\"\",\"key\":\"\",\"value\":\"\"}'),(39,'is_appoint','Appoint','抢购是否需要预约','','radio','1','[\"不需要预约\",\"需要预约\"]','','','{\"table\":\"\",\"conditions\":\"\",\"key\":\"\",\"value\":\"\"}'),(40,'shop_award_rate','Award','商城购物批发劵奖励比例','','string','2','','','','{\"table\":\"\",\"conditions\":\"\",\"key\":\"\",\"value\":\"\"}'),(41,'register_award_number','Award','注册赠送活跃值奖励','','string','10','','','','{\"table\":\"\",\"conditions\":\"\",\"key\":\"\",\"value\":\"\"}'),(42,'total_award_number','Award','分享直推活跃值奖励','','string','10','','','','{\"table\":\"\",\"conditions\":\"\",\"key\":\"\",\"value\":\"\"}'),(43,'sales_order_number','Appoint','出售订单消耗活跃值数量','','string','1','','','','{\"table\":\"\",\"conditions\":\"\",\"key\":\"\",\"value\":\"\"}'),(44,'appoint_account','Appoint','预约批发劵门槛','','string','500','','','','{\"table\":\"\",\"conditions\":\"\",\"key\":\"\",\"value\":\"\"}'),(46,'rush_rule','Appoint','抢购规则','','radio','1','{\"1\":\"随机匹配\",\"2\":\"大额优先\"}','','','{\"table\":\"\",\"conditions\":\"\",\"key\":\"\",\"value\":\"\"}'),(47,'register_day','Appoint','新注册用户抢购天数','','string','10','','','','{\"table\":\"\",\"conditions\":\"\",\"key\":\"\",\"value\":\"\"}'),(48,'register_premium_min_number','Appoint','新注册用户抢购成长最小次数','','string','1','','','','{\"table\":\"\",\"conditions\":\"\",\"key\":\"\",\"value\":\"\"}'),(49,'register_premium_max_number','Appoint','新注册用户抢购成长最大次数','','string','9','','','','{\"table\":\"\",\"conditions\":\"\",\"key\":\"\",\"value\":\"\"}'),(50,'premium_max_number','Appoint','拍品最高成长次数','','string','10','','','','{\"table\":\"\",\"conditions\":\"\",\"key\":\"\",\"value\":\"\"}'),(51,'sales_wholesale_rate','Appoint','出售订单批发劵交易额比例','','string','90','','','','{\"table\":\"\",\"conditions\":\"\",\"key\":\"\",\"value\":\"\"}'),(53,'sales_e_rate','Appoint','出售订单E豆交易额比例','','string','10','','','','{\"table\":\"\",\"conditions\":\"\",\"key\":\"\",\"value\":\"\"}'),(54,'split_rule','Appoint','拆分规则','','radio','2','{\"1\":\"批发劵奖励\",\"2\":\"平均拆单\"}','','','{\"table\":\"\",\"conditions\":\"\",\"key\":\"\",\"value\":\"\"}'),(55,'thirty_un_pay','Appoint','30分钟未付款处罚','','string','50','','','','{\"table\":\"\",\"conditions\":\"\",\"key\":\"\",\"value\":\"\"}'),(56,'sixty_un_pay','Appoint','60分钟未付款处罚','','string','100','','','','{\"table\":\"\",\"conditions\":\"\",\"key\":\"\",\"value\":\"\"}'),(57,'thirty_un_confirm','Appoint','30分钟未确认处罚','','string','50','','','','{\"table\":\"\",\"conditions\":\"\",\"key\":\"\",\"value\":\"\"}'),(59,'gift_account','Luck','礼包需累计消耗批发劵数量','','string','5000','','','','{\"table\":\"\",\"conditions\":\"\",\"key\":\"\",\"value\":\"\"}'),(60,'pay_time','Appoint','订单支付时间(分钟)','','string','60','','','','{\"table\":\"\",\"conditions\":\"\",\"key\":\"\",\"value\":\"\"}'),(61,'confirm_time','Appoint','订单确认时间(分钟)','','string','30','','','','{\"table\":\"\",\"conditions\":\"\",\"key\":\"\",\"value\":\"\"}'),(63,'server_url','basic','客服地址','','string','https://nft.cyrxljk.cn/h5','','','','{\"table\":\"\",\"conditions\":\"\",\"key\":\"\",\"value\":\"\"}'),(64,'ali_notify_url','Ali','支付宝APP支付回调地址','','string','http://122.114.52.93:85/api/notify/aliNotify','','','','{\"table\":\"\",\"conditions\":\"\",\"key\":\"\",\"value\":\"\"}'),(65,'wx_small_app_id','Wx','微信小程序ID','','string','','','','','{\"table\":\"\",\"conditions\":\"\",\"key\":\"\",\"value\":\"\"}'),(66,'wx_small_app_secret','Wx','微信小程序secret','','string','','','','','{\"table\":\"\",\"conditions\":\"\",\"key\":\"\",\"value\":\"\"}'),(67,'wx_notify_url','Wx','微信APP支付回调地址','','string','https://nft.cyrxljk.cn/api/notify/wxNotify','','','','{\"table\":\"\",\"conditions\":\"\",\"key\":\"\",\"value\":\"\"}'),(69,'conceal_content','contents','隐私协议','','editor','<p class=\"MsoNormal\" style=\"text-indent:21.0000pt;mso-char-indent-count:2.0000;\"><br></p><p class=\"MsoNormal\"><span style=\"mso-spacerun:\'yes\';font-family:宋体;font-size:13.5000pt;\r\nmso-font-kerning:0.0000pt;\"><font face=\"宋体\">一、注册协议条款的确认和接受</font></span><span style=\"mso-spacerun:\'yes\';font-family:Calibri;mso-fareast-font-family:宋体;\r\nmso-bidi-font-family:\'Times New Roman\';font-size:10.5000pt;mso-font-kerning:1.0000pt;\"><o:p></o:p></span></p><p class=\"MsoNormal\"><span style=\"mso-spacerun:\'yes\';font-family:宋体;font-size:13.5000pt;\r\nmso-font-kerning:0.0000pt;\"><font face=\"宋体\">“</font></span><span style=\"mso-spacerun:\'yes\';font-family:宋体;font-size:13.5000pt;\r\nmso-font-kerning:0.0000pt;\"><font face=\"宋体\">诚正</font></span><span style=\"mso-spacerun:\'yes\';font-family:宋体;font-size:13.5000pt;\r\nmso-font-kerning:0.0000pt;\"><font face=\"宋体\">”（以下亦称“本应用”），隶属于</font></span><span style=\"mso-spacerun:\'yes\';font-family:宋体;font-size:13.5000pt;\r\nmso-font-kerning:0.0000pt;\"><font face=\"宋体\">宜春藏文网络</font></span><span style=\"mso-spacerun:\'yes\';font-family:宋体;font-size:13.5000pt;\r\nmso-font-kerning:0.0000pt;\"><font face=\"宋体\">科技有限公司。同意按照本协议的规定及其不定时发布的操作规则提供基于互联网和移动互联网的相关服务（以下称</font><font face=\"宋体\">“网络服务”）。</font></span><span style=\"mso-spacerun:\'yes\';font-family:Calibri;mso-fareast-font-family:宋体;\r\nmso-bidi-font-family:\'Times New Roman\';font-size:10.5000pt;mso-font-kerning:1.0000pt;\"><o:p></o:p></span></p><p class=\"MsoNormal\"><span style=\"mso-spacerun:\'yes\';font-family:Calibri;mso-fareast-font-family:宋体;\r\nmso-bidi-font-family:\'Times New Roman\';font-size:10.5000pt;mso-font-kerning:1.0000pt;\"><o:p>&nbsp;</o:p></span></p><p class=\"MsoNormal\"><span style=\"mso-spacerun:\'yes\';font-family:宋体;font-size:13.5000pt;\r\nmso-font-kerning:0.0000pt;\"><font face=\"宋体\">为获得网络服务，申请人应当认真阅读、充分理解本《协议》中各条款，包括免除或者限制本应用责任的免责条款及对用户的权利限制条款。审慎阅读并选择接受或不接受本《协议》（未成年人应在法定监护人陪同下阅读）。</font></span><span style=\"mso-spacerun:\'yes\';font-family:Calibri;mso-fareast-font-family:宋体;\r\nmso-bidi-font-family:\'Times New Roman\';font-size:10.5000pt;mso-font-kerning:1.0000pt;\"><o:p></o:p></span></p><p class=\"MsoNormal\"><span style=\"mso-spacerun:\'yes\';font-family:Calibri;mso-fareast-font-family:宋体;\r\nmso-bidi-font-family:\'Times New Roman\';font-size:10.5000pt;mso-font-kerning:1.0000pt;\"><o:p>&nbsp;</o:p></span></p><p class=\"MsoNormal\"><span style=\"mso-spacerun:\'yes\';font-family:宋体;font-size:13.5000pt;\r\nmso-font-kerning:0.0000pt;\"><font face=\"宋体\">同意接受本协议的全部条款的，申请人应当按照页面上的提示完成全部的注册程序，并在注册程序过程中点击</font><font face=\"宋体\">“同意”按钮，否则视为不接受本《协议》全部条款，申请人应当终止并退出申请。</font></span><span style=\"mso-spacerun:\'yes\';font-family:Calibri;mso-fareast-font-family:宋体;\r\nmso-bidi-font-family:\'Times New Roman\';font-size:10.5000pt;mso-font-kerning:1.0000pt;\"><o:p></o:p></span></p><p class=\"MsoNormal\"><span style=\"mso-spacerun:\'yes\';font-family:Calibri;mso-fareast-font-family:宋体;\r\nmso-bidi-font-family:\'Times New Roman\';font-size:10.5000pt;mso-font-kerning:1.0000pt;\"><o:p>&nbsp;</o:p></span></p><p class=\"MsoNormal\"><span style=\"mso-spacerun:\'yes\';font-family:宋体;font-size:13.5000pt;\r\nmso-font-kerning:0.0000pt;\"><font face=\"宋体\">本《协议》可由本应用定期更新，更新后的协议条款一旦公布即代替原来的协议条款，恕不再另行通知，用户可在本应用查阅最新版协议条款。在本应用修改《协议》条款后，如果用户不接受修改后的条款，请立即停止使用本应用提供的网络服务，继续使用的用户将被视为已接受了修改后的协议。</font></span><span style=\"mso-spacerun:\'yes\';font-family:Calibri;mso-fareast-font-family:宋体;\r\nmso-bidi-font-family:\'Times New Roman\';font-size:10.5000pt;mso-font-kerning:1.0000pt;\"><o:p></o:p></span></p><p class=\"MsoNormal\"><span style=\"mso-spacerun:\'yes\';font-family:Calibri;mso-fareast-font-family:宋体;\r\nmso-bidi-font-family:\'Times New Roman\';font-size:10.5000pt;mso-font-kerning:1.0000pt;\"><o:p>&nbsp;</o:p></span></p><p class=\"MsoNormal\"><span style=\"mso-spacerun:\'yes\';font-family:宋体;font-size:13.5000pt;\r\nmso-font-kerning:0.0000pt;\"><font face=\"宋体\">二、服务内容</font></span><span style=\"mso-spacerun:\'yes\';font-family:Calibri;mso-fareast-font-family:宋体;\r\nmso-bidi-font-family:\'Times New Roman\';font-size:10.5000pt;mso-font-kerning:1.0000pt;\"><o:p></o:p></span></p><p class=\"MsoNormal\"><span style=\"mso-spacerun:\'yes\';font-family:宋体;font-size:13.5000pt;\r\nmso-font-kerning:0.0000pt;\">1、网络服务的具体内容由本应用根据实际情况提供，包括资讯、工具、社群。</span><span style=\"mso-spacerun:\'yes\';font-family:Calibri;mso-fareast-font-family:宋体;\r\nmso-bidi-font-family:\'Times New Roman\';font-size:10.5000pt;mso-font-kerning:1.0000pt;\"><o:p></o:p></span></p><p class=\"MsoNormal\"><span style=\"mso-spacerun:\'yes\';font-family:Calibri;mso-fareast-font-family:宋体;\r\nmso-bidi-font-family:\'Times New Roman\';font-size:10.5000pt;mso-font-kerning:1.0000pt;\"><o:p>&nbsp;</o:p></span></p><p class=\"MsoNormal\"><span style=\"mso-spacerun:\'yes\';font-family:宋体;font-size:13.5000pt;\r\nmso-font-kerning:0.0000pt;\">2、本应用提供的网络服务包括收费和免费。对于收费服务，本应用会在用户使用之前给予用户明确的提示，只有用户根据提示确认同意支付相关费用，用户才能使用该等收费服务。如用户未支付相关费用，则本应用有权不向用户提供该等收费服务。</span><span style=\"mso-spacerun:\'yes\';font-family:Calibri;mso-fareast-font-family:宋体;\r\nmso-bidi-font-family:\'Times New Roman\';font-size:10.5000pt;mso-font-kerning:1.0000pt;\"><o:p></o:p></span></p><p class=\"MsoNormal\"><span style=\"mso-spacerun:\'yes\';font-family:Calibri;mso-fareast-font-family:宋体;\r\nmso-bidi-font-family:\'Times New Roman\';font-size:10.5000pt;mso-font-kerning:1.0000pt;\"><o:p>&nbsp;</o:p></span></p><p class=\"MsoNormal\"><span style=\"mso-spacerun:\'yes\';font-family:宋体;font-size:13.5000pt;\r\nmso-font-kerning:0.0000pt;\">3、用户理解，本应用仅提供本应用明确承诺的网络服务，除此之外与相关网络服务有关的设备（如个人电脑、手机、及其他与接入互联网或移动网有关的装置）及所需的费用（如为接入互联网而支付的电话费及上网费、为使用移动网络而支付的手机费）均应由用户自行负担。</span><span style=\"mso-spacerun:\'yes\';font-family:Calibri;mso-fareast-font-family:宋体;\r\nmso-bidi-font-family:\'Times New Roman\';font-size:10.5000pt;mso-font-kerning:1.0000pt;\"><o:p></o:p></span></p><p class=\"MsoNormal\"><span style=\"mso-spacerun:\'yes\';font-family:Calibri;mso-fareast-font-family:宋体;\r\nmso-bidi-font-family:\'Times New Roman\';font-size:10.5000pt;mso-font-kerning:1.0000pt;\"><o:p>&nbsp;</o:p></span></p><p class=\"MsoNormal\"><span style=\"mso-spacerun:\'yes\';font-family:宋体;font-size:13.5000pt;\r\nmso-font-kerning:0.0000pt;\"><font face=\"宋体\">三、用户帐号</font></span><span style=\"mso-spacerun:\'yes\';font-family:Calibri;mso-fareast-font-family:宋体;\r\nmso-bidi-font-family:\'Times New Roman\';font-size:10.5000pt;mso-font-kerning:1.0000pt;\"><o:p></o:p></span></p><p class=\"MsoNormal\"><span style=\"mso-spacerun:\'yes\';font-family:宋体;font-size:13.5000pt;\r\nmso-font-kerning:0.0000pt;\">1、经本应用注册系统完成注册程序并通过身份认证的用户即为正式用户。</span><span style=\"mso-spacerun:\'yes\';font-family:Calibri;mso-fareast-font-family:宋体;\r\nmso-bidi-font-family:\'Times New Roman\';font-size:10.5000pt;mso-font-kerning:1.0000pt;\"><o:p></o:p></span></p><p class=\"MsoNormal\"><span style=\"mso-spacerun:\'yes\';font-family:Calibri;mso-fareast-font-family:宋体;\r\nmso-bidi-font-family:\'Times New Roman\';font-size:10.5000pt;mso-font-kerning:1.0000pt;\"><o:p>&nbsp;</o:p></span></p><p class=\"MsoNormal\"><span style=\"mso-spacerun:\'yes\';font-family:宋体;font-size:13.5000pt;\r\nmso-font-kerning:0.0000pt;\">2、如发现用户帐号中含有不雅文字或不恰当名称的，本应用保留注销其用户帐号的权利。</span><span style=\"mso-spacerun:\'yes\';font-family:Calibri;mso-fareast-font-family:宋体;\r\nmso-bidi-font-family:\'Times New Roman\';font-size:10.5000pt;mso-font-kerning:1.0000pt;\"><o:p></o:p></span></p><p class=\"MsoNormal\"><span style=\"mso-spacerun:\'yes\';font-family:Calibri;mso-fareast-font-family:宋体;\r\nmso-bidi-font-family:\'Times New Roman\';font-size:10.5000pt;mso-font-kerning:1.0000pt;\"><o:p>&nbsp;</o:p></span></p><p class=\"MsoNormal\"><span style=\"mso-spacerun:\'yes\';font-family:宋体;font-size:13.5000pt;\r\nmso-font-kerning:0.0000pt;\">3、用户帐号的所有权归本应用，用户完成申请注册手续后，用户享有使用权。3个月未使用的用户账号，本应用保留收回的权利。</span><span style=\"mso-spacerun:\'yes\';font-family:Calibri;mso-fareast-font-family:宋体;\r\nmso-bidi-font-family:\'Times New Roman\';font-size:10.5000pt;mso-font-kerning:1.0000pt;\"><o:p></o:p></span></p><p class=\"MsoNormal\"><span style=\"mso-spacerun:\'yes\';font-family:Calibri;mso-fareast-font-family:宋体;\r\nmso-bidi-font-family:\'Times New Roman\';font-size:10.5000pt;mso-font-kerning:1.0000pt;\"><o:p>&nbsp;</o:p></span></p><p class=\"MsoNormal\"><span style=\"mso-spacerun:\'yes\';font-family:宋体;font-size:13.5000pt;\r\nmso-font-kerning:0.0000pt;\">4、用户有义务保证密码和帐号的安全，用户利用该帐号所进行的一切活动引起的任何损失或损害，由用户自行承担全部责任，本应用不承担任何责任。如用户发现帐号遭到未授权的使用或发生其他任何安全问题，应立即修改账号密码并妥善保管。因黑客行为或用户的保管疏忽导致帐号非法使用，本应用不承担任何责任。</span><span style=\"mso-spacerun:\'yes\';font-family:Calibri;mso-fareast-font-family:宋体;\r\nmso-bidi-font-family:\'Times New Roman\';font-size:10.5000pt;mso-font-kerning:1.0000pt;\"><o:p></o:p></span></p><p class=\"MsoNormal\"><span style=\"mso-spacerun:\'yes\';font-family:Calibri;mso-fareast-font-family:宋体;\r\nmso-bidi-font-family:\'Times New Roman\';font-size:10.5000pt;mso-font-kerning:1.0000pt;\"><o:p>&nbsp;</o:p></span></p><p class=\"MsoNormal\"><span style=\"mso-spacerun:\'yes\';font-family:宋体;font-size:13.5000pt;\r\nmso-font-kerning:0.0000pt;\">5、用户帐号和密码仅由初始申请注册人使用，用户不得将自己用户账户或密码有偿或无偿以转让、出借、授权等方式提供给第三人操作和使用，否则用户应当自行承担因违反此要求而遭致的任何损失。违反本项约定的，本应用并保留收回账号的权利。若因违反本约定对他人造成损害的，用户应与实际使用人承担连带赔偿责任，同时本应用保留追究用户违约责任的权利。</span><span style=\"mso-spacerun:\'yes\';font-family:Calibri;mso-fareast-font-family:宋体;\r\nmso-bidi-font-family:\'Times New Roman\';font-size:10.5000pt;mso-font-kerning:1.0000pt;\"><o:p></o:p></span></p><p class=\"MsoNormal\"><span style=\"mso-spacerun:\'yes\';font-family:Calibri;mso-fareast-font-family:宋体;\r\nmso-bidi-font-family:\'Times New Roman\';font-size:10.5000pt;mso-font-kerning:1.0000pt;\"><o:p>&nbsp;</o:p></span></p><p class=\"MsoNormal\"><span style=\"mso-spacerun:\'yes\';font-family:宋体;font-size:13.5000pt;\r\nmso-font-kerning:0.0000pt;\">6、用户帐号在丢失、遗忘密码及因合用产生使用权归属纠纷后，须遵照本应用的申诉途径请求找回帐号。用户可以凭初始注册资料向本应用申请找回帐号。本应用的账户恢复机制仅负责识别申请用户所提资料与系统记录资料是否一致，而无法识别申诉人是否系帐号的真正使用权人。对用户因被他人冒名申请而致的任何损失，本应用不承担任何责任，用户知晓帐号及密码保管责任在于用户，本应用并不承诺帐号丢失或遗忘密码后用户一定能通过申诉找回帐号。用户应当谨慎填写初始手机号或注册邮箱作为确认接收争议帐号的指定邮箱。</span><span style=\"mso-spacerun:\'yes\';font-family:Calibri;mso-fareast-font-family:宋体;\r\nmso-bidi-font-family:\'Times New Roman\';font-size:10.5000pt;mso-font-kerning:1.0000pt;\"><o:p></o:p></span></p><p class=\"MsoNormal\"><span style=\"mso-spacerun:\'yes\';font-family:Calibri;mso-fareast-font-family:宋体;\r\nmso-bidi-font-family:\'Times New Roman\';font-size:10.5000pt;mso-font-kerning:1.0000pt;\"><o:p>&nbsp;</o:p></span></p><p class=\"MsoNormal\"><span style=\"mso-spacerun:\'yes\';font-family:宋体;font-size:13.5000pt;\r\nmso-font-kerning:0.0000pt;\">7、本应用建议用户应当使用本人名义为用户账户充值或行使付款行为。若用户存在使用第三人的名义进行充值或付款，或委托第三人代为充值或付款之行为的，则以上行为被视作本人的行为，若由于该第三人行为导致充值或付款行为失败或成功后又被撤销的，均被认为是用户本人真实意思的表示和用户本人实施的行为，由此所造成的一切法律后果均由用户自行承担。</span><span style=\"mso-spacerun:\'yes\';font-family:Calibri;mso-fareast-font-family:宋体;\r\nmso-bidi-font-family:\'Times New Roman\';font-size:10.5000pt;mso-font-kerning:1.0000pt;\"><o:p></o:p></span></p><p class=\"MsoNormal\"><span style=\"mso-spacerun:\'yes\';font-family:Calibri;mso-fareast-font-family:宋体;\r\nmso-bidi-font-family:\'Times New Roman\';font-size:10.5000pt;mso-font-kerning:1.0000pt;\"><o:p>&nbsp;</o:p></span></p><p class=\"MsoNormal\"><span style=\"mso-spacerun:\'yes\';font-family:宋体;font-size:13.5000pt;\r\nmso-font-kerning:0.0000pt;\"><font face=\"宋体\">四、使用规则</font></span><span style=\"mso-spacerun:\'yes\';font-family:Calibri;mso-fareast-font-family:宋体;\r\nmso-bidi-font-family:\'Times New Roman\';font-size:10.5000pt;mso-font-kerning:1.0000pt;\"><o:p></o:p></span></p><p class=\"MsoNormal\"><span style=\"mso-spacerun:\'yes\';font-family:宋体;font-size:13.5000pt;\r\nmso-font-kerning:0.0000pt;\">1、用户在使用本应用网络服务过程中，必须遵循国家的相关法律法规，不得发布危害国家安全、色情、暴力、侵犯版权等任何合法权利等非法内容;也不得利用本应用平台发布含有虚假、有害、胁迫、侵害他人隐私、骚扰、侵害、中伤、粗俗、或其它道德上令人反感的内容。</span><span style=\"mso-spacerun:\'yes\';font-family:Calibri;mso-fareast-font-family:宋体;\r\nmso-bidi-font-family:\'Times New Roman\';font-size:10.5000pt;mso-font-kerning:1.0000pt;\"><o:p></o:p></span></p><p class=\"MsoNormal\"><span style=\"mso-spacerun:\'yes\';font-family:Calibri;mso-fareast-font-family:宋体;\r\nmso-bidi-font-family:\'Times New Roman\';font-size:10.5000pt;mso-font-kerning:1.0000pt;\"><o:p>&nbsp;</o:p></span></p><p class=\"MsoNormal\"><span style=\"mso-spacerun:\'yes\';font-family:宋体;font-size:13.5000pt;\r\nmso-font-kerning:0.0000pt;\">2、本应用可依其合理判断，对违反有关法律法规或本协议约定;或侵犯、妨害、威胁任何人权利或安全的内容，或者假冒他人的行为，本应用有权停止传输任何前述内容，并有权依其自行判断对违反本条款的任何用户采取适当的法律行动，包括但不限于，隐匿和下架具有违法性、侵权性、不当性等内容，阻止其使用本应用全部或部分网络服务，并且依据法律法规保存有关信息并向有关部门报告等。</span><span style=\"mso-spacerun:\'yes\';font-family:Calibri;mso-fareast-font-family:宋体;\r\nmso-bidi-font-family:\'Times New Roman\';font-size:10.5000pt;mso-font-kerning:1.0000pt;\"><o:p></o:p></span></p><p class=\"MsoNormal\"><span style=\"mso-spacerun:\'yes\';font-family:Calibri;mso-fareast-font-family:宋体;\r\nmso-bidi-font-family:\'Times New Roman\';font-size:10.5000pt;mso-font-kerning:1.0000pt;\"><o:p>&nbsp;</o:p></span></p><p class=\"MsoNormal\"><span style=\"mso-spacerun:\'yes\';font-family:宋体;font-size:13.5000pt;\r\nmso-font-kerning:0.0000pt;\">3、对于经由本应用网络服务而传送的内容，本应用不保证前述内容的正确性、完整性或品质。用户在接受本服务时，有可能会接触到令人不快、不适当或令人厌恶的内容。在任何情况下，本应用均不对任何内容负责，包括但不限于任何内容发生任何错误或纰漏以及衍生的任何损失或损害。本应用有权（但无义务）自行拒绝或删除经由本应用网络服务提供的任何内容。用户使用上述内容，应自行承担风险。</span><span style=\"mso-spacerun:\'yes\';font-family:Calibri;mso-fareast-font-family:宋体;\r\nmso-bidi-font-family:\'Times New Roman\';font-size:10.5000pt;mso-font-kerning:1.0000pt;\"><o:p></o:p></span></p><p class=\"MsoNormal\"><span style=\"mso-spacerun:\'yes\';font-family:Calibri;mso-fareast-font-family:宋体;\r\nmso-bidi-font-family:\'Times New Roman\';font-size:10.5000pt;mso-font-kerning:1.0000pt;\"><o:p>&nbsp;</o:p></span></p><p class=\"MsoNormal\"><span style=\"mso-spacerun:\'yes\';font-family:宋体;font-size:13.5000pt;\r\nmso-font-kerning:0.0000pt;\">4、用户通过本应用网络服务所发布的任何内容并不反映本应用的观点或政策，本应用对此不承担任何责任。用户须对上述内容的真实性、合法性、无害性、有效性等全权负责，与用户所发布信息相关的任何法律责任由用户自行承担，与本应用无关。</span><span style=\"mso-spacerun:\'yes\';font-family:Calibri;mso-fareast-font-family:宋体;\r\nmso-bidi-font-family:\'Times New Roman\';font-size:10.5000pt;mso-font-kerning:1.0000pt;\"><o:p></o:p></span></p><p class=\"MsoNormal\"><span style=\"mso-spacerun:\'yes\';font-family:Calibri;mso-fareast-font-family:宋体;\r\nmso-bidi-font-family:\'Times New Roman\';font-size:10.5000pt;mso-font-kerning:1.0000pt;\"><o:p>&nbsp;</o:p></span></p><p class=\"MsoNormal\"><span style=\"mso-spacerun:\'yes\';font-family:宋体;font-size:13.5000pt;\r\nmso-font-kerning:0.0000pt;\"><font face=\"宋体\">五、版权声明</font></span><span style=\"mso-spacerun:\'yes\';font-family:Calibri;mso-fareast-font-family:宋体;\r\nmso-bidi-font-family:\'Times New Roman\';font-size:10.5000pt;mso-font-kerning:1.0000pt;\"><o:p></o:p></span></p><p class=\"MsoNormal\"><span style=\"mso-spacerun:\'yes\';font-family:宋体;font-size:13.5000pt;\r\nmso-font-kerning:0.0000pt;\"><font face=\"宋体\">本应用中包含的任何文本、图片、图形、音频和</font>/或视频资料均受版权、商标和/或其它财产所有权法律的保护，未经相关权利人同意，上述资料均不得在任何媒体直接或间接发布、播放、出于播放或发布目的而改写或再发行，或者被用于其他任何商业目的。</span><span style=\"mso-spacerun:\'yes\';font-family:Calibri;mso-fareast-font-family:宋体;\r\nmso-bidi-font-family:\'Times New Roman\';font-size:10.5000pt;mso-font-kerning:1.0000pt;\"><o:p></o:p></span></p><p class=\"MsoNormal\"><span style=\"mso-spacerun:\'yes\';font-family:Calibri;mso-fareast-font-family:宋体;\r\nmso-bidi-font-family:\'Times New Roman\';font-size:10.5000pt;mso-font-kerning:1.0000pt;\"><o:p>&nbsp;</o:p></span></p><p class=\"MsoNormal\"><span style=\"mso-spacerun:\'yes\';font-family:宋体;font-size:13.5000pt;\r\nmso-font-kerning:0.0000pt;\"><font face=\"宋体\">六、隐私保护</font></span><span style=\"mso-spacerun:\'yes\';font-family:Calibri;mso-fareast-font-family:宋体;\r\nmso-bidi-font-family:\'Times New Roman\';font-size:10.5000pt;mso-font-kerning:1.0000pt;\"><o:p></o:p></span></p><p class=\"MsoNormal\"><span style=\"mso-spacerun:\'yes\';font-family:宋体;font-size:13.5000pt;\r\nmso-font-kerning:0.0000pt;\">1、保护用户隐私是本应用的一项基本政策，本应用保证不对外公开或向第三方提供用户的注册资料及用户在使用网络服务时存储在本应用内的非公开内容，但下列情况除外:</span><span style=\"mso-spacerun:\'yes\';font-family:Calibri;mso-fareast-font-family:宋体;\r\nmso-bidi-font-family:\'Times New Roman\';font-size:10.5000pt;mso-font-kerning:1.0000pt;\"><o:p></o:p></span></p><p class=\"MsoNormal\"><span style=\"mso-spacerun:\'yes\';font-family:Calibri;mso-fareast-font-family:宋体;\r\nmso-bidi-font-family:\'Times New Roman\';font-size:10.5000pt;mso-font-kerning:1.0000pt;\"><o:p>&nbsp;</o:p></span></p><p class=\"MsoNormal\"><span style=\"mso-spacerun:\'yes\';font-family:宋体;font-size:13.5000pt;\r\nmso-font-kerning:0.0000pt;\"><font face=\"宋体\">（</font>1）事先获得用户的书面明确授权</span><span style=\"mso-spacerun:\'yes\';font-family:Calibri;mso-fareast-font-family:宋体;\r\nmso-bidi-font-family:\'Times New Roman\';font-size:10.5000pt;mso-font-kerning:1.0000pt;\"><o:p></o:p></span></p><p class=\"MsoNormal\"><span style=\"mso-spacerun:\'yes\';font-family:Calibri;mso-fareast-font-family:宋体;\r\nmso-bidi-font-family:\'Times New Roman\';font-size:10.5000pt;mso-font-kerning:1.0000pt;\"><o:p>&nbsp;</o:p></span></p><p class=\"MsoNormal\"><span style=\"mso-spacerun:\'yes\';font-family:宋体;font-size:13.5000pt;\r\nmso-font-kerning:0.0000pt;\"><font face=\"宋体\">（</font>2）根据有关的法律法规要求</span><span style=\"mso-spacerun:\'yes\';font-family:Calibri;mso-fareast-font-family:宋体;\r\nmso-bidi-font-family:\'Times New Roman\';font-size:10.5000pt;mso-font-kerning:1.0000pt;\"><o:p></o:p></span></p><p class=\"MsoNormal\"><span style=\"mso-spacerun:\'yes\';font-family:Calibri;mso-fareast-font-family:宋体;\r\nmso-bidi-font-family:\'Times New Roman\';font-size:10.5000pt;mso-font-kerning:1.0000pt;\"><o:p>&nbsp;</o:p></span></p><p class=\"MsoNormal\"><span style=\"mso-spacerun:\'yes\';font-family:宋体;font-size:13.5000pt;\r\nmso-font-kerning:0.0000pt;\"><font face=\"宋体\">（</font>3）按照相关政府主管部门的要求</span><span style=\"mso-spacerun:\'yes\';font-family:Calibri;mso-fareast-font-family:宋体;\r\nmso-bidi-font-family:\'Times New Roman\';font-size:10.5000pt;mso-font-kerning:1.0000pt;\"><o:p></o:p></span></p><p class=\"MsoNormal\"><span style=\"mso-spacerun:\'yes\';font-family:Calibri;mso-fareast-font-family:宋体;\r\nmso-bidi-font-family:\'Times New Roman\';font-size:10.5000pt;mso-font-kerning:1.0000pt;\"><o:p>&nbsp;</o:p></span></p><p class=\"MsoNormal\"><span style=\"mso-spacerun:\'yes\';font-family:宋体;font-size:13.5000pt;\r\nmso-font-kerning:0.0000pt;\"><font face=\"宋体\">（</font>4）为维护社会公众的利益</span><span style=\"mso-spacerun:\'yes\';font-family:Calibri;mso-fareast-font-family:宋体;\r\nmso-bidi-font-family:\'Times New Roman\';font-size:10.5000pt;mso-font-kerning:1.0000pt;\"><o:p></o:p></span></p><p class=\"MsoNormal\"><span style=\"mso-spacerun:\'yes\';font-family:Calibri;mso-fareast-font-family:宋体;\r\nmso-bidi-font-family:\'Times New Roman\';font-size:10.5000pt;mso-font-kerning:1.0000pt;\"><o:p>&nbsp;</o:p></span></p><p class=\"MsoNormal\"><span style=\"mso-spacerun:\'yes\';font-family:宋体;font-size:13.5000pt;\r\nmso-font-kerning:0.0000pt;\"><font face=\"宋体\">（</font>5）为维护本应用的合法权益</span><span style=\"mso-spacerun:\'yes\';font-family:Calibri;mso-fareast-font-family:宋体;\r\nmso-bidi-font-family:\'Times New Roman\';font-size:10.5000pt;mso-font-kerning:1.0000pt;\"><o:p></o:p></span></p><p class=\"MsoNormal\"><span style=\"mso-spacerun:\'yes\';font-family:Calibri;mso-fareast-font-family:宋体;\r\nmso-bidi-font-family:\'Times New Roman\';font-size:10.5000pt;mso-font-kerning:1.0000pt;\"><o:p>&nbsp;</o:p></span></p><p class=\"MsoNormal\"><span style=\"mso-spacerun:\'yes\';font-family:宋体;font-size:13.5000pt;\r\nmso-font-kerning:0.0000pt;\">2、为了更好地为用户提供全面服务，用户同意本应用可将用户注册资料及使用信息提供本应用关联公司使用。本应用保证前述关联公司同等级地严格遵循本协议第六条第1款之隐私保护责任。</span><span style=\"mso-spacerun:\'yes\';font-family:Calibri;mso-fareast-font-family:宋体;\r\nmso-bidi-font-family:\'Times New Roman\';font-size:10.5000pt;mso-font-kerning:1.0000pt;\"><o:p></o:p></span></p><p class=\"MsoNormal\"><span style=\"mso-spacerun:\'yes\';font-family:Calibri;mso-fareast-font-family:宋体;\r\nmso-bidi-font-family:\'Times New Roman\';font-size:10.5000pt;mso-font-kerning:1.0000pt;\"><o:p>&nbsp;</o:p></span></p><p class=\"MsoNormal\"><span style=\"mso-spacerun:\'yes\';font-family:宋体;font-size:13.5000pt;\r\nmso-font-kerning:0.0000pt;\">3、用户同意：本应用或本应用运营商的关联公司在必要时有权根据用户注册时或接受服务时所提供的联系信息（包括但不限于电子邮件地址、联系电话、联系地址、即时聊天工具账号等），通过电子邮件、电话、短信、邮寄、即时聊天、弹出页面等方式向用户发送如下信息：</span></p><p class=\"MsoNormal\"><span style=\"mso-spacerun:\'yes\';font-family:宋体;font-size:13.5000pt;\r\nmso-font-kerning:0.0000pt;\"><font face=\"宋体\">（</font>1）各类重要通知信息，可能包括但不限于订单、交易单、修改密码提示等重要信息。此类信息可能对用户的权利义务产生重大的有利或不利影响，用户务必及时关注。</span><span style=\"mso-spacerun:\'yes\';font-family:Calibri;mso-fareast-font-family:宋体;\r\nmso-bidi-font-family:\'Times New Roman\';font-size:10.5000pt;mso-font-kerning:1.0000pt;\"><o:p></o:p></span></p><p class=\"MsoNormal\"><span style=\"mso-spacerun:\'yes\';font-family:Calibri;mso-fareast-font-family:宋体;\r\nmso-bidi-font-family:\'Times New Roman\';font-size:10.5000pt;mso-font-kerning:1.0000pt;\"><o:p>&nbsp;</o:p></span></p><p class=\"MsoNormal\"><span style=\"mso-spacerun:\'yes\';font-family:宋体;font-size:13.5000pt;\r\nmso-font-kerning:0.0000pt;\"><font face=\"宋体\">（</font>2）商品和服务广告、促销优惠等商业性信息。若用户不愿意接收此类信息，则可通过告知（口头或书面）的方式通知本应用或本应用运营商的关联公司取消发送，亦可通过本应用或本应用运营商关联公司所提供的相应退订功能（若有）进行退订。</span></p><p class=\"MsoNormal\"><span style=\"mso-spacerun:\'yes\';font-family:宋体;font-size:13.5000pt;\r\nmso-font-kerning:0.0000pt;\"><font face=\"宋体\">七、协议的用途、更新和效力</font></span><span style=\"mso-spacerun:\'yes\';font-family:Calibri;mso-fareast-font-family:宋体;\r\nmso-bidi-font-family:\'Times New Roman\';font-size:10.5000pt;mso-font-kerning:1.0000pt;\"><o:p></o:p></span></p><p class=\"MsoNormal\"><span style=\"mso-spacerun:\'yes\';font-family:宋体;font-size:13.5000pt;\r\nmso-font-kerning:0.0000pt;\">1、本协议之服务条款用以规范用户使用本应用提供的服务，本协议与本应用社区行为准则构成完整的协议。</span><span style=\"mso-spacerun:\'yes\';font-family:Calibri;mso-fareast-font-family:宋体;\r\nmso-bidi-font-family:\'Times New Roman\';font-size:10.5000pt;mso-font-kerning:1.0000pt;\"><o:p></o:p></span></p><p class=\"MsoNormal\"><span style=\"mso-spacerun:\'yes\';font-family:Calibri;mso-fareast-font-family:宋体;\r\nmso-bidi-font-family:\'Times New Roman\';font-size:10.5000pt;mso-font-kerning:1.0000pt;\"><o:p>&nbsp;</o:p></span></p><p class=\"MsoNormal\"><span style=\"mso-spacerun:\'yes\';font-family:宋体;font-size:13.5000pt;\r\nmso-font-kerning:0.0000pt;\">2、鉴于国家法律法规不时变化及本应用运营之需要，本应用有权对本协议条款不时地进行修改，修改后的协议一旦被公布于本应用上即告生效，并替代原来的协议。用户有义务不时关注并阅读最新版的协议及网站公告。如用户不同意更新后的协议，则应立即停止接受本应用依据本协议提供的服务；若用户继续使用本应用提供的服务的，即视为同意更新后的协议。如果本协议中任何一条被视为废止、无效或因任何理由不可执行，该条应视为可分的且并不影响任何其余条款的有效性和可执行性。</span><span style=\"mso-spacerun:\'yes\';font-family:Calibri;mso-fareast-font-family:宋体;\r\nmso-bidi-font-family:\'Times New Roman\';font-size:10.5000pt;mso-font-kerning:1.0000pt;\"><o:p></o:p></span></p><p class=\"MsoNormal\"><span style=\"mso-spacerun:\'yes\';font-family:Calibri;mso-fareast-font-family:宋体;\r\nmso-bidi-font-family:\'Times New Roman\';font-size:10.5000pt;mso-font-kerning:1.0000pt;\"><o:p>&nbsp;</o:p></span></p><p class=\"MsoNormal\"><span style=\"mso-spacerun:\'yes\';font-family:宋体;font-size:13.5000pt;\r\nmso-font-kerning:0.0000pt;\"><font face=\"宋体\">八、联系方式</font></span><span style=\"mso-spacerun:\'yes\';font-family:Calibri;mso-fareast-font-family:宋体;\r\nmso-bidi-font-family:\'Times New Roman\';font-size:10.5000pt;mso-font-kerning:1.0000pt;\"><o:p></o:p></span></p><p class=\"MsoNormal\"><span style=\"mso-spacerun:\'yes\';font-family:宋体;font-size:13.5000pt;\r\nmso-font-kerning:0.0000pt;\"><font face=\"宋体\">当你有个人信息相关问题或其他的投诉、建议等，可以通过如下方式与本应用联系，本应用将尽快审核所涉及内容，并于</font>15个工作日内对于你的问题、投诉、建议进行回复；</span><span style=\"mso-spacerun:\'yes\';font-family:Calibri;mso-fareast-font-family:宋体;\r\nmso-bidi-font-family:\'Times New Roman\';font-size:10.5000pt;mso-font-kerning:1.0000pt;\"><o:p></o:p></span></p><p class=\"MsoNormal\"><br></p><p class=\"MsoNormal\"><span style=\"mso-spacerun:\'yes\';font-family:宋体;font-size:13.5000pt;\r\nmso-font-kerning:0.0000pt;\"><font face=\"宋体\">邮箱：</font></span><span style=\"mso-spacerun:\'yes\';font-family:宋体;font-size:13.5000pt;\r\nmso-font-kerning:0.0000pt;\">2369578566@qq.com</span></p>','','','','{\"table\":\"\",\"conditions\":\"\",\"key\":\"\",\"value\":\"\"}'),(70,'wx_small_notify_url','Wx','微信小程序回调地址','','string','https://nft.cyrxljk.cn/api/notify/wxSmallNotify','','','','{\"table\":\"\",\"conditions\":\"\",\"key\":\"\",\"value\":\"\"}'),(72,'buy_content','contents','抢购规则','','editor','<p>抢购规则抢购规则抢购规则抢购规则抢购规则抢购规则抢购规则抢购规则抢购规则抢购规则抢购规则抢购规则<br></p>','','','','{\"table\":\"\",\"conditions\":\"\",\"key\":\"\",\"value\":\"\"}'),(74,'wx_image','follow','微信订阅号二维码','','image','/uploads/20220118/f0340570fa4c0a70cbc9e69ee5a1c6d9.png','','','','{\"table\":\"\",\"conditions\":\"\",\"key\":\"\",\"value\":\"\"}'),(76,'qq_iamge','follow','QQ二维码','','image','/uploads/20220118/17928c3d43856f4dd216a14b4ef0b32e.png','','','','{\"table\":\"\",\"conditions\":\"\",\"key\":\"\",\"value\":\"\"}'),(78,'contact_phone_1','contact','客服一','','string','请扫二维码添加客服','','','','{\"table\":\"\",\"conditions\":\"\",\"key\":\"\",\"value\":\"\"}'),(81,'app_download','basic','APP下载地址','','string','','','','','{\"table\":\"\",\"conditions\":\"\",\"key\":\"\",\"value\":\"\"}'),(82,'技术支持','basic','技术支持','','text','','','','','{\"table\":\"\",\"conditions\":\"\",\"key\":\"\",\"value\":\"\"}'),(85,'zqh','contact','官方客服微信','','image','','','','','{\"table\":\"\",\"conditions\":\"\",\"key\":\"\",\"value\":\"\"}'),(86,'about_content','contents','关于我们','','editor','<p>关于我们关于我们关于我们关于我们关于我们关于我们关于我们关于我们关于我们关于我们关于我们关于我们关于我们关于我们<br></p>','','','','{\"table\":\"\",\"conditions\":\"\",\"key\":\"\",\"value\":\"\"}'),(88,'douyi_image','follow','抖音二维码','','image','/uploads/20220119/0fdf060dde128f30883787a795ee2b08.jpg','','','','{\"table\":\"\",\"conditions\":\"\",\"key\":\"\",\"value\":\"\"}'),(89,'is_trade','goods','二手市场交易','','radio','1','[\"关闭\",\"开放\"]','','','{\"table\":\"\",\"conditions\":\"\",\"key\":\"\",\"value\":\"\"}'),(90,'trade_day','goods','冷冻期天数','','string','0','','','','{\"table\":\"\",\"conditions\":\"\",\"key\":\"\",\"value\":\"\"}'),(93,'rule','compose','合成规则','','editor','<p><br></p>','','','','{\"table\":\"\",\"conditions\":\"\",\"key\":\"\",\"value\":\"\"}'),(94,'sub_commission','basic','分佣','','number','0','','','','{\"table\":\"\",\"conditions\":\"\",\"key\":\"\",\"value\":\"\"}'),(97,'wx_appid','Wx','微信公众号appid','','string','wxbdbd2fb391169316','','','','{\"table\":\"\",\"conditions\":\"\",\"key\":\"\",\"value\":\"\"}'),(98,'wx_appsecret','Wx','微信公众号appsecret','','string','ada411905d6282d2dc1b6ff395bcc59f','','','','{\"table\":\"\",\"conditions\":\"\",\"key\":\"\",\"value\":\"\"}'),(100,'wx_notifyurl','Wx','微信公众号回调地址','','string','https://nft.cyrxljk.cn/api/notify/wxGzhNotify','','','','{\"table\":\"\",\"conditions\":\"\",\"key\":\"\",\"value\":\"\"}'),(101,'host','beckoning','地址','','string','https://nft.cyrxljk.cn/','','','','{\"table\":\"\",\"conditions\":\"\",\"key\":\"\",\"value\":\"\"}'),(102,'appcode','beckoning','认证','','string','8e474886a78a4fc3a7d6f8396025f5a8','','','','{\"table\":\"\",\"conditions\":\"\",\"key\":\"\",\"value\":\"\"}'),(123,'apiKey','wenchangchain','apiKey','','string','42e2F0N8K1S7Z0C5A1O5E0C8H4c967Zj','','','','{\"table\":\"\",\"conditions\":\"\",\"key\":\"\",\"value\":\"\"}'),(124,'apiSecret','wenchangchain','apiSecret','','string','A2s200e8w1O7Z0Q5M1v5K0M8D4Z9x7eZ','','','','{\"table\":\"\",\"conditions\":\"\",\"key\":\"\",\"value\":\"\"}'),(125,'url','wenchangchain','url','','string','https://apis.avata.bianjie.ai/','','','','{\"table\":\"\",\"conditions\":\"\",\"key\":\"\",\"value\":\"\"}'),(126,'status','wenchangchain','状态','','radio','1','[\"测试\",\"线上\"]','','','{\"table\":\"\",\"conditions\":\"\",\"key\":\"\",\"value\":\"\"}'),(127,'account','wenchangchain','链账户地址','','custom','iaa1n3h04g6rdx9rtv36gc5q7wesdz0rprhdxj3env','','','{value}','{\"table\":\"\",\"conditions\":\"\",\"key\":\"\",\"value\":\"\"}'),(128,'names','wenchangchain','链账户名称','','string','诚正数藏平台','','','','{\"table\":\"\",\"conditions\":\"\",\"key\":\"\",\"value\":\"\"}'),(131,'yxgtime','timeconfiguration','优先购时间(分钟)','','string','60','','','','{\"table\":\"\",\"conditions\":\"\",\"key\":\"\",\"value\":\"\"}'),(132,'$site.contact_phone_2','contact','客服二','','text','','','','','{\"table\":\"\",\"conditions\":\"\",\"key\":\"\",\"value\":\"\"}'),(133,'amount_proportion','goods','二手市场手续费百分比','','string','10','','','','{\"table\":\"\",\"conditions\":\"\",\"key\":\"\",\"value\":\"\"}'),(136,'xgstatus','goods','藏品限购次数','','string','20','','','','{\"table\":\"\",\"conditions\":\"\",\"key\":\"\",\"value\":\"\"}'),(137,'mhxgstatus','goods','盲盒限购次数','','string','100','','','','{\"table\":\"\",\"conditions\":\"\",\"key\":\"\",\"value\":\"\"}'),(138,'mh_gmsm','contents','盲盒购买说明','','text','数字藏品为虚拟数字商品，而非实物，仅限实名认证为年满14周岁的中国大陆用户购买。数字藏品的版权由发行方或原创者拥有，除另行取得版权拥有者书面同意外，不得将数字藏品用于任何商业用途，不支持退换。本商品源文件不支持本地下载。请勿对数字藏品进行炒作、场外交易、欺诈，或以任何其他非法方式进行使用','','','','{\"table\":\"\",\"conditions\":\"\",\"key\":\"\",\"value\":\"\"}'),(139,'buy_ri_handle','basic','发售日历开关','','switch','1','','','','{\"table\":\"\",\"conditions\":\"\",\"key\":\"\",\"value\":\"\"}'),(142,'instructions','contents','购买说明','','editor','<p>数字藏品为虚拟数字商品，而非实物，仅限实名认证为年满14周岁的中国大陆用户购买。数字藏品的版权由发行方或原创者拥有，除另行取得版权拥有者书面同意外，不得将数字藏品用于任何商业用途，不支持退换。本商品源文件不支持本地下载。请勿对数字藏品进行炒作、场外交易、欺诈，或以任何其他非法方式进行使用</p>','','','','{\"table\":\"\",\"conditions\":\"\",\"key\":\"\",\"value\":\"\"}');
/*!40000 ALTER TABLE `fa_config` ENABLE KEYS */;
UNLOCK TABLES;

--
-- Table structure for table `fa_config_draw`
--

DROP TABLE IF EXISTS `fa_config_draw`;
/*!40101 SET @saved_cs_client     = @@character_set_client */;
/*!50503 SET character_set_client = utf8 */;
CREATE TABLE `fa_config_draw` (
  `id` int NOT NULL AUTO_INCREMENT,
  `currency_id` int DEFAULT NULL COMMENT '币种ID',
  `min` decimal(20,2) DEFAULT NULL COMMENT '最低取款数量',
  `rate` decimal(20,2) DEFAULT NULL COMMENT '手续费数量',
  `max` decimal(20,2) DEFAULT NULL COMMENT '提现最大数量',
  `is_show` tinyint DEFAULT '1' COMMENT '是否开放:0=未开放,1=开放',
  `content` text CHARACTER SET utf8 COLLATE utf8_unicode_ci COMMENT '提币备注',
  `is_del` tinyint DEFAULT '0' COMMENT '删除状态:0=未删除,1=已删除',
  PRIMARY KEY (`id`) USING BTREE
) ENGINE=MyISAM AUTO_INCREMENT=2 DEFAULT CHARSET=utf8 COLLATE=utf8_unicode_ci ROW_FORMAT=DYNAMIC;
/*!40101 SET character_set_client = @saved_cs_client */;

--
-- Dumping data for table `fa_config_draw`
--

LOCK TABLES `fa_config_draw` WRITE;
/*!40000 ALTER TABLE `fa_config_draw` DISABLE KEYS */;
INSERT INTO `fa_config_draw` VALUES (1,1,1.00,3.00,1000.00,1,'需要填写好自己的银行卡号,提现到账时间72小时内。',0);
/*!40000 ALTER TABLE `fa_config_draw` ENABLE KEYS */;
UNLOCK TABLES;

--
-- Table structure for table `fa_config_pay`
--

DROP TABLE IF EXISTS `fa_config_pay`;
/*!40101 SET @saved_cs_client     = @@character_set_client */;
/*!50503 SET character_set_client = utf8 */;
CREATE TABLE `fa_config_pay` (
  `id` int NOT NULL,
  `name` varchar(255) CHARACTER SET utf8 COLLATE utf8_general_ci DEFAULT NULL COMMENT '名称',
  `image` varchar(255) CHARACTER SET utf8 COLLATE utf8_general_ci DEFAULT '' COMMENT '图片',
  `min` int DEFAULT NULL COMMENT '充值最小值',
  `max` int DEFAULT NULL COMMENT '充值最大值',
  `is_show` tinyint DEFAULT '1' COMMENT '展示状态:0=隐藏,1=展示',
  `order` int DEFAULT '100' COMMENT '排序值',
  `notify_url` varchar(255) CHARACTER SET utf8 COLLATE utf8_general_ci DEFAULT '' COMMENT '回调通知地址',
  `action` varchar(255) CHARACTER SET utf8 COLLATE utf8_general_ci DEFAULT NULL COMMENT '方法名',
  PRIMARY KEY (`id`) USING BTREE
) ENGINE=MyISAM DEFAULT CHARSET=utf8 COLLATE=utf8_general_ci ROW_FORMAT=DYNAMIC;
/*!40101 SET character_set_client = @saved_cs_client */;

--
-- Dumping data for table `fa_config_pay`
--

LOCK TABLES `fa_config_pay` WRITE;
/*!40000 ALTER TABLE `fa_config_pay` DISABLE KEYS */;
INSERT INTO `fa_config_pay` VALUES (1,'微信','/uploads/20211110/941e528b6543fb94328152f02b9abb1a.png',100,1000000,1,100,'http://127.0.0.1:7011/api/notify/wxNotify','WxLogic()'),(2,'支付宝','/uploads/20211110/e113791172db0ffe69d5e2e30acb39aa.png',100,1000000,1,100,'http://127.0.0.1:7011/api/notify/aliNotify','AliLogic()');
/*!40000 ALTER TABLE `fa_config_pay` ENABLE KEYS */;
UNLOCK TABLES;

--
-- Table structure for table `fa_config_transfer`
--

DROP TABLE IF EXISTS `fa_config_transfer`;
/*!40101 SET @saved_cs_client     = @@character_set_client */;
/*!50503 SET character_set_client = utf8 */;
CREATE TABLE `fa_config_transfer` (
  `id` int NOT NULL AUTO_INCREMENT,
  `currency_id` int DEFAULT NULL COMMENT '币种信息',
  `min` decimal(10,2) DEFAULT '1.00' COMMENT '最小转增金额',
  `max` decimal(10,2) DEFAULT NULL COMMENT '最大转增金额',
  `cardinal_number` int DEFAULT '1' COMMENT '转增基数',
  `rate` decimal(10,2) DEFAULT '0.00' COMMENT '手续费金额',
  `is_show` tinyint DEFAULT '1' COMMENT '展示状态:0=隐藏,1=展示',
  `is_del` tinyint DEFAULT '0' COMMENT '删除状态:0=未删除,1=已删除',
  PRIMARY KEY (`id`) USING BTREE
) ENGINE=MyISAM AUTO_INCREMENT=4 DEFAULT CHARSET=utf8 COLLATE=utf8_general_ci ROW_FORMAT=DYNAMIC;
/*!40101 SET character_set_client = @saved_cs_client */;

--
-- Dumping data for table `fa_config_transfer`
--

LOCK TABLES `fa_config_transfer` WRITE;
/*!40000 ALTER TABLE `fa_config_transfer` DISABLE KEYS */;
INSERT INTO `fa_config_transfer` VALUES (1,1,1.00,1000.00,1,0.00,1,0),(2,2,1.00,1000.00,1,0.00,1,0),(3,3,1.00,1000.00,1,0.00,1,0);
/*!40000 ALTER TABLE `fa_config_transfer` ENABLE KEYS */;
UNLOCK TABLES;

--
-- Table structure for table `fa_coupon`
--

DROP TABLE IF EXISTS `fa_coupon`;
/*!40101 SET @saved_cs_client     = @@character_set_client */;
/*!50503 SET character_set_client = utf8 */;
CREATE TABLE `fa_coupon` (
  `id` int NOT NULL AUTO_INCREMENT,
  `name` varchar(255) CHARACTER SET utf8 COLLATE utf8_general_ci DEFAULT NULL COMMENT '优惠券名称',
  `image` varchar(255) CHARACTER SET utf8 COLLATE utf8_general_ci DEFAULT NULL COMMENT '图片',
  `desc` varchar(255) CHARACTER SET utf8 COLLATE utf8_general_ci DEFAULT '' COMMENT '介绍',
  `money` decimal(10,2) DEFAULT NULL COMMENT '优惠券金额',
  `day` int DEFAULT NULL COMMENT '有效期限',
  `is_del` tinyint DEFAULT '0' COMMENT '删除状态:0=未删除,1=已删除',
  PRIMARY KEY (`id`) USING BTREE
) ENGINE=MyISAM DEFAULT CHARSET=utf8 COLLATE=utf8_general_ci ROW_FORMAT=DYNAMIC;
/*!40101 SET character_set_client = @saved_cs_client */;

--
-- Dumping data for table `fa_coupon`
--

LOCK TABLES `fa_coupon` WRITE;
/*!40000 ALTER TABLE `fa_coupon` DISABLE KEYS */;
/*!40000 ALTER TABLE `fa_coupon` ENABLE KEYS */;
UNLOCK TABLES;

--
-- Table structure for table `fa_currency`
--

DROP TABLE IF EXISTS `fa_currency`;
/*!40101 SET @saved_cs_client     = @@character_set_client */;
/*!50503 SET character_set_client = utf8 */;
CREATE TABLE `fa_currency` (
  `id` int NOT NULL AUTO_INCREMENT,
  `name` varchar(255) CHARACTER SET utf8 COLLATE utf8_unicode_ci DEFAULT NULL COMMENT '名称',
  `image` varchar(255) CHARACTER SET utf8 COLLATE utf8_unicode_ci DEFAULT NULL COMMENT '币种图片',
  `digit` int DEFAULT NULL COMMENT '保留位数',
  `is_del` tinyint DEFAULT '0' COMMENT '删除状态:0=未删除,1=已删除',
  PRIMARY KEY (`id`) USING BTREE
) ENGINE=MyISAM AUTO_INCREMENT=2 DEFAULT CHARSET=utf8 COLLATE=utf8_unicode_ci ROW_FORMAT=DYNAMIC;
/*!40101 SET character_set_client = @saved_cs_client */;

--
-- Dumping data for table `fa_currency`
--

LOCK TABLES `fa_currency` WRITE;
/*!40000 ALTER TABLE `fa_currency` DISABLE KEYS */;
INSERT INTO `fa_currency` VALUES (1,'余额','',2,0);
/*!40000 ALTER TABLE `fa_currency` ENABLE KEYS */;
UNLOCK TABLES;

--
-- Table structure for table `fa_draw_record`
--

DROP TABLE IF EXISTS `fa_draw_record`;
/*!40101 SET @saved_cs_client     = @@character_set_client */;
/*!50503 SET character_set_client = utf8 */;
CREATE TABLE `fa_draw_record` (
  `id` int NOT NULL AUTO_INCREMENT,
  `uid` int DEFAULT NULL COMMENT '会员ID',
  `currency_id` int DEFAULT NULL COMMENT '提现币种',
  `order_num` varchar(255) CHARACTER SET utf8 COLLATE utf8_unicode_ci DEFAULT '' COMMENT '提币订单号',
  `account` decimal(20,2) DEFAULT NULL COMMENT '提币金额',
  `reality_account` decimal(20,2) DEFAULT NULL COMMENT '实际到账金额',
  `type` tinyint DEFAULT '1' COMMENT '提现类型:1=银行卡,2=支付宝,3=微信',
  `status` tinyint DEFAULT '0' COMMENT '审核状态:0=未审核,1=已通过,2=已拒绝',
  `refuse` varchar(255) CHARACTER SET utf8 COLLATE utf8_unicode_ci DEFAULT '' COMMENT '审核备注',
  `create_time` datetime DEFAULT NULL COMMENT '申请时间',
  `bank_name` varchar(255) CHARACTER SET utf8 COLLATE utf8_unicode_ci DEFAULT '' COMMENT '银行卡名称',
  `bank_number` varchar(255) CHARACTER SET utf8 COLLATE utf8_unicode_ci DEFAULT '' COMMENT '银行卡卡号',
  `bank_owner` varchar(255) CHARACTER SET utf8 COLLATE utf8_unicode_ci DEFAULT '' COMMENT '开户人',
  `bank_branch` varchar(255) CHARACTER SET utf8 COLLATE utf8_unicode_ci DEFAULT '' COMMENT '开户支行',
  `ali_name` varchar(255) CHARACTER SET utf8 COLLATE utf8_unicode_ci DEFAULT '' COMMENT '支付宝收款人姓名',
  `ali_number` varchar(255) CHARACTER SET utf8 COLLATE utf8_unicode_ci DEFAULT '' COMMENT '支付宝收款人账号',
  `ali_image` varchar(255) CHARACTER SET utf8 COLLATE utf8_unicode_ci DEFAULT '' COMMENT '支付宝收款二维码',
  `wx_name` varchar(255) CHARACTER SET utf8 COLLATE utf8_unicode_ci DEFAULT '' COMMENT '微信收款名称',
  `wx_number` varchar(255) CHARACTER SET utf8 COLLATE utf8_unicode_ci DEFAULT '' COMMENT '微信收款账号',
  `wx_image` varchar(255) CHARACTER SET utf8 COLLATE utf8_unicode_ci DEFAULT '' COMMENT '微信收款图片',
  PRIMARY KEY (`id`) USING BTREE
) ENGINE=MyISAM AUTO_INCREMENT=8 DEFAULT CHARSET=utf8 COLLATE=utf8_unicode_ci ROW_FORMAT=DYNAMIC;
/*!40101 SET character_set_client = @saved_cs_client */;

--
-- Dumping data for table `fa_draw_record`
--

LOCK TABLES `fa_draw_record` WRITE;
/*!40000 ALTER TABLE `fa_draw_record` DISABLE KEYS */;
INSERT INTO `fa_draw_record` VALUES (1,2079,1,'6236462609273683',100.00,97.00,1,1,'','2022-06-23 14:10:26','s1','11','李小宝','','','','','','',''),(2,2079,1,'6236466251034972',100.00,97.00,1,2,'            就不给你过','2022-06-23 14:11:02','s1','11','李小宝','','','','','','',''),(3,2079,1,'7040637970826784',100.00,97.00,1,1,'到账','2022-07-04 11:46:19','s1','11','李小宝','','','','','','',''),(4,2127,1,'7058901444761380',10.00,9.70,3,1,'','2022-07-05 10:43:34','','','','','','','','','',''),(5,2127,1,'7058937807349651',20.00,19.40,2,2,'不通过','2022-07-05 10:49:38','','','','','','','','','',''),(6,2126,1,'7105160039603669',1.00,0.97,1,1,'','2022-07-10 19:13:20','工商银行','6215581508002422670','李小宝','','','','','','',''),(7,27919,1,'7105168550538640',100.00,97.00,1,0,'','2022-07-10 19:14:45','中国银行','6235732000002718451','陈荣达','','','','','','','');
/*!40000 ALTER TABLE `fa_draw_record` ENABLE KEYS */;
UNLOCK TABLES;

--
-- Table structure for table `fa_feedback`
--

DROP TABLE IF EXISTS `fa_feedback`;
/*!40101 SET @saved_cs_client     = @@character_set_client */;
/*!50503 SET character_set_client = utf8 */;
CREATE TABLE `fa_feedback` (
  `id` int NOT NULL AUTO_INCREMENT,
  `uid` int DEFAULT NULL COMMENT '会员ID',
  `images` varchar(2555) CHARACTER SET utf8 COLLATE utf8_general_ci DEFAULT '' COMMENT '截图凭证',
  `remark` varchar(2555) CHARACTER SET utf8 COLLATE utf8_general_ci DEFAULT NULL COMMENT '反馈内容',
  `is_del` tinyint DEFAULT '0' COMMENT '删除状态:0=未删除,1=已删除',
  `status` tinyint DEFAULT '0' COMMENT '状态:0=未处理,1=已处理',
  `create_time` datetime DEFAULT NULL COMMENT '反馈时间',
  PRIMARY KEY (`id`) USING BTREE
) ENGINE=MyISAM AUTO_INCREMENT=5 DEFAULT CHARSET=utf8 COLLATE=utf8_general_ci ROW_FORMAT=DYNAMIC;
/*!40101 SET character_set_client = @saved_cs_client */;

--
-- Dumping data for table `fa_feedback`
--

LOCK TABLES `fa_feedback` WRITE;
/*!40000 ALTER TABLE `fa_feedback` DISABLE KEYS */;
INSERT INTO `fa_feedback` VALUES (1,2,'','111',0,1,'2021-11-10 16:55:59'),(2,55,'/uploads/base/20211111/a359fdac2b74f1dddf588f06c1f77a8d.png','1',0,0,'2021-11-11 11:37:58'),(3,55,'/uploads/base/20211111/a8174d91c663811a79bacecbebac8f65.png','2',0,0,'2021-11-11 11:38:11'),(4,55,'/uploads/base/20211111/9c7ee23fb7f9758f7d6e6bfc38bd08bf.png','2',0,0,'2021-11-11 11:39:15');
/*!40000 ALTER TABLE `fa_feedback` ENABLE KEYS */;
UNLOCK TABLES;

--
-- Table structure for table `fa_funds`
--

DROP TABLE IF EXISTS `fa_funds`;
/*!40101 SET @saved_cs_client     = @@character_set_client */;
/*!50503 SET character_set_client = utf8 */;
CREATE TABLE `fa_funds` (
  `id` int NOT NULL AUTO_INCREMENT,
  `uid` int DEFAULT NULL COMMENT '会员信息',
  `currency_id` int DEFAULT NULL COMMENT '币种ID',
  `account` decimal(20,2) DEFAULT NULL COMMENT '操作金额',
  `type` tinyint DEFAULT '1' COMMENT '操作类型:1=充值,2=扣费',
  `create_time` datetime DEFAULT NULL COMMENT '操作时间',
  PRIMARY KEY (`id`) USING BTREE
) ENGINE=MyISAM AUTO_INCREMENT=33 DEFAULT CHARSET=utf8 COLLATE=utf8_unicode_ci ROW_FORMAT=DYNAMIC;
/*!40101 SET character_set_client = @saved_cs_client */;

--
-- Dumping data for table `fa_funds`
--

LOCK TABLES `fa_funds` WRITE;
/*!40000 ALTER TABLE `fa_funds` DISABLE KEYS */;
INSERT INTO `fa_funds` VALUES (1,2079,1,6666.00,1,'2022-06-23 10:37:26'),(2,2083,1,100.00,1,'2022-06-23 10:58:22'),(3,2081,1,1000.00,1,'2022-06-23 11:14:28'),(4,2084,1,10000.00,1,'2022-06-24 18:38:21'),(5,2084,1,10.00,1,'2022-06-24 18:38:34'),(6,2078,1,1000000.00,1,'2022-06-24 18:41:17'),(7,2085,1,10000.00,1,'2022-06-27 18:10:12'),(8,2087,1,1222.00,1,'2022-06-29 04:06:44'),(9,2091,1,100000.00,1,'2022-06-30 00:35:21'),(10,2118,1,1000.00,1,'2022-07-02 14:43:16'),(11,2126,1,1000.00,1,'2022-07-04 21:26:10'),(12,2127,1,10.00,1,'2022-07-05 10:40:34'),(13,2127,1,1000.00,1,'2022-07-05 10:47:36'),(14,2127,1,50.00,2,'2022-07-05 14:22:20'),(15,2139,1,999999.00,1,'2022-07-05 16:20:25'),(16,2138,1,100.00,1,'2022-07-06 15:34:11'),(17,2142,1,100.00,1,'2022-07-06 17:49:21'),(18,2144,1,100.00,1,'2022-07-06 20:48:29'),(19,2144,1,2000.00,1,'2022-07-06 20:52:08'),(20,2145,1,2000.00,1,'2022-07-07 09:34:49'),(21,2573,1,36.00,1,'2022-07-07 10:47:33'),(22,2573,1,18.00,1,'2022-07-07 11:58:46'),(23,2509,1,12.00,1,'2022-07-07 17:41:08'),(24,18392,1,2000.00,1,'2022-07-08 09:28:48'),(25,18521,1,10.00,1,'2022-07-08 09:40:03'),(26,2352,1,33.00,1,'2022-07-08 10:27:15'),(27,2233,1,33.00,1,'2022-07-08 10:40:25'),(28,2352,1,33.00,2,'2022-07-08 10:40:41'),(29,19250,1,8888.00,1,'2022-08-05 20:19:39'),(30,30685,1,100000.00,1,'2022-08-17 22:03:50'),(31,30686,1,100000.00,1,'2022-08-18 04:33:32'),(32,30689,1,10000.00,1,'2022-08-19 17:41:27');
/*!40000 ALTER TABLE `fa_funds` ENABLE KEYS */;
UNLOCK TABLES;

--
-- Table structure for table `fa_goods`
--

DROP TABLE IF EXISTS `fa_goods`;
/*!40101 SET @saved_cs_client     = @@character_set_client */;
/*!50503 SET character_set_client = utf8 */;
CREATE TABLE `fa_goods` (
  `id` int NOT NULL AUTO_INCREMENT,
  `name` varchar(255) CHARACTER SET utf8 COLLATE utf8_unicode_ci DEFAULT NULL COMMENT '商品名字',
  `title` varchar(2555) CHARACTER SET utf8 COLLATE utf8_unicode_ci DEFAULT '' COMMENT '拍品简介',
  `image` varchar(255) CHARACTER SET utf8 COLLATE utf8_unicode_ci DEFAULT NULL COMMENT '商品展示图',
  `images` varchar(255) CHARACTER SET utf8 COLLATE utf8_unicode_ci DEFAULT '' COMMENT '商品轮播图',
  `price` decimal(10,2) DEFAULT NULL COMMENT '商品售价',
  `type` tinyint DEFAULT '1' COMMENT '类型:1=单品,2=多品组合',
  `content` text CHARACTER SET utf8 COLLATE utf8_unicode_ci COMMENT '商品介绍',
  `order` int DEFAULT NULL COMMENT '排序值',
  `start_time` datetime DEFAULT NULL COMMENT '开始时间',
  `end_time` datetime DEFAULT NULL COMMENT '结束时间',
  `stock` int NOT NULL DEFAULT '0' COMMENT '总份额',
  `sales` int NOT NULL DEFAULT '0' COMMENT '销售量',
  `surplus` int NOT NULL DEFAULT '0' COMMENT '剩余份额',
  `company_name` varchar(255) CHARACTER SET utf8 COLLATE utf8_unicode_ci DEFAULT '' COMMENT '公司名称',
  `company_image` varchar(255) CHARACTER SET utf8 COLLATE utf8_unicode_ci DEFAULT '' COMMENT '公司头像',
  `creator` varchar(255) CHARACTER SET utf8 COLLATE utf8_unicode_ci DEFAULT '' COMMENT '创作者',
  `owner` varchar(255) CHARACTER SET utf32 COLLATE utf32_czech_ci DEFAULT NULL COMMENT '拥有者',
  `casting_name` varchar(255) CHARACTER SET utf8 COLLATE utf8_unicode_ci DEFAULT '' COMMENT '铸造平台',
  `casting_time` datetime DEFAULT NULL COMMENT '铸造时间',
  `blockchain` varchar(255) CHARACTER SET utf8 COLLATE utf8_unicode_ci DEFAULT '' COMMENT '区块链',
  `is_show` tinyint DEFAULT '1' COMMENT '是否展示:0=未展示,1=展示',
  `is_del` tinyint DEFAULT '0' COMMENT '是否删除:0=未删除,1=已删除',
  `coupon_id` int DEFAULT '0' COMMENT '赠送优惠券ID',
  `label` varchar(255) CHARACTER SET utf8 COLLATE utf8_unicode_ci DEFAULT '' COMMENT '作品标签',
  `goods_category_id` int DEFAULT '0' COMMENT '所属分类',
  `extend` varchar(255) CHARACTER SET utf8 COLLATE utf8_unicode_ci DEFAULT NULL COMMENT '扩展字段',
  `is_can_buy` tinyint(1) NOT NULL DEFAULT '1' COMMENT '是否参与购买:0=否,1=是',
  `is_manghe` tinyint(1) NOT NULL DEFAULT '0' COMMENT '是否是盲盒:0=不是,1=是,2=合成',
  `is_chip` tinyint(1) NOT NULL DEFAULT '0' COMMENT '是否是碎片:0=否,1=是',
  `account` text CHARACTER SET utf8 COLLATE utf8_unicode_ci,
  `asset_id` varchar(255) CHARACTER SET utf8 COLLATE utf8_unicode_ci DEFAULT NULL COMMENT '资产ID',
  `fnstatus` tinyint NOT NULL DEFAULT '0' COMMENT '赋能状态:0=否,1=是',
  `appointment_start_time` datetime DEFAULT NULL COMMENT '预约开始时间',
  `appointment_end_time` datetime DEFAULT NULL COMMENT '预约结束时间',
  `is_appointment` tinyint NOT NULL DEFAULT '0' COMMENT '是否有预约 0=》否，1=》是',
  `fncount` int NOT NULL DEFAULT '0' COMMENT '赋能数量',
  `goods_id` text CHARACTER SET utf8 COLLATE utf8_unicode_ci COMMENT '赋能数藏',
  `draw_time` datetime DEFAULT NULL COMMENT '抽签时间',
  `hcstatus` tinyint NOT NULL DEFAULT '0' COMMENT '合成状态:0=否,1=是',
  `hcgoods_id` text CHARACTER SET utf8 COLLATE utf8_unicode_ci COMMENT '合成藏品',
  `limit_number` int NOT NULL DEFAULT '0' COMMENT '合成限制份数',
  PRIMARY KEY (`id`) USING BTREE
) ENGINE=MyISAM AUTO_INCREMENT=91 DEFAULT CHARSET=utf8 COLLATE=utf8_unicode_ci ROW_FORMAT=DYNAMIC;
/*!40101 SET character_set_client = @saved_cs_client */;

--
-- Dumping data for table `fa_goods`
--

LOCK TABLES `fa_goods` WRITE;
/*!40000 ALTER TABLE `fa_goods` DISABLE KEYS */;
INSERT INTO `fa_goods` VALUES (1,'测试盲盒','11','/uploads/20220616/547d63c172dfd48c9b47a0df7ab92bcf.png','',11.00,1,'<p>1</p>',0,'2022-06-23 02:18:04','2022-06-25 02:18:04',0,0,0,'','','','','','2022-06-23 02:18:04','',1,1,0,'',17,NULL,0,2,0,NULL,NULL,0,NULL,NULL,0,0,'',NULL,1,'2',0),(2,'测试','1','/uploads/20220616/3cb719bd2ce041067ddc3e8ddd9afcaf.png','',11.00,1,'<p>1</p>',7,'2022-06-23 02:18:29','2022-07-06 02:18:29',11111,4,11103,'','','','','','2022-06-23 02:18:29','',1,1,0,'',17,NULL,1,0,0,NULL,NULL,0,NULL,NULL,0,0,'',NULL,0,'',0),(3,'测试盲盒','1','/uploads/20220623/81ea3784e3a07c8b2365fe4c05ae7737.png','',9.90,1,'<p>111</p>',0,'2022-06-23 11:19:42','2022-06-23 11:19:42',100,3,94,'','','','','','2022-06-23 11:19:42','',1,1,0,'',24,NULL,1,1,0,NULL,NULL,0,NULL,NULL,0,0,'',NULL,0,'',0),(4,'四大美人-杨玉环','简介','/uploads/20220623/dfc0869413bee722eb3de99570be05b7.jpg','/uploads/20220623/dfc0869413bee722eb3de99570be05b7.jpg',9.87,1,'<p>介绍介绍</p><p><br></p>',6,'2022-06-23 13:33:15','2022-06-24 13:32:15',1,0,0,'公司名称','/uploads/20220624/3d239ab2a8a52ad55c7819f048f09cae.png','创造者','拥有者','诚正','2022-06-23 13:32:15','',1,1,0,'便签',24,NULL,1,0,0,NULL,NULL,0,NULL,NULL,0,0,'',NULL,0,'',0),(5,'3','214','/uploads/20220623/dfc0869413bee722eb3de99570be05b7.jpg','/uploads/20220623/dfc0869413bee722eb3de99570be05b7.jpg',1.00,1,'<p>1</p>',5,'2022-06-23 13:35:33','2022-06-24 13:35:33',2,0,0,'1','1','1','1','','2022-06-23 13:35:33','',1,1,0,'1',24,NULL,1,0,0,NULL,NULL,0,NULL,NULL,0,0,'',NULL,0,'',0),(6,'333','莫得','/uploads/20220623/da50a23a86b606aec9f4f0cf01626dd7.gif','/uploads/20220623/da50a23a86b606aec9f4f0cf01626dd7.gif',11.00,1,'<p>66</p>',0,'2022-06-23 22:25:54','2022-07-01 22:25:54',22,0,22,'','','','','','2022-06-23 22:25:54','',1,1,0,'',17,NULL,1,0,0,NULL,NULL,0,NULL,NULL,0,0,'',NULL,0,'',0),(7,'青龙','青龙起初是指东方龙状的星宿名称，起源于上古星宿崇拜，在中国二十八星宿中，一开始是因为“东方七星宿”的排列形状像龙，因此青龙从先秦以来成为象征东方七宿与太昊的东方之神，在五行中属木，在八卦中对应震与巽， [1]  [41]  [65]  代表四象中的“少阳”、四季中的“春季”，同时也是天之东陆。 [14]  [60-61]  [2]  [23]  在古人将东七宿组合想象成为龙形象后，又按阴阳五行给五方配色之说，因位于东方主木，代表色为“青”，故名“青龙”，从而衍生成具象化的兽类形态，呈为青色（苍色）之龙。','/uploads/20220627/57ca98ad9318dd18981327d910513aba.png','/uploads/20220627/57ca98ad9318dd18981327d910513aba.png',39.90,1,'<p><img src=\"http://139.196.238.191/uploads/20220627/57ca98ad9318dd18981327d910513aba.png\" style=\"width: 470px;\"><br></p>',1,'2022-06-27 11:24:32','2022-06-29 11:24:32',2,2,0,'诚正Maple','/uploads/20220623/81ea3784e3a07c8b2365fe4c05ae7737.png','诚正Maple','诚正Maple','诚正Maple','2022-06-27 11:24:32','',1,1,0,'青龙',25,NULL,1,0,0,NULL,NULL,1,NULL,NULL,0,3,'4',NULL,0,'',0),(8,'2','2','/uploads/20220623/da50a23a86b606aec9f4f0cf01626dd7.gif','/uploads/20220623/da50a23a86b606aec9f4f0cf01626dd7.gif',1.00,1,'<p>优先购青龙</p>',2,'2022-06-27 11:35:29','2022-06-30 11:35:29',2,2,0,'','','','','诚正','2022-06-27 11:35:29','',1,1,0,'青龙优先购',25,NULL,1,0,0,NULL,NULL,1,NULL,NULL,0,10,'7',NULL,0,'',0),(9,'我是盲盒测试','盲盒盲盒','/uploads/20220627/57ca98ad9318dd18981327d910513aba.png','',99.00,1,'<p>99999</p>',0,'2022-06-27 16:56:02','2022-06-30 16:56:02',99,3,96,'','','','','','2022-06-27 16:56:02','',1,1,0,'',24,NULL,1,1,0,NULL,NULL,0,NULL,NULL,0,0,'',NULL,0,'',0),(10,'开天辟地四象','开天匹敌子项','/uploads/20220627/ecef4623674c2e0fcbf44c086a1dfb0f.png','/uploads/20220627/ecef4623674c2e0fcbf44c086a1dfb0f.png',0.00,1,'<p>天地无极天地无极天地无极天地无极<br></p>',1,'2022-06-27 20:30:02','2022-06-28 20:30:02',0,0,0,'','','诚正Maple','诚正Maple','诚正Maple','2022-06-27 20:30:02','',1,1,0,'合成',25,NULL,0,2,0,NULL,NULL,0,NULL,NULL,0,0,'',NULL,1,'7,8',0),(11,'四大神兽','青龙起初是指东方龙状的星宿名称，起源于上古星宿崇拜，在中国二十八星宿中，一开始是因为“东方七星宿”的排列形状像龙，因此青龙从先秦以来成为象征东方七宿与太昊的东方之神，在五行中属木，在八卦中对应震与巽， [1]  [41]  [65]  代表四象中的“少阳”、四季中的“春季”，同时也是天之东陆。 [14]  [60-61]  [2]  [23]  在古人将东七宿组合想象成为龙形象后，又按阴阳五行给五方配色之说，因位于东方主木，代表色为“青”，故名“青龙”，从而衍生成具象化的兽类形态，呈为青色（苍色）之龙。','/uploads/20220623/dfc0869413bee722eb3de99570be05b7.jpg','',39.90,1,'<p>666</p>',0,'2022-06-27 23:46:48','2022-06-30 23:46:48',200,1,199,'','','','','','2022-06-27 23:46:48','',1,1,0,'',17,NULL,1,1,0,NULL,NULL,0,NULL,NULL,0,0,'',NULL,0,'',0),(12,'测试藏品','积分兑换的金额','/uploads/20220627/ecef4623674c2e0fcbf44c086a1dfb0f.png','/uploads/20220627/ecef4623674c2e0fcbf44c086a1dfb0f.png',99.00,1,'<p>发大幅度发</p>',1,'2022-06-28 13:59:05','2022-06-30 13:59:05',99,0,99,'迪软科技','/uploads/20220627/ecef4623674c2e0fcbf44c086a1dfb0f.png','嗨','嗨','嗨','2022-06-28 13:59:05','',1,1,0,'信息',24,NULL,0,2,0,NULL,NULL,0,NULL,NULL,0,0,'',NULL,1,'8,7',0),(13,'合成名称','积分兑换的金额','/uploads/20220627/ecef4623674c2e0fcbf44c086a1dfb0f.png','/uploads/20220627/57ca98ad9318dd18981327d910513aba.png',99.00,1,'<p>999</p>',9,'2022-06-28 14:14:09','2022-06-28 14:14:09',99,0,99,'迪软科技','','嗨','嗨','嗨','2022-06-28 14:14:09','',1,1,0,'信息',24,NULL,0,2,0,NULL,NULL,0,NULL,NULL,0,0,'',NULL,1,'8,7',10),(14,'四大神兽222','21','/uploads/20220623/dfc0869413bee722eb3de99570be05b7.jpg','/uploads/20220623/dfc0869413bee722eb3de99570be05b7.jpg',66.66,1,'<p>3434343</p>',0,'2022-06-29 00:00:00','2022-06-30 16:15:37',666,0,666,'','','','','','2022-06-28 16:15:37','',1,1,0,'',25,NULL,1,0,0,NULL,NULL,0,NULL,NULL,0,0,'',NULL,0,'',0),(15,'测试','1','/uploads/20220611/70728858ced38a328b06e19687dbd022.jpg','',11.00,1,'<p>1</p>',0,'2022-06-29 03:53:02','2022-07-02 03:53:02',3,2,1,'','','','','','2022-06-29 03:53:02','',1,1,0,'',24,NULL,1,0,0,NULL,NULL,0,NULL,NULL,0,0,'',NULL,0,'',0),(16,'测试2','11','/uploads/20220613/3cb719bd2ce041067ddc3e8ddd9afcaf.png','',1.00,1,'<p>1</p>',0,'2022-06-29 04:05:48','2022-07-09 04:05:48',3,1,2,'','','','','','2022-06-29 04:05:48','',1,1,0,'',24,NULL,1,0,0,NULL,NULL,0,NULL,NULL,0,0,'',NULL,0,'',0),(17,'测试合成','11','/uploads/20220613/3cb719bd2ce041067ddc3e8ddd9afcaf.png','',11.00,1,'<p>1</p>',0,'2022-06-29 04:12:34','2022-06-29 04:12:34',2,2,0,'','','','','','2022-06-29 04:12:34','',1,1,0,'',24,NULL,0,2,0,NULL,NULL,0,NULL,NULL,0,0,'',NULL,1,'15',5),(18,'测试','1','/uploads/20220613/3cb719bd2ce041067ddc3e8ddd9afcaf.png','',11.00,1,'<p>1</p>',0,'2022-06-29 09:28:57','2022-07-09 09:28:57',3,2,1,'','','','','','2022-06-29 09:28:57','',1,1,0,'',24,NULL,1,0,0,NULL,NULL,0,NULL,NULL,0,0,'',NULL,0,'',0),(19,'测试合成库存的问题','积分兑换的金额','/uploads/20220617/f255c913f71f3f02b8ec1478e04decc8.jpg','/uploads/20220623/da50a23a86b606aec9f4f0cf01626dd7.gif',99.00,1,'<p>999</p>',1,'2022-06-29 09:36:04','2022-07-01 09:36:04',22,22,0,'迪软科技','','','','','2022-06-29 09:36:04','',1,1,0,'信息',24,NULL,0,2,0,NULL,NULL,0,NULL,NULL,0,0,'',NULL,1,'18',8),(20,'测试合成的','积分兑换的金额','/uploads/20220617/f255c913f71f3f02b8ec1478e04decc8.jpg','/uploads/20220617/f255c913f71f3f02b8ec1478e04decc8.jpg',10.00,1,'<p>444</p>',1,'2022-06-29 11:03:14','2022-06-30 11:03:14',12,12,0,'迪软科技','','','','','2022-06-29 11:03:14','',1,1,0,'信息',24,NULL,0,2,0,NULL,NULL,0,NULL,NULL,0,0,'',NULL,1,'18',20),(21,'四大神兽','青龙起初是指东方龙状的星宿名称，起源于上古星宿崇拜，在中国二十八星宿中，一开始是因为“东方七星宿”的排列形状像龙，因此青龙从先秦以来成为象征东方七宿与太昊的东方之神，在五行中属木，在八卦中对应震与巽， [1]  [41]  [65]  代表四象中的“少阳”、四季中的“春季”，同时也是天之东陆。 [14]  [60-61]  [2]  [23]  在古人将东七宿组合想象成为龙形象后，又按阴阳五行给五方配色之说，因位于东方主木，代表色为“青”，故名“青龙”，从而衍生成具象化的兽类形态，呈为青色（苍色）之龙。','/uploads/20220627/57ca98ad9318dd18981327d910513aba.png','/uploads/20220627/57ca98ad9318dd18981327d910513aba.png',29.90,1,'<p>666</p>',1,'2022-06-29 12:17:20','2022-06-30 12:17:20',4,4,0,'','','','','','2022-06-29 12:17:20','',1,1,0,'',25,NULL,1,0,0,NULL,NULL,0,NULL,NULL,0,3,'',NULL,0,'',0),(22,'测试盲盒的','积分兑换的金额','/uploads/20220627/ecef4623674c2e0fcbf44c086a1dfb0f.png','',9.00,1,'<p>999</p>',0,'2022-06-29 12:28:52','2022-07-01 12:28:52',10,10,0,'','','','','','2022-06-29 12:28:52','',0,1,0,'',17,NULL,1,1,0,NULL,NULL,0,NULL,NULL,0,0,'',NULL,0,'',0),(23,'测试盲盒2','积分兑换的金额','/uploads/20220627/ecef4623674c2e0fcbf44c086a1dfb0f.png','',9.00,1,'<p>多大多大</p>',0,'2022-06-29 14:33:34','2022-07-01 14:33:34',6,6,0,'','','','','','2022-06-29 14:33:34','',1,1,0,'',24,NULL,1,1,0,NULL,NULL,0,NULL,NULL,0,0,'',NULL,0,'',0),(24,'盲盒商品1','积分兑换的金额','/uploads/20220617/f255c913f71f3f02b8ec1478e04decc8.jpg','/uploads/20220617/f255c913f71f3f02b8ec1478e04decc8.jpg',9.00,1,'<p>啊啊啊</p>',2,'2022-06-29 14:39:00','2022-06-30 14:39:00',6,6,0,'迪软科技','','','','','2022-06-29 14:39:00','',0,1,0,'',24,NULL,1,0,0,NULL,NULL,0,NULL,NULL,0,0,'',NULL,0,'',0),(25,'盲盒商品2','积分兑换的金额','/uploads/20220623/81ea3784e3a07c8b2365fe4c05ae7737.png','/uploads/20220623/81ea3784e3a07c8b2365fe4c05ae7737.png',0.00,1,'<p>对对对</p>',3,'2022-06-29 14:39:53','2022-06-30 14:39:53',62,8,54,'','','','','','2022-06-29 14:39:53','',0,1,0,'',24,NULL,1,0,0,NULL,NULL,0,NULL,NULL,0,0,'',NULL,0,'',0),(26,'cscscs','11','/uploads/20220613/3cb719bd2ce041067ddc3e8ddd9afcaf.png','',11.00,1,'<p>11</p>',4,'2022-06-29 15:14:26','2022-07-03 15:14:26',61,1,60,'','','','','','2022-06-29 15:14:26','',0,1,0,'',24,NULL,1,0,0,NULL,NULL,0,NULL,NULL,0,0,'',NULL,0,'',0),(27,'四大神兽','21','/uploads/20220623/dfc0869413bee722eb3de99570be05b7.jpg','/uploads/20220623/dfc0869413bee722eb3de99570be05b7.jpg',1.00,1,'<p>444</p>',5,'2022-06-29 16:31:46','2022-07-01 16:31:46',21,4,17,'李小宝','李小宝','','','','2022-06-29 16:31:46','',0,1,0,'',24,NULL,1,0,0,NULL,NULL,0,NULL,NULL,0,0,'',NULL,0,'',0),(28,'测试ccccc','11','/uploads/20220613/3cb719bd2ce041067ddc3e8ddd9afcaf.png','',1.00,1,'<p>1</p>',0,'2022-06-29 21:14:19','2022-07-09 21:14:19',419,19,400,'','','','','','2022-06-29 21:14:19','',0,1,0,'',24,NULL,1,0,0,NULL,NULL,0,NULL,NULL,0,0,'',NULL,0,'',0),(29,'盲盒测试1','盲盒测试1','/uploads/20220616/0aa6438cfac482ba0e4f7d9e428a350f.jpg','/uploads/20220616/0aa6438cfac482ba0e4f7d9e428a350f.jpg',9.98,1,'<p>盲盒测试1<br></p>',0,'2022-06-29 21:54:05','2022-06-30 21:54:05',666,0,666,'','','','','','2022-06-29 21:54:05','',1,1,0,'',24,NULL,0,1,0,NULL,NULL,0,NULL,NULL,0,0,'',NULL,0,'',0),(30,'盲盒测试1','盲盒测试1','/uploads/20220616/0aa6438cfac482ba0e4f7d9e428a350f.jpg','',19.90,1,'<p>盲盒测试1<br></p>',0,'2022-06-29 21:57:03','2022-06-30 21:57:03',666,30,636,'','','','','','2022-06-29 21:57:03','',1,1,0,'',26,NULL,0,1,0,NULL,NULL,0,NULL,NULL,0,0,'',NULL,0,'',0),(31,'盲盒测试商品1','盲盒测试商品1','/uploads/20220617/f255c913f71f3f02b8ec1478e04decc8.jpg','/uploads/20220617/f255c913f71f3f02b8ec1478e04decc8.jpg',19.90,1,'<p>盲盒测试商品1<br></p>',0,'2022-06-29 21:58:02','2022-07-01 21:58:02',100,17,83,'','','','','','2022-06-29 21:58:02','',0,1,0,'盲盒测试商品1',26,NULL,0,0,0,NULL,NULL,0,NULL,NULL,0,0,'',NULL,0,'',0),(32,'盲盒测试商品2','盲盒测试商品2','/uploads/20220616/547d63c172dfd48c9b47a0df7ab92bcf.png','/uploads/20220616/547d63c172dfd48c9b47a0df7ab92bcf.png',29.90,1,'<p>盲盒测试商品2<br></p>',0,'2022-06-29 22:02:11','2022-06-30 22:02:11',16,16,0,'','','','','','2022-06-29 22:02:11','',0,1,0,'',26,NULL,0,0,0,NULL,NULL,0,NULL,NULL,0,0,'',NULL,0,'',0),(33,'盲盒测试2','积分兑换的金额','/uploads/20220627/ecef4623674c2e0fcbf44c086a1dfb0f.png','',9.00,1,'<p>333</p>',0,'2022-06-30 17:47:41','2022-07-02 17:47:41',13,13,0,'','','','','','2022-06-30 17:47:41','',1,1,0,'',24,NULL,1,1,0,NULL,NULL,0,NULL,NULL,0,0,'',NULL,0,'',0),(34,'盲盒3测试中','积分兑换的金额','/uploads/20220623/da50a23a86b606aec9f4f0cf01626dd7.gif','',99.00,1,'<p>99</p>',0,'2022-06-30 18:31:21','2022-07-16 18:31:21',10,2,8,'','','','','','2022-06-30 18:31:21','',0,1,0,'',24,NULL,1,1,0,NULL,NULL,0,NULL,NULL,0,0,'',NULL,0,'',0),(35,'盲盒4测试中','藏品预约说明','/uploads/20220623/dfc0869413bee722eb3de99570be05b7.jpg','',99.00,1,'<p>99</p>',0,'2022-06-30 18:34:17','2022-07-16 18:34:17',10,2,8,'','','','','','2022-06-30 18:34:17','',0,1,0,'',24,NULL,1,1,0,NULL,NULL,0,NULL,NULL,0,0,'',NULL,0,'',0),(36,'1111','11','/uploads/20220613/3cb719bd2ce041067ddc3e8ddd9afcaf.png','',1.00,1,'<p>1</p>',0,'2022-06-30 20:54:11','2022-07-02 20:54:11',2,2,0,'','','','','','2022-06-30 20:54:11','',1,1,0,'',24,NULL,1,1,0,NULL,NULL,0,NULL,NULL,0,0,'',NULL,0,'',0),(37,'盲盒测试199','盲盒测试1','/uploads/20220623/dfc0869413bee722eb3de99570be05b7.jpg','',19.90,1,'<p>盲盒测试1<br></p>',0,'2022-06-30 20:54:35','2022-07-01 20:54:35',30,14,16,'','','','','','2022-06-30 20:54:35','',1,1,0,'',26,NULL,1,1,0,NULL,NULL,0,NULL,NULL,0,0,'',NULL,0,'',0),(38,'测试赋能产品','积分兑换的金额','/uploads/20220617/f255c913f71f3f02b8ec1478e04decc8.jpg','/uploads/20220617/f255c913f71f3f02b8ec1478e04decc8.jpg',8.00,1,'<p>巢成雏长大的的</p>',1,'2022-07-01 09:31:51','2022-07-30 09:31:51',21,1,20,'迪软科技','','','','','2022-07-01 09:31:51','',1,1,0,'信息',24,NULL,1,0,0,NULL,NULL,1,NULL,NULL,0,2,'39',NULL,0,'',0),(39,'赋能指定藏品1','积分兑换的金额','/uploads/20220623/dfc0869413bee722eb3de99570be05b7.jpg','/uploads/20220623/dfc0869413bee722eb3de99570be05b7.jpg',9.00,1,'<p>是事实上是</p>',2,'2022-07-01 09:38:41','2022-07-30 09:38:41',10,0,10,'迪软科技','','','','','2022-07-01 09:38:41','',1,1,0,'信息',24,NULL,0,0,0,NULL,NULL,0,NULL,NULL,0,0,'',NULL,0,'',0),(40,'赋能指定藏品2','积分兑换的金额','/uploads/20220623/dfc0869413bee722eb3de99570be05b7.jpg','/uploads/20220623/dfc0869413bee722eb3de99570be05b7.jpg',9.00,1,'<p>999</p>',1,'2022-07-01 10:14:34','2022-07-30 09:42:34',10,2,8,'','','','','','2022-07-01 09:42:34','',1,1,0,'',24,NULL,1,0,0,NULL,NULL,0,NULL,NULL,0,0,'',NULL,0,'',0),(41,'测试赋能产品2--注册','积分兑换的金额','/uploads/20220617/f255c913f71f3f02b8ec1478e04decc8.jpg','/uploads/20220617/f255c913f71f3f02b8ec1478e04decc8.jpg',9.00,1,'<p>99</p>',1,'2022-07-01 10:00:11','2022-07-30 10:07:11',30,25,5,'','','','','','2022-07-01 10:07:11','',1,1,0,'',24,NULL,1,0,0,NULL,NULL,1,NULL,NULL,0,3,'42,40',NULL,0,'',0),(42,'赋能指定藏品3--推荐5','积分兑换的金额','/uploads/20220623/da50a23a86b606aec9f4f0cf01626dd7.gif','/uploads/20220623/da50a23a86b606aec9f4f0cf01626dd7.gif',9.00,1,'<p>999</p>',1,'2022-07-01 10:40:58','2022-07-30 10:09:58',50,3,47,'','','','','','2022-07-01 10:09:58','',1,1,0,'信息',24,NULL,1,0,0,NULL,NULL,0,NULL,NULL,0,0,'',NULL,0,'',0),(43,'测试3--转增商品2','测试3','/uploads/20220623/dfc0869413bee722eb3de99570be05b7.jpg','/uploads/20220627/57ca98ad9318dd18981327d910513aba.png',19.90,1,'<p>测试3<br></p>',0,'2022-07-01 23:13:25','2022-07-30 23:13:25',666,658,8,'','','','','','2022-07-01 23:13:25','',1,1,0,'',26,NULL,1,0,0,NULL,NULL,1,NULL,NULL,0,2,'38',NULL,0,'',0),(44,'测试4--转增商品','测试4','/uploads/20220624/28d8d245c1e4383ab65d1376799411e7.png','/uploads/20220627/57ca98ad9318dd18981327d910513aba.png',19.90,1,'<p>测试4<br></p>',0,'2022-07-01 23:17:23','2022-07-16 23:17:23',30,25,5,'','','','','','2022-07-01 23:17:23','',1,1,0,'',24,NULL,1,0,0,NULL,NULL,0,NULL,NULL,0,0,'',NULL,0,'',0),(45,'诚正开天纪念章','“开天”创世纪念章 合成创世必备材料','/uploads/20220704/d2655ccf996715ff955782df6458bfe1.jpg','/uploads/20220704/d2655ccf996715ff955782df6458bfe1.jpg',999.00,1,'<p class=\"MsoNormal\"><img src=\"http://www.mapleart.cn/uploads/20220704/0eb5a4d5f9d5e7e4186eed6323f22cd4.png\" data-filename=\"filename\" style=\"width: 470px;\"><br></p>',0,'2022-07-04 15:24:40','2023-02-28 15:24:40',20000,656,19344,'诚正Maple','/uploads/20220704/97592212337fbdd126c23d1f3a28a36b.png','诚正Maple','','诚正Maple','2022-07-04 15:24:40','',0,1,0,'“开天”创世纪念章',27,NULL,1,0,0,NULL,NULL,0,NULL,NULL,0,0,'',NULL,0,'',0),(46,'中国四象之青龙','青龙起初是指东方龙状的星宿名称','/uploads/20220704/0fbe2f5c3013acce32807dcd50c4b946.jpg','/uploads/20220704/db3da6aa65ac0f60f72ed81bd07e59c1.png,/uploads/20220704/0fbe2f5c3013acce32807dcd50c4b946.jpg',39.90,1,'<p><img src=\"http://www.mapleart.cn/uploads/20220704/1ab0b0bc256c792e2d6f5a12457d68cb.png\" data-filename=\"filename\" style=\"width: 470px;\"><br></p>',1,'2022-07-09 20:00:00','2022-07-11 00:00:00',3100,100,3000,'诚正Maple','/uploads/20220704/97592212337fbdd126c23d1f3a28a36b.png','诚正Maple','','诚正Maple','2022-07-04 16:02:55','',0,1,0,'天地四象之青龙',28,NULL,1,0,0,NULL,NULL,0,NULL,NULL,0,0,'',NULL,0,'',0),(47,'测试','21','/uploads/20220623/dfc0869413bee722eb3de99570be05b7.jpg','/uploads/20220623/dfc0869413bee722eb3de99570be05b7.jpg',1.00,1,'<p>1</p>',0,'2022-07-04 18:07:07','2022-07-22 18:07:07',100,100,0,'','','','','','2022-07-04 18:07:07','',0,1,0,'',28,NULL,1,0,0,NULL,NULL,0,NULL,NULL,0,0,'',NULL,0,'',0),(48,'诚正辟地纪念章','“辟地”创世纪念章','/uploads/20220705/4dc421d49912f3facf323d8d1321331b.jpg','/uploads/20220705/4dc421d49912f3facf323d8d1321331b.jpg',999.00,1,'<p><img src=\"http://www.mapleart.cn/uploads/20220705/0eb5a4d5f9d5e7e4186eed6323f22cd4.png\" data-filename=\"filename\" style=\"width: 470px;\"><br></p>',0,'2022-07-05 12:43:14','2022-07-30 12:43:14',10000,3,9997,'诚正Maple','/uploads/20220704/97592212337fbdd126c23d1f3a28a36b.png','诚正Maple','','诚正Maple','2022-07-05 12:43:14','',0,1,0,'”辟地”创世纪念章',28,NULL,0,0,0,NULL,NULL,0,NULL,NULL,0,0,'',NULL,0,'',0),(49,'测试勿买--1','购买说明','/uploads/20220617/f255c913f71f3f02b8ec1478e04decc8.jpg','/uploads/20220617/f255c913f71f3f02b8ec1478e04decc8.jpg',9.00,1,'<p>99</p>',2,'2022-07-05 16:22:31','2022-07-16 16:22:31',10,4,6,'','','','','','2022-07-05 16:22:31','',0,1,0,'',30,NULL,1,0,0,NULL,NULL,0,NULL,NULL,0,0,'',NULL,0,'',0),(50,'橘色星球','橘色星球','/uploads/20220818/7f6ca4114456283c75b911c17b7d7495.jpg','/uploads/20220818/7f6ca4114456283c75b911c17b7d7495.jpg',158.00,1,'<p><img src=\"http://www.mapleart.cn/uploads/20220705/f00e6c9af2fbcb301c4b1efea2dbd3f2.png\" data-filename=\"filename\" style=\"width: 470px;\"><br></p>',0,'2022-07-07 09:00:00','2024-08-22 00:00:00',10000,5668,4332,'诚正Maple','','诚正Maple','橘色星球','诚正Maple','2022-07-05 19:03:36','',1,0,0,'诚正纪念章',27,NULL,1,0,0,NULL,NULL,0,NULL,NULL,0,0,'',NULL,0,'',0),(51,'“诚正”迎新盲盒','“诚正”迎新盲盒  该盲盒是拉新和注册活动使用在7月8日才能开启','/uploads/20220707/847351e028338b429ca5f04fd00c573b.png','',9.90,1,'<p><img src=\"http://www.mapleart.cn/uploads/20220707/8be14601bb7c75f28269f5b2fc1542a3.png\" data-filename=\"filename\" style=\"width: 470px;\"><br></p>',0,'2022-07-07 00:00:00','2022-07-30 00:00:00',40000,13635,26365,'','','','','','2022-07-05 22:50:44','',0,1,0,'',34,NULL,1,1,0,NULL,NULL,0,NULL,NULL,0,0,'',NULL,0,'',0),(52,'混世西游之白骨精','混世西游之白骨精','/uploads/20220705/1e27c9e3ff1352b296e02891450db233.png','/uploads/20220705/1e27c9e3ff1352b296e02891450db233.png',9.90,1,'<p><img src=\"http://www.mapleart.cn/uploads/20220706/e7d79b5bc40b6a7199b62f108cb2d67a.png\" style=\"width: 470px;\"><br></p>',0,'2022-07-07 00:00:00','2022-07-30 00:00:00',2800,572,2228,'诚正Maple','/uploads/20220704/97592212337fbdd126c23d1f3a28a36b.png','诚正Maple','','诚正Maple','2022-07-06 00:12:20','',0,1,0,'混世西游之白骨精  N卡',30,NULL,1,0,0,NULL,NULL,0,NULL,NULL,0,0,'',NULL,0,'',0),(53,'混世西游之牛魔王','混世西游之牛魔王','/uploads/20220705/259f3c574e19d651548668f435618cda.png','/uploads/20220705/259f3c574e19d651548668f435618cda.png',9.90,1,'<p><img src=\"http://www.mapleart.cn/uploads/20220706/e7d79b5bc40b6a7199b62f108cb2d67a.png\" style=\"width: 470px;\"><br></p>',0,'2022-07-07 00:00:00','2022-07-30 00:00:00',2800,590,2210,'诚正Maple','/uploads/20220704/97592212337fbdd126c23d1f3a28a36b.png','诚正Maple','','诚正Maple','2022-07-06 00:15:10','',0,1,0,'混世西游之牛魔王N卡',30,NULL,1,0,0,NULL,NULL,0,NULL,NULL,0,0,'',NULL,0,'',0),(54,'混世西游之铁扇公主','混世西游之铁扇公主','/uploads/20220705/7d03d745739ba5aeb923d6a65d4a959e.png','/uploads/20220705/7d03d745739ba5aeb923d6a65d4a959e.png',9.90,1,'<p><img src=\"http://www.mapleart.cn/uploads/20220706/e7d79b5bc40b6a7199b62f108cb2d67a.png\" style=\"width: 470px;\"><br></p>',0,'2022-07-07 00:00:00','2022-07-30 00:00:00',2800,546,2254,'诚正Maple','/uploads/20220704/97592212337fbdd126c23d1f3a28a36b.png','诚正Maple','','诚正Maple','2022-07-06 00:18:00','',0,1,0,'混世西游之铁扇公主N卡',30,NULL,1,0,0,NULL,NULL,0,NULL,NULL,0,0,'',NULL,0,'',0),(55,'混世西游之哪吒','混世西游之哪吒','/uploads/20220705/b64b51fea943dd82b2d247127fc5ed96.png','/uploads/20220705/b64b51fea943dd82b2d247127fc5ed96.png',9.90,1,'<p><img src=\"http://www.mapleart.cn/uploads/20220706/e7d79b5bc40b6a7199b62f108cb2d67a.png\" style=\"width: 470px;\"><br></p>',0,'2022-07-07 00:00:00','2022-07-30 00:00:00',2800,576,2224,'诚正Maple','/uploads/20220704/97592212337fbdd126c23d1f3a28a36b.png','诚正Maple','','诚正Maple','2022-07-06 00:20:34','',0,1,0,'混世西游之哪吒N卡',30,NULL,1,0,0,NULL,NULL,0,NULL,NULL,0,0,'',NULL,0,'',0),(56,'混世西游盲盒敖丙','混世西游盲盒敖丙','/uploads/20220705/f23f50d1d793ab623efb9dc93d07289f.png','/uploads/20220705/f23f50d1d793ab623efb9dc93d07289f.png',9.90,1,'<p><img src=\"http://www.mapleart.cn/uploads/20220706/e7d79b5bc40b6a7199b62f108cb2d67a.png\" style=\"width: 470px;\"><br></p>',0,'2022-07-07 00:00:00','2022-07-30 00:00:00',2800,608,2192,'','','诚正Maple','','诚正Maple','2022-07-06 00:22:44','',0,1,0,'混世西游之敖丙N卡',30,NULL,1,0,0,NULL,NULL,0,NULL,NULL,0,0,'',NULL,0,'',0),(57,'混世西游之白龙马','混世西游之白龙马','/uploads/20220705/4fd2dc951dc5ba57645cea0f4a6c3a79.png','/uploads/20220705/4fd2dc951dc5ba57645cea0f4a6c3a79.png',9.90,1,'<p><img src=\"http://www.mapleart.cn/uploads/20220706/e7d79b5bc40b6a7199b62f108cb2d67a.png\" style=\"width: 470px;\"><br></p>',0,'2022-07-07 00:00:00','2022-07-30 00:00:00',1500,545,955,'诚正Maple','/uploads/20220704/97592212337fbdd126c23d1f3a28a36b.png','诚正Maple','','诚正Maple','2022-07-06 00:25:28','',0,1,0,'混世西游之白龙马R卡',30,NULL,1,0,0,NULL,NULL,0,NULL,NULL,0,0,'',NULL,0,'',0),(58,'混世西游之沙悟净','混世西游之沙悟净','/uploads/20220705/7ec4605a02ef20157c7ad61a7a699b93.png','/uploads/20220705/7ec4605a02ef20157c7ad61a7a699b93.png',9.90,1,'<p><img src=\"http://www.mapleart.cn/uploads/20220706/e7d79b5bc40b6a7199b62f108cb2d67a.png\" style=\"width: 470px;\"><br></p>',0,'2022-07-07 00:00:00','2022-07-30 00:00:00',1500,510,990,'诚正Maple','/uploads/20220704/97592212337fbdd126c23d1f3a28a36b.png','诚正Maple','','诚正Maple','2022-07-06 00:27:10','',0,1,0,'混世西游之沙悟净R卡',30,NULL,1,0,0,NULL,NULL,0,NULL,NULL,0,0,'',NULL,0,'',0),(59,'混世西游之猪八戒','混世西游之猪八戒','/uploads/20220705/6388efc98e1698d12051f19c2d9c9ad7.png','/uploads/20220705/6388efc98e1698d12051f19c2d9c9ad7.png',9.90,1,'<p><img src=\"http://www.mapleart.cn/uploads/20220706/e7d79b5bc40b6a7199b62f108cb2d67a.png\" style=\"width: 470px;\"><br></p>',0,'2022-07-07 00:00:00','2022-07-30 00:00:00',1500,531,969,'诚正Maple','/uploads/20220704/97592212337fbdd126c23d1f3a28a36b.png','诚正Maple','','诚正Maple','2022-07-06 00:29:38','',0,1,0,'混世西游之猪八戒R卡',30,NULL,1,0,0,NULL,NULL,0,NULL,NULL,0,0,'',NULL,0,'',0),(60,'混世西游之孙悟空','混世西游之孙悟空','/uploads/20220705/6ec92c969ff721df51c3a787f653eb87.png','/uploads/20220705/6ec92c969ff721df51c3a787f653eb87.png',9.90,1,'<p><img src=\"http://www.mapleart.cn/uploads/20220706/e7d79b5bc40b6a7199b62f108cb2d67a.png\" style=\"width: 470px;\"><br></p>',0,'2022-07-07 00:00:00','2022-07-30 00:00:00',550,279,271,'诚正Maple','/uploads/20220704/97592212337fbdd126c23d1f3a28a36b.png','诚正Maple','','诚正Maple','2022-07-06 00:30:59','',0,1,0,'混世西游之孙悟空SR卡',30,NULL,1,0,0,NULL,NULL,0,NULL,NULL,0,0,'',NULL,0,'',0),(61,'混世西游之唐僧','混世西游之唐僧','/uploads/20220705/b89f2e7427c1ed455d635ce850cd7074.png','/uploads/20220705/b89f2e7427c1ed455d635ce850cd7074.png',9.90,1,'<p><img src=\"http://www.mapleart.cn/uploads/20220706/e7d79b5bc40b6a7199b62f108cb2d67a.png\" style=\"width: 470px;\"><br></p>',0,'2022-07-07 00:00:00','2022-07-30 00:00:00',550,289,261,'诚正Maple','/uploads/20220704/97592212337fbdd126c23d1f3a28a36b.png','诚正Maple','','诚正Maple','2022-07-06 00:32:54','',0,1,0,'混世西游之唐僧SR',30,NULL,1,0,0,NULL,NULL,0,NULL,NULL,0,0,'',NULL,0,'',0),(62,'混世西游之观音','混世西游之观音','/uploads/20220705/46e0d2ac76347328286b3c32bc2964d7.png','/uploads/20220705/46e0d2ac76347328286b3c32bc2964d7.png',9.90,1,'<p><img src=\"http://www.mapleart.cn/uploads/20220706/e7d79b5bc40b6a7199b62f108cb2d67a.png\" style=\"width: 470px;\"><br></p>',0,'2022-07-07 00:00:00','2022-07-30 00:00:00',300,65,235,'诚正Maple','/uploads/20220704/97592212337fbdd126c23d1f3a28a36b.png','诚正Maple','','诚正Maple','2022-07-06 00:35:22','',0,1,0,'混世西游之观音SSR',30,NULL,1,0,0,NULL,NULL,1,NULL,NULL,0,1,'46',NULL,0,'',0),(63,'混世西游之佛祖','混世西游之佛祖','/uploads/20220705/f7c8b06c740d7757ef5c063488da0558.png','/uploads/20220705/f7c8b06c740d7757ef5c063488da0558.png',9.90,1,'<p><img src=\"http://www.mapleart.cn/uploads/20220706/e7d79b5bc40b6a7199b62f108cb2d67a.png\" style=\"width: 470px;\">vv</p>',0,'2022-07-07 00:00:00','2022-07-30 00:00:00',100,32,68,'诚正Maple','','诚正Maple','','诚正Maple','2022-07-06 00:37:16','',0,1,0,'混世西游之佛祖UR',30,NULL,1,0,0,NULL,NULL,1,NULL,NULL,0,2,'46',NULL,0,'',0),(64,'合成测试1','青龙起初是指东方龙状的星宿名称，起源于上古星宿崇拜，在中国二十八星宿中，一开始是因为“东方七星宿”的排列形状像龙，因此青龙从先秦以来成为象征东方七宿与太昊的东方之神，在五行中属木，在八卦中对应震与巽， [1]  [41]  [65]  代表四象中的“少阳”、四季中的“春季”，同时也是天之东陆。 [14]  [60-61]  [2]  [23]  在古人将东七宿组合想象成为龙形象后，又按阴阳五行给五方配色之说，因位于东方主木，代表色为“青”，故名“青龙”，从而衍生成具象化的兽类形态，呈为青色（苍色）之龙。','/uploads/20220623/dfc0869413bee722eb3de99570be05b7.jpg','/uploads/20220623/dfc0869413bee722eb3de99570be05b7.jpg',666.00,1,'<p>11</p>',0,'2022-07-06 10:41:21','2022-07-07 10:41:21',111,0,111,'','','','','','2022-07-06 10:41:21','',0,1,0,'',28,NULL,0,2,0,NULL,NULL,0,NULL,NULL,0,0,'',NULL,1,'46,45',60),(65,'盲盒测试1','21','/uploads/20220623/dfc0869413bee722eb3de99570be05b7.jpg','',1.00,1,'<p>11</p>',0,'2022-07-06 12:01:08','2022-07-07 12:01:08',6,1,5,'','','','','','2022-07-06 12:01:08','',1,1,0,'',28,NULL,1,1,0,NULL,NULL,0,NULL,NULL,0,0,'',NULL,0,'',0),(66,'诚正辟地纪念章','“辟地”创世纪念章  合成创世必备材料','/uploads/20220806/78290873c866675fecdcfa895a815a72.png','/uploads/20220806/78290873c866675fecdcfa895a815a72.png',999.00,1,'<p><img src=\"http://www.mapleart.cn/uploads/20220705/0eb5a4d5f9d5e7e4186eed6323f22cd4.png\" style=\"width: 470px;\"><br></p>',0,'2022-07-07 00:00:00','2024-08-01 00:00:00',20000,772,19228,'','','诚正Maple','','诚正Maple','2022-07-06 15:13:37','',1,1,0,'“辟地”创世纪念章',28,NULL,1,0,0,NULL,NULL,0,NULL,NULL,0,0,'',NULL,0,'',0),(67,'诚正优先购','诚正优先购，持有者可优先购创世藏品一次','/uploads/20220706/453acdb15a59a3b7ab7f38e42d73bcf4.png','/uploads/20220706/453acdb15a59a3b7ab7f38e42d73bcf4.png',99.00,1,'<p><img src=\"http://www.mapleart.cn/uploads/20220706/453acdb15a59a3b7ab7f38e42d73bcf4.png\" style=\"width: 470px;\"><br></p>',0,'2022-07-07 09:00:00','2022-07-30 20:23:05',2666,1001,1665,'','','诚正Maple','','诚正Maple','2022-07-06 20:23:05','',0,1,0,'青龙优先购',31,NULL,1,0,0,NULL,NULL,1,NULL,NULL,0,1,'46',NULL,0,'',0),(68,'五元现金券','获得此藏品用户在活动后会自动增加余额并且销毁藏品','/uploads/20220706/6e3593fbbf32db4317f35fb9369ba29c.png','/uploads/20220706/6e3593fbbf32db4317f35fb9369ba29c.png',5.00,1,'<p><img src=\"http://www.mapleart.cn/uploads/20220706/6e3593fbbf32db4317f35fb9369ba29c.png\" style=\"width: 470px;\"><br></p>',0,'2022-07-07 09:25:29','2022-07-30 20:25:29',3000,1124,1876,'','','诚正Maple','','诚正Maple','2022-07-06 20:25:29','',0,1,0,'5块钱余额',32,NULL,1,0,0,NULL,NULL,0,NULL,NULL,0,0,'',NULL,0,'',0),(69,'十元现金券','十元现金券，活动结束后自动发放余额并且自动销毁','/uploads/20220706/3f6a2034ee33e0e0bd356099fb59d556.png','',10.00,1,'<p><img src=\"http://www.mapleart.cn/uploads/20220706/3f6a2034ee33e0e0bd356099fb59d556.png\" style=\"width: 470px;\"><br></p>',0,'2022-07-07 09:27:43','2022-07-30 20:27:43',1000,503,497,'','','诚正Maple','','诚正Maple','2022-07-06 20:27:43','',0,1,0,'十元余额',32,NULL,1,0,0,NULL,NULL,0,NULL,NULL,0,0,'',NULL,0,'',0),(70,'二十四节气之小暑','二十四节气之小暑','/uploads/20220706/00cda9fe09ae35e8b4e737263d0e5442.jpg','/uploads/20220706/00cda9fe09ae35e8b4e737263d0e5442.jpg',99.00,1,'<p><img src=\"http://www.mapleart.cn/uploads/20220707/3abbbd923edc54b1235c15c9cd30a5b5.jpg\" data-filename=\"filename\" style=\"width: 470px;\"><br></p>',0,'2022-07-07 09:43:54','2022-07-30 20:43:54',4000,947,3053,'','','诚正Maple','','诚正Maple','2022-07-06 20:43:54','',0,1,0,'二十四节气之小暑',33,NULL,1,0,0,NULL,NULL,0,NULL,NULL,0,0,'',NULL,0,'',0),(71,'请勿购买！！测试盲盒--1','购买说明','/uploads/20220706/951d3fb86a064af6c44a0844516de380.png','',99.00,1,'<p>99</p>',0,'2022-07-07 09:40:00','2022-07-30 09:29:07',19,15,4,'','','','','','2022-07-07 09:29:07','',0,1,0,'',33,NULL,1,1,0,NULL,NULL,0,NULL,NULL,0,0,'',NULL,0,'',0),(72,'请勿购买--盲盒商品1','购买说明','/uploads/20220617/f255c913f71f3f02b8ec1478e04decc8.jpg','',9.00,1,'<p>99</p>',0,'2022-07-07 09:32:29','2022-07-23 09:32:29',10,0,10,'','','','','','2022-07-07 09:32:29','',0,1,0,'',30,NULL,0,1,0,NULL,NULL,0,NULL,NULL,0,0,'',NULL,0,'',0),(73,'请勿购买！！测试盲盒2','盲盒商品简介','/uploads/20220705/f23f50d1d793ab623efb9dc93d07289f.png','',222.00,1,'<p>测试盲盒，请勿购买，请勿购买</p>',0,'2022-07-07 10:31:42','2022-07-07 11:31:42',2,0,2,'','','','','','2022-07-07 09:31:42','',1,1,0,'',30,NULL,1,1,0,NULL,NULL,0,NULL,NULL,0,0,'',NULL,0,'',0),(74,'请勿购买--盲盒商品2','购买说明','/uploads/20220623/dfc0869413bee722eb3de99570be05b7.jpg','/uploads/20220623/dfc0869413bee722eb3de99570be05b7.jpg',99.00,1,'<p>99</p>',0,'2022-07-07 09:33:56','2022-07-30 09:33:56',10,3,7,'','','','','','2022-07-07 09:33:56','',0,1,0,'',30,NULL,1,0,0,NULL,NULL,0,NULL,NULL,0,0,'',NULL,0,'',0),(75,'请勿购买--盲盒商品1','购买说明','/uploads/20220617/f255c913f71f3f02b8ec1478e04decc8.jpg','/uploads/20220617/f255c913f71f3f02b8ec1478e04decc8.jpg',99.00,1,'<p>99</p>',0,'2022-07-07 09:35:57','2022-07-23 09:35:57',10,7,3,'','','','','','2022-07-07 09:35:57','',0,1,0,'',30,NULL,1,0,0,NULL,NULL,0,NULL,NULL,0,0,'',NULL,0,'',0),(76,'请勿购买！测试赠送盲盒','盲盒商品简介','/uploads/20220704/0fbe2f5c3013acce32807dcd50c4b946.jpg','',99.00,1,'<p>测试赠送盲盒，请勿购买</p>',0,'2022-07-07 10:28:15','2022-07-07 11:28:15',22,22,0,'','','','','','2022-07-07 10:28:15','',0,1,0,'',30,NULL,1,1,0,NULL,NULL,0,NULL,NULL,0,0,'',NULL,0,'',0),(77,'请勿购买！！测试合成商品-1','购买说明','/uploads/20220623/dfc0869413bee722eb3de99570be05b7.jpg','/uploads/20220623/dfc0869413bee722eb3de99570be05b7.jpg',10.00,1,'<p>111</p>',0,'2022-07-07 11:39:57','2022-07-30 11:39:57',10,0,10,'','','','','','2022-07-07 11:39:57','',0,1,0,'',30,NULL,1,0,0,NULL,NULL,0,NULL,NULL,0,0,'',NULL,0,'',0),(78,'请勿购买！！测试合成商品-2','购买说明','/uploads/20220623/da50a23a86b606aec9f4f0cf01626dd7.gif','/uploads/20220623/da50a23a86b606aec9f4f0cf01626dd7.gif',10.00,1,'<p>11</p>',0,'2022-07-07 11:45:56','2022-07-30 11:45:56',10,0,10,'','','','','','2022-07-07 11:45:56','',0,1,0,'',30,NULL,1,0,0,NULL,NULL,0,NULL,NULL,0,0,'',NULL,0,'',0),(79,'混世西游盲盒系列','混世西游盲盒系列','/uploads/20220706/5821d07ea3542838467d4d766d0050a3.png','/uploads/20220706/5821d07ea3542838467d4d766d0050a3.png',19.90,1,'<p><img src=\"http://www.mapleart.cn/uploads/20220706/e7d79b5bc40b6a7199b62f108cb2d67a.png\" style=\"width: 470px;\"><br></p>',0,'2022-07-09 09:00:00','2022-07-12 00:00:00',20000,0,20000,'','','','诚正Maple','诚正Maple','2022-07-07 20:37:32','',1,1,0,'',30,NULL,1,0,0,NULL,NULL,0,NULL,NULL,0,0,'',NULL,0,'',0),(80,'混世西游盲盒系列','混世西游盲盒系列','/uploads/20220706/5821d07ea3542838467d4d766d0050a3.png','',19.90,1,'<p><img src=\"http://www.mapleart.cn/uploads/20220706/e7d79b5bc40b6a7199b62f108cb2d67a.png\" style=\"width: 470px;\"><br></p>',0,'2022-07-09 09:00:00','2022-07-11 00:00:00',20000,0,20000,'','','','','','2022-07-07 20:40:57','',0,1,0,'',30,NULL,1,1,0,NULL,NULL,0,NULL,NULL,0,0,'',NULL,0,'',0),(81,'测试数据盲盒','盲盒商品简介','/uploads/20220705/259f3c574e19d651548668f435618cda.png','',33.00,1,'<p>商品介绍</p>',0,'2022-07-08 09:56:24','2022-07-08 09:59:24',22,2,20,'','','','','','2022-07-08 09:40:24','',0,1,0,'',34,NULL,1,1,0,NULL,NULL,0,NULL,NULL,0,0,'',NULL,0,'',0),(82,'测试勿买！！！--1','购买说明','/uploads/20220707/fc74f6cb6ce198d6a3c74c4cde64d4ed.png','/uploads/20220707/fc74f6cb6ce198d6a3c74c4cde64d4ed.png',10.00,1,'<p>111</p>',0,'2022-07-08 14:48:23','2022-07-30 14:48:23',10,2,8,'','','','','','2022-07-08 14:48:23','',0,1,0,'',27,NULL,1,0,0,NULL,NULL,0,NULL,NULL,0,0,'',NULL,0,'',0),(83,'合成测试1','21','/uploads/20220623/dfc0869413bee722eb3de99570be05b7.jpg','/uploads/20220623/dfc0869413bee722eb3de99570be05b7.jpg',666.00,1,'<p>qq</p>',0,'2022-07-08 23:03:07','2022-07-09 23:03:07',500,1,499,'','','','','','2022-07-08 23:03:07','',1,1,0,'',28,NULL,0,2,0,NULL,NULL,0,NULL,NULL,0,0,'',NULL,1,'45,67,50',0),(84,'诚正创世之天地四象','天地玄黄·天地四象','/uploads/20220708/5ff921f6dd026368a3560f0301a1b511.png','/uploads/20220708/5ff921f6dd026368a3560f0301a1b511.png',999.00,1,'<p><img src=\"http://www.mapleart.cn/uploads/20220708/1ab0b0bc256c792e2d6f5a12457d68cb.png\" data-filename=\"filename\" style=\"width: 470px;\"><br></p>',0,'2022-07-08 00:00:00','2024-08-15 00:00:00',500,25,475,'','','诚正Maple','','诚正Maple','2022-07-08 23:06:23','',1,0,0,'',27,NULL,0,2,0,NULL,NULL,0,NULL,NULL,0,0,'',NULL,1,'66,50',450),(85,'四大美人-昭君出塞','四大美人-昭君出塞','/uploads/20220710/dbcd936c58565bd9617b311497eaf3d2.jpg','/uploads/20220710/dbcd936c58565bd9617b311497eaf3d2.jpg',99.00,1,'<p><img src=\"http://www.mapleart.cn/uploads/20220710/678525015e4572cd64a90b2d78ae5a05.png\" data-filename=\"filename\" style=\"width: 470px;\"><br></p>',0,'2022-07-10 15:43:11','2022-07-10 15:43:11',2100,33,2067,'','','诚正Maple','诚正Maple','诚正Maple','2022-07-10 15:43:11','',0,1,0,'四大美人',35,NULL,1,0,0,NULL,NULL,0,NULL,NULL,0,0,'',NULL,0,'',0),(86,'处暑#1636','处暑#1636','/uploads/20220818/3e9dad373d3b978f17f86c2cfd96981f.png','/uploads/20220818/3e9dad373d3b978f17f86c2cfd96981f.png',185.00,1,'<div data-v-6ff9fd41=\"\" class=\"title\" style=\"outline: none; margin: 0px 0px 16px; padding: 0px; font-weight: 700; font-size: 24px; line-height: 34px; color: rgb(44, 44, 52); font-family: robotoregular, &quot;PingFang SC&quot;, &quot;Hiragino Sans GB&quot;, &quot;Heiti SC&quot;, &quot;Microsoft YaHei&quot;, &quot;WenQuanYi Micro Hei&quot;, Helvetica, Arial, monospace, serif; background-color: rgb(248, 251, 255);\">作品描述</div><div data-v-6ff9fd41=\"\" class=\"blob-content\" style=\"outline: none; margin: 0px; padding: 0px; font-size: 14px; line-height: 20px; color: rgba(44, 44, 52, 0.5); word-break: break-all; font-family: robotoregular, &quot;PingFang SC&quot;, &quot;Hiragino Sans GB&quot;, &quot;Heiti SC&quot;, &quot;Microsoft YaHei&quot;, &quot;WenQuanYi Micro Hei&quot;, Helvetica, Arial, monospace, serif; background-color: rgb(248, 251, 255);\">处暑，即为“出暑”，是炎热离开的意思。时至处暑，气温逐渐下降，暑气渐消。处暑之后，秋意渐浓，正是畅游郊野迎秋赏景的好时节。<br style=\"outline: none;\">一路微风，一路歌声，一个活泼可爱的少女，急于渴望探秘云山林海。</div>',0,'2022-08-05 17:55:59','2024-08-22 17:55:59',2000,1,1999,'','','GALAXY数字银河','GALAXY数字银河','GALAXY数字银河','2022-08-05 17:55:59','',1,0,0,'',27,NULL,1,0,0,NULL,NULL,0,NULL,NULL,0,0,'',NULL,0,'',0),(87,'沙漠日记','沙漠日记','/uploads/20220818/90cf7639ce5987cf6ee2f172db5a5212.jpg','/uploads/20220818/90cf7639ce5987cf6ee2f172db5a5212.jpg',10.00,1,'<h1 data-v-ff6e1ab2=\"\" style=\"margin-top: 0px; margin-bottom: 24px; padding: 0px; color: rgb(0, 0, 0); font-size: 14px; position: relative; font-family: &quot;Microsoft Yahei&quot;, &quot;Helvetica Neue&quot;, Helvetica, Arial, &quot;Hiragino Sans GB&quot;, &quot;Heiti SC&quot;, &quot;WenQuanYi Micro Hei&quot;, sans-serif;\">单品介绍</h1><div data-v-ff6e1ab2=\"\" class=\"txt\" style=\"margin: 0px; padding: 0px; color: rgba(0, 0, 0, 0.4); font-family: &quot;Microsoft Yahei&quot;, &quot;Helvetica Neue&quot;, Helvetica, Arial, &quot;Hiragino Sans GB&quot;, &quot;Heiti SC&quot;, &quot;WenQuanYi Micro Hei&quot;, sans-serif; font-size: 12px;\"><p style=\"margin-bottom: 0px; padding: 0px;\">天空泛着我喜欢的粉红色，周围是斑驳的光晕，我在廊下对着夕阳许愿，想要去外面的世界流浪，我想念去年那天落在鼻尖很久的蝴蝶，想去大海与沙漠，我要背上我的行囊去远方旅行。</p></div>',1,'2022-08-05 20:14:36','2024-08-22 20:14:36',100,4,96,'','','姜汁红糖','姜汁红糖','诚正数藏','2022-08-05 20:14:36','',1,0,0,'',27,NULL,1,0,0,NULL,NULL,0,NULL,NULL,0,0,'',NULL,0,'',0),(88,'天宫小队','随着地球文明对月球的探索分析不断深入，发现月球背面存在大量不为人知的外星文明活动的迹象','/uploads/20220818/14bb330ed6ae0a124a046a319bf1dab0.png','/uploads/20220818/14bb330ed6ae0a124a046a319bf1dab0.png',605.00,1,'<div data-v-6ff9fd41=\"\" class=\"title\" style=\"outline: none; margin: 0px 0px 16px; padding: 0px; font-weight: 700; font-size: 24px; line-height: 34px; color: rgb(44, 44, 52); font-family: robotoregular, &quot;PingFang SC&quot;, &quot;Hiragino Sans GB&quot;, &quot;Heiti SC&quot;, &quot;Microsoft YaHei&quot;, &quot;WenQuanYi Micro Hei&quot;, Helvetica, Arial, monospace, serif; background-color: rgb(248, 251, 255);\">作品描述</div><div data-v-6ff9fd41=\"\" class=\"blob-content\" style=\"outline: none; margin: 0px; padding: 0px; font-size: 14px; line-height: 20px; color: rgba(44, 44, 52, 0.5); word-break: break-all; font-family: robotoregular, &quot;PingFang SC&quot;, &quot;Hiragino Sans GB&quot;, &quot;Heiti SC&quot;, &quot;Microsoft YaHei&quot;, &quot;WenQuanYi Micro Hei&quot;, Helvetica, Arial, monospace, serif; background-color: rgb(248, 251, 255);\">随着地球文明对月球的探索分析不断深入，发现月球背面存在大量不为人知的外星文明活动的迹象，于是虎王族的瑞安虎受命成立月球小队，探索月球背面一切可以利用的能源和科技并在月球背面建立基地。天宫小队也是在月球上抵御外星文明入侵地球的先遣队，为地球文明的发展，保驾护航。</div><div data-v-6ff9fd41=\"\" class=\"blob-content\" style=\"outline: none; margin: 0px; padding: 0px; font-size: 14px; line-height: 20px; color: rgba(44, 44, 52, 0.5); word-break: break-all; font-family: robotoregular, &quot;PingFang SC&quot;, &quot;Hiragino Sans GB&quot;, &quot;Heiti SC&quot;, &quot;Microsoft YaHei&quot;, &quot;WenQuanYi Micro Hei&quot;, Helvetica, Arial, monospace, serif; background-color: rgb(248, 251, 255);\"><div data-v-6ff9fd41=\"\" class=\"title\" style=\"outline: none; margin: 0px 0px 16px; padding: 0px; font-weight: 700; font-size: 24px; line-height: 34px; color: rgb(44, 44, 52);\">品牌描述</div><div data-v-6ff9fd41=\"\" class=\"blob-content brand-content\" style=\"outline: none; margin: 0px; padding: 0px; line-height: 20px; word-break: break-all; overflow: hidden; position: relative; max-height: 80px;\">美探世界是国内专业的数字艺术领域机构，专注于优质数字内容的创作生产。业务内容包含：元宇宙基建、IP运营、数字藏品制作发行、潮玩制作发行等。团队由阿里大麦网、腾讯微票创始团队、百度直播营销供应团队以及中国首个获得英国元宇宙红点设计奖项的团队、著名青年导演团队等共同组建。</div></div>',0,'2022-08-18 02:29:42','2026-10-27 02:29:42',1000,3,997,'','','诚正数藏','诚正数藏','诚正数藏','2022-08-18 02:29:42','',1,0,0,'',27,NULL,1,0,0,NULL,NULL,0,NULL,NULL,0,0,'',NULL,0,'',0),(89,'威尼斯双年艺术展纪念海报【单一藏品盲盒】','','/uploads/20220818/e94c89012e75dc6cb68e5e84fd2420e0.png','',100.00,1,'<div data-v-0b8657ee=\"\" data-v-6c537caf=\"\" class=\"info-box\" style=\"outline: none; margin: 80px 0px; padding: 0px; color: rgb(44, 44, 52); font-family: robotoregular, &quot;PingFang SC&quot;, &quot;Hiragino Sans GB&quot;, &quot;Heiti SC&quot;, &quot;Microsoft YaHei&quot;, &quot;WenQuanYi Micro Hei&quot;, Helvetica, Arial, monospace, serif; font-size: 14px; background-color: rgb(248, 251, 255);\"><div data-v-0b8657ee=\"\" data-v-6c537caf=\"\" class=\"title\" style=\"outline: none; margin: 0px; padding: 0px; font-weight: 700; font-size: 24px; line-height: 26px; color: rgb(0, 0, 0);\">关于盲盒</div><div data-v-0b8657ee=\"\" data-v-6c537caf=\"\" class=\"content\" style=\"outline: none; margin: 0px; padding: 20px 0px; line-height: 20px; color: rgba(44, 44, 52, 0.5); max-height: 10000px; pointer-events: none;\">盲盒是i基于精选IP所推出的数字藏品新玩法，每个盲盒内都有一个或多个数字藏品。<br data-v-0b8657ee=\"\" data-v-6c537caf=\"\" style=\"outline: none;\">所有藏品都是通过区块链技术发行，盲盒的抽取也是完全随机，在盲盒没有打开之前，没有人可以知道盲盒里的数字藏品是什么。<br data-v-0b8657ee=\"\" data-v-6c537caf=\"\" style=\"outline: none;\">每一期盲盒都会设置不同级别的数字藏品，让用户充分感受开盲盒的乐趣。</div></div><div data-v-0b8657ee=\"\" data-v-6c537caf=\"\" class=\"info-box\" style=\"outline: none; margin: 80px 0px; padding: 0px; color: rgb(44, 44, 52); font-family: robotoregular, &quot;PingFang SC&quot;, &quot;Hiragino Sans GB&quot;, &quot;Heiti SC&quot;, &quot;Microsoft YaHei&quot;, &quot;WenQuanYi Micro Hei&quot;, Helvetica, Arial, monospace, serif; font-size: 14px; background-color: rgb(248, 251, 255);\"><div data-v-0b8657ee=\"\" data-v-6c537caf=\"\" class=\"title\" style=\"outline: none; margin: 0px; padding: 0px; font-weight: 700; font-size: 24px; line-height: 26px; color: rgb(0, 0, 0);\">关于数字藏品</div><div data-v-0b8657ee=\"\" data-v-6c537caf=\"\" class=\"content\" style=\"outline: none; margin: 0px; padding: 20px 0px; line-height: 20px; color: rgba(44, 44, 52, 0.5); max-height: 10000px; pointer-events: none;\">数字藏品可以通俗理解为区块链凭证。通常是指开发者在以太坊平台上根据ERC721标准/协议所发行，特性为不可分割、不可替代、独一无二。数字藏品常⻅于文化艺术品领域、知识产权的链上发行、流转、确权等作用，能有效保护链上知识产权，防止篡改、造假等，是区块链技术的一类场景应用。</div></div>',0,'2022-08-18 03:25:29','2028-12-29 03:25:29',1000,0,1000,'','','','','','2022-08-18 03:25:29','',1,0,0,'',37,NULL,1,1,0,NULL,NULL,0,NULL,NULL,0,0,'',NULL,0,'',0),(90,'马迪托MALDITO','马迪托MALDITO','/uploads/20220818/112bed01e8af6475361d22d97dcc5ff9.png','',45.00,1,'<div data-v-0b8657ee=\"\" data-v-6c537caf=\"\" class=\"title\" style=\"outline: none; margin: 0px; padding: 0px; font-weight: 700; font-size: 24px; line-height: 26px; font-family: robotoregular, &quot;PingFang SC&quot;, &quot;Hiragino Sans GB&quot;, &quot;Heiti SC&quot;, &quot;Microsoft YaHei&quot;, &quot;WenQuanYi Micro Hei&quot;, Helvetica, Arial, monospace, serif; background-color: rgb(248, 251, 255);\">细节展示</div><div data-v-0b8657ee=\"\" data-v-6c537caf=\"\" class=\"content\" style=\"outline: none; margin: 0px; padding: 20px 0px; font-size: 14px; line-height: 20px; color: rgba(44, 44, 52, 0.5); max-height: 10000px; pointer-events: none; font-family: robotoregular, &quot;PingFang SC&quot;, &quot;Hiragino Sans GB&quot;, &quot;Heiti SC&quot;, &quot;Microsoft YaHei&quot;, &quot;WenQuanYi Micro Hei&quot;, Helvetica, Arial, monospace, serif; background-color: rgb(248, 251, 255);\"><img data-v-0b8657ee=\"\" data-v-6c537caf=\"\" src=\"https://static.ibox.art/file/oss/test/image/nft-goods/06ffbbc434b24653b86edcd3249b1c96.jpg?style=st6\" alt=\"细节展示\" style=\"outline: none; width: 1200px;\"></div>',0,'2022-08-18 03:29:53','2028-12-30 03:29:53',10000,1,9999,'','','','','','2022-08-18 03:29:53','',1,0,0,'',37,NULL,1,1,0,NULL,NULL,0,NULL,NULL,0,0,'',NULL,0,'',0);
/*!40000 ALTER TABLE `fa_goods` ENABLE KEYS */;
UNLOCK TABLES;

--
-- Table structure for table `fa_goods_category`
--

DROP TABLE IF EXISTS `fa_goods_category`;
/*!40101 SET @saved_cs_client     = @@character_set_client */;
/*!50503 SET character_set_client = utf8 */;
CREATE TABLE `fa_goods_category` (
  `id` int NOT NULL AUTO_INCREMENT,
  `name` varchar(255) CHARACTER SET utf8 COLLATE utf8_general_ci DEFAULT '' COMMENT '场次名称',
  `image` varchar(255) CHARACTER SET utf8 COLLATE utf8_general_ci DEFAULT '' COMMENT '场次图片',
  `order` int DEFAULT '100' COMMENT '排序值',
  `is_show` tinyint DEFAULT '1' COMMENT '是否展示:0=隐藏,1=展示',
  `is_del` tinyint DEFAULT '0' COMMENT '删除状态:0=未删除,1=已删除',
  PRIMARY KEY (`id`) USING BTREE
) ENGINE=MyISAM AUTO_INCREMENT=38 DEFAULT CHARSET=utf8 COLLATE=utf8_general_ci ROW_FORMAT=DYNAMIC;
/*!40101 SET character_set_client = @saved_cs_client */;

--
-- Dumping data for table `fa_goods_category`
--

LOCK TABLES `fa_goods_category` WRITE;
/*!40000 ALTER TABLE `fa_goods_category` DISABLE KEYS */;
INSERT INTO `fa_goods_category` VALUES (16,'壹牛数藏','/uploads/20220423/4d829846a963daf621c3c869c6d42094.png',100,1,1),(17,'卡通','',100,1,1),(18,'数藏系列','',100,1,1),(19,'数字藏品','',100,1,1),(20,'木偶系列','/uploads/20220424/1741573097e4b9ba6bc893d67cdc6fad.png',100,1,1),(21,'牛系列','',100,1,1),(22,'二牛数藏','/uploads/20220423/4d829846a963daf621c3c869c6d42094.png',100,1,1),(23,'十二生肖','/uploads/20220601/3b4a58fbe7618f58ec0da0324ce37b75.png',100,1,1),(24,'传统','',100,1,1),(25,'四大神兽','',100,1,1),(26,'盲盒测试1','/uploads/20220616/0aa6438cfac482ba0e4f7d9e428a350f.jpg',100,1,1),(27,'创世藏品','',100,1,0),(28,'创世碎片','',100,1,0),(29,'测试盲盒--商品2','/uploads/20220627/ecef4623674c2e0fcbf44c086a1dfb0f.png',100,1,1),(30,'混世西游盲盒系列','',100,1,0),(31,'优先购','',100,1,1),(32,'现金券','',100,1,1),(33,'二十四节气','',100,1,0),(34,'“诚正”迎新盲盒','',100,1,1),(35,'中国四大美人','/uploads/20220818/b733054b7812318c5f9c1311d9433e28.jpg',100,1,0),(36,'视频分类','/uploads/20220805/ea7045d0c46ddb712a5b92cfe18ab4f3.png',1,1,1),(37,'NFT盲盒','',100,0,0);
/*!40000 ALTER TABLE `fa_goods_category` ENABLE KEYS */;
UNLOCK TABLES;

--
-- Table structure for table `fa_goods_config`
--

DROP TABLE IF EXISTS `fa_goods_config`;
/*!40101 SET @saved_cs_client     = @@character_set_client */;
/*!50503 SET character_set_client = utf8 */;
CREATE TABLE `fa_goods_config` (
  `id` int NOT NULL AUTO_INCREMENT,
  `goods_id` int DEFAULT NULL COMMENT '商品ID',
  `combination_goods_id` int DEFAULT NULL COMMENT '组合商品ID',
  `stock` int DEFAULT '0' COMMENT '总份额',
  `sales` int DEFAULT NULL COMMENT '销售量',
  `surplus` int DEFAULT NULL COMMENT '剩余量',
  `is_show` tinyint DEFAULT '1' COMMENT '展示状态:0=隐藏,1=展示',
  `is_del` tinyint DEFAULT '0' COMMENT '删除状态:0=未删除,1=已删除',
  PRIMARY KEY (`id`) USING BTREE
) ENGINE=MyISAM AUTO_INCREMENT=77 DEFAULT CHARSET=utf8 COLLATE=utf8_general_ci ROW_FORMAT=DYNAMIC;
/*!40101 SET character_set_client = @saved_cs_client */;

--
-- Dumping data for table `fa_goods_config`
--

LOCK TABLES `fa_goods_config` WRITE;
/*!40000 ALTER TABLE `fa_goods_config` DISABLE KEYS */;
INSERT INTO `fa_goods_config` VALUES (45,1,2,0,18,982,1,0),(46,1,3,0,18,982,1,0),(47,1,1,0,28,972,1,0),(76,229,2,0,112,10,1,0);
/*!40000 ALTER TABLE `fa_goods_config` ENABLE KEYS */;
UNLOCK TABLES;

--
-- Table structure for table `fa_goods_manghe_config`
--

DROP TABLE IF EXISTS `fa_goods_manghe_config`;
/*!40101 SET @saved_cs_client     = @@character_set_client */;
/*!50503 SET character_set_client = utf8 */;
CREATE TABLE `fa_goods_manghe_config` (
  `id` int unsigned NOT NULL AUTO_INCREMENT COMMENT 'ID',
  `goods_id` int NOT NULL COMMENT '商品ID',
  `combination_goods_id` int NOT NULL COMMENT '参与盲盒商品ID',
  `win_rate` int NOT NULL COMMENT '中奖概率(百分比)',
  `is_win` tinyint(1) NOT NULL DEFAULT '0' COMMENT '是否是中奖项:0=不是,1=是',
  PRIMARY KEY (`id`)
) ENGINE=MyISAM AUTO_INCREMENT=89 DEFAULT CHARSET=utf8 COLLATE=utf8_unicode_ci COMMENT='商品盲盒配置';
/*!40101 SET character_set_client = @saved_cs_client */;

--
-- Dumping data for table `fa_goods_manghe_config`
--

LOCK TABLES `fa_goods_manghe_config` WRITE;
/*!40000 ALTER TABLE `fa_goods_manghe_config` DISABLE KEYS */;
INSERT INTO `fa_goods_manghe_config` VALUES (1,225,226,60,0),(2,225,2,40,1),(3,228,226,10,0),(4,228,224,10,1),(5,228,229,70,1),(8,2,16,50,1),(9,17,16,10,1),(10,21,18,10,1),(17,24,23,10,1),(18,5,1,111,1),(21,3,6,50,1),(22,12,8,100,1),(24,18,20,2,1),(25,18,19,6,1),(26,27,22,50,1),(27,27,26,50,1),(32,33,31,50,1),(33,33,32,50,1),(35,40,34,10,1),(37,42,22,10,1),(38,43,22,10,1),(39,44,31,50,1),(40,44,32,50,1),(41,3,2,10,1),(42,3,4,30,1),(43,9,7,30,1),(46,23,24,50,1),(47,23,25,50,1),(48,22,21,30,1),(49,22,28,30,1),(50,30,31,30,1),(51,30,32,30,1),(52,34,24,50,1),(53,34,25,50,1),(54,35,24,50,1),(55,35,25,50,1),(56,37,32,100,1),(57,51,52,10,1),(58,51,55,10,1),(59,51,53,10,1),(60,51,56,10,1),(61,51,54,10,1),(62,51,57,9,1),(63,51,59,9,1),(64,51,58,9,1),(66,51,60,5,1),(68,51,62,1,1),(69,51,45,10,1),(70,51,66,10,1),(71,51,67,15,1),(72,51,68,15,1),(73,51,69,5,1),(74,51,70,15,1),(75,71,75,50,1),(76,71,74,50,1),(77,80,63,1,1),(78,80,55,10,1),(79,80,61,8,1),(80,80,60,8,1),(81,80,58,10,1),(82,80,53,10,1),(83,80,59,8,1),(84,80,52,13,1),(85,80,57,10,1),(86,80,62,3,1),(87,80,54,10,1),(88,80,56,10,1);
/*!40000 ALTER TABLE `fa_goods_manghe_config` ENABLE KEYS */;
UNLOCK TABLES;

--
-- Table structure for table `fa_goods_manghe_users`
--

DROP TABLE IF EXISTS `fa_goods_manghe_users`;
/*!40101 SET @saved_cs_client     = @@character_set_client */;
/*!50503 SET character_set_client = utf8 */;
CREATE TABLE `fa_goods_manghe_users` (
  `id` int unsigned NOT NULL AUTO_INCREMENT COMMENT 'ID',
  `user_id` int NOT NULL COMMENT '会员ID',
  `goods_number` varchar(255) CHARACTER SET utf8 COLLATE utf8_unicode_ci DEFAULT NULL COMMENT '盲盒购买编号',
  `goods_id` int NOT NULL COMMENT '拍品ID',
  `status` tinyint NOT NULL DEFAULT '1' COMMENT '状态:1=未支付,2=未开启,3=已开启',
  `createtime` int DEFAULT NULL COMMENT '创建时间',
  `updatetime` int DEFAULT NULL COMMENT '更新时间',
  `orderNo` varchar(255) CHARACTER SET utf8 COLLATE utf8_unicode_ci DEFAULT NULL COMMENT '订单号',
  `class_id` text CHARACTER SET utf8 COLLATE utf8_unicode_ci,
  `state` tinyint NOT NULL DEFAULT '0' COMMENT '是否赠送状态:0=否,1=是',
  PRIMARY KEY (`id`)
) ENGINE=MyISAM DEFAULT CHARSET=utf8 COLLATE=utf8_unicode_ci COMMENT='用户盲盒管理';
/*!40101 SET character_set_client = @saved_cs_client */;

--
-- Dumping data for table `fa_goods_manghe_users`
--

LOCK TABLES `fa_goods_manghe_users` WRITE;
/*!40000 ALTER TABLE `fa_goods_manghe_users` DISABLE KEYS */;
/*!40000 ALTER TABLE `fa_goods_manghe_users` ENABLE KEYS */;
UNLOCK TABLES;

--
-- Table structure for table `fa_goods_send`
--

DROP TABLE IF EXISTS `fa_goods_send`;
/*!40101 SET @saved_cs_client     = @@character_set_client */;
/*!50503 SET character_set_client = utf8 */;
CREATE TABLE `fa_goods_send` (
  `id` int NOT NULL AUTO_INCREMENT,
  `uid` int DEFAULT NULL COMMENT '会员ID',
  `goods_id` int DEFAULT NULL COMMENT '藏品ID',
  `price` decimal(10,2) DEFAULT NULL COMMENT '藏品价值',
  `create_time` datetime DEFAULT NULL COMMENT '赠送时间',
  `status` tinyint NOT NULL DEFAULT '0' COMMENT '藏品状态:0=藏品,1=盲盒',
  PRIMARY KEY (`id`) USING BTREE
) ENGINE=MyISAM AUTO_INCREMENT=650 DEFAULT CHARSET=utf8 COLLATE=utf8_general_ci ROW_FORMAT=DYNAMIC;
/*!40101 SET character_set_client = @saved_cs_client */;

--
-- Dumping data for table `fa_goods_send`
--

LOCK TABLES `fa_goods_send` WRITE;
/*!40000 ALTER TABLE `fa_goods_send` DISABLE KEYS */;
INSERT INTO `fa_goods_send` VALUES (1,2083,2,19.90,'2022-06-23 11:11:54',0),(2,2079,7,39.90,'2022-06-27 20:40:15',0),(3,2078,15,1.00,'2022-06-29 03:56:47',0),(4,2087,16,1.00,'2022-06-29 04:07:15',0),(5,2087,16,1.00,'2022-06-29 04:07:38',0),(6,2087,16,1.00,'2022-06-29 04:07:42',0),(7,2078,18,1.00,'2022-06-29 09:30:12',0),(8,2078,18,1.00,'2022-06-29 09:30:41',0),(9,2078,18,1.00,'2022-06-29 09:30:45',0),(10,2087,18,19.90,'2022-06-29 12:07:50',0),(11,2085,18,19.90,'2022-06-29 12:07:50',0),(12,2084,18,19.90,'2022-06-29 12:07:50',0),(13,2083,18,19.90,'2022-06-29 12:07:50',0),(14,2082,18,19.90,'2022-06-29 12:07:50',0),(15,2081,18,19.90,'2022-06-29 12:07:50',0),(16,2080,18,19.90,'2022-06-29 12:07:50',0),(17,2079,18,19.90,'2022-06-29 12:07:50',0),(18,2078,18,19.90,'2022-06-29 12:07:50',0),(19,2087,26,11.00,'2022-06-29 15:15:23',0),(21,2079,25,0.00,'2022-06-29 22:16:30',0),(22,2079,25,0.00,'2022-06-29 22:17:22',0),(23,2084,28,1.00,'2022-06-30 00:22:23',0),(24,2088,28,1.00,'2022-06-30 00:29:57',0),(25,2088,28,1.00,'2022-06-30 00:30:23',0),(26,2088,30,1.00,'2022-06-30 00:32:11',1),(27,2091,28,1.00,'2022-06-30 00:56:43',0),(28,2091,27,1.00,'2022-06-30 00:57:00',0),(29,2092,27,1.00,'2022-06-30 12:55:04',0),(30,2099,41,9.00,'2022-07-01 15:16:38',0),(31,2098,41,9.00,'2022-07-01 15:16:38',0),(32,2099,41,9.00,'2022-07-01 15:18:04',0),(33,2098,41,9.00,'2022-07-01 15:18:04',0),(34,2099,30,99.00,'2022-07-01 15:32:13',1),(35,2098,30,99.00,'2022-07-01 15:32:13',1),(36,2099,30,19.90,'2022-07-01 15:36:52',1),(37,2098,30,19.90,'2022-07-01 15:36:52',1),(38,2099,30,9.00,'2022-07-01 15:42:40',1),(39,2098,30,9.00,'2022-07-01 15:42:40',1),(40,2099,30,99.00,'2022-07-01 15:43:57',1),(41,2098,30,99.00,'2022-07-01 15:43:57',1),(42,2099,30,1.00,'2022-07-01 15:45:22',1),(43,2098,30,1.00,'2022-07-01 15:45:22',1),(44,2099,37,1.00,'2022-07-01 15:46:21',1),(45,2098,37,1.00,'2022-07-01 15:46:21',1),(47,2099,37,99.00,'2022-07-01 15:48:14',1),(48,2098,37,99.00,'2022-07-01 15:48:14',1),(49,2079,43,19.90,'2022-07-01 23:20:06',0),(51,2118,47,1.00,'2022-07-04 18:08:02',0),(52,2118,47,1.00,'2022-07-04 18:08:24',0),(53,2118,47,1.00,'2022-07-04 18:08:29',0),(54,2126,47,1.00,'2022-07-04 21:25:36',0),(55,2126,47,1.00,'2022-07-04 21:25:39',0),(56,2126,47,1.00,'2022-07-04 21:25:43',0),(57,2126,47,1.00,'2022-07-04 21:25:47',0),(58,2126,47,1.00,'2022-07-04 21:25:50',0),(59,2126,47,1.00,'2022-07-04 21:25:54',0),(60,2126,47,1.00,'2022-07-04 21:25:58',0),(61,2126,47,1.00,'2022-07-04 21:26:02',0),(62,2126,47,1.00,'2022-07-04 21:26:14',0),(63,2126,47,1.00,'2022-07-04 21:26:16',0),(64,2126,47,1.00,'2022-07-04 21:26:21',0),(65,2126,47,1.00,'2022-07-04 21:26:24',0),(66,2126,47,1.00,'2022-07-04 21:26:27',0),(67,2126,47,1.00,'2022-07-04 21:28:12',0),(68,2126,47,1.00,'2022-07-04 21:28:15',0),(69,2126,47,1.00,'2022-07-04 21:28:19',0),(70,2126,47,1.00,'2022-07-04 21:28:22',0),(71,2126,47,1.00,'2022-07-04 21:28:25',0),(72,2126,47,1.00,'2022-07-04 21:28:29',0),(73,2126,47,1.00,'2022-07-04 21:28:32',0),(74,2126,47,1.00,'2022-07-04 21:28:36',0),(75,2126,47,1.00,'2022-07-04 21:28:39',0),(76,2126,47,1.00,'2022-07-04 21:28:43',0),(77,2126,47,1.00,'2022-07-04 21:28:46',0),(78,2126,47,1.00,'2022-07-04 21:28:49',0),(79,2126,47,1.00,'2022-07-04 21:28:53',0),(80,2126,47,1.00,'2022-07-04 21:28:57',0),(81,2126,47,1.00,'2022-07-04 21:29:26',0),(82,2126,47,1.00,'2022-07-04 21:29:30',0),(83,2126,47,1.00,'2022-07-04 21:30:06',0),(84,2126,47,1.00,'2022-07-04 21:30:10',0),(85,2126,47,1.00,'2022-07-04 21:30:13',0),(86,2126,47,1.00,'2022-07-04 21:30:17',0),(87,2126,47,1.00,'2022-07-04 21:30:32',0),(88,2126,47,1.00,'2022-07-04 21:30:36',0),(89,2126,47,1.00,'2022-07-04 21:30:39',0),(90,2126,47,1.00,'2022-07-04 21:30:46',0),(91,2126,47,1.00,'2022-07-04 21:30:49',0),(92,2126,47,1.00,'2022-07-04 21:30:53',0),(93,2126,47,1.00,'2022-07-04 21:30:59',0),(94,2126,47,1.00,'2022-07-04 21:31:04',0),(95,2126,47,1.00,'2022-07-04 21:31:07',0),(96,2126,47,1.00,'2022-07-04 21:31:11',0),(97,2126,47,1.00,'2022-07-04 21:31:17',0),(98,2126,47,1.00,'2022-07-04 21:31:24',0),(99,2126,47,1.00,'2022-07-04 21:31:27',0),(100,2126,47,1.00,'2022-07-04 21:31:30',0),(101,2126,47,1.00,'2022-07-04 21:31:34',0),(102,2126,47,1.00,'2022-07-04 21:31:37',0),(103,2126,47,1.00,'2022-07-04 21:31:40',0),(104,2126,47,1.00,'2022-07-04 21:31:47',0),(105,2126,47,1.00,'2022-07-04 21:31:50',0),(106,2126,47,1.00,'2022-07-04 21:31:54',0),(107,2126,47,1.00,'2022-07-04 21:31:58',0),(108,2126,47,1.00,'2022-07-04 21:32:02',0),(109,2126,47,1.00,'2022-07-04 21:32:06',0),(110,2126,47,1.00,'2022-07-04 21:32:09',0),(111,2126,47,1.00,'2022-07-04 21:32:13',0),(112,2126,47,1.00,'2022-07-04 21:32:17',0),(113,2126,47,1.00,'2022-07-04 21:32:20',0),(114,2126,47,1.00,'2022-07-04 21:32:23',0),(115,2126,47,1.00,'2022-07-04 21:32:27',0),(116,2126,47,1.00,'2022-07-04 21:32:30',0),(117,2126,47,1.00,'2022-07-04 21:32:33',0),(118,2126,47,1.00,'2022-07-04 21:32:37',0),(119,2126,47,1.00,'2022-07-04 21:32:39',0),(120,2126,47,1.00,'2022-07-04 21:32:44',0),(121,2126,47,1.00,'2022-07-04 21:32:48',0),(122,2126,47,1.00,'2022-07-04 21:32:50',0),(123,2126,47,1.00,'2022-07-04 21:32:52',0),(124,2126,47,1.00,'2022-07-04 21:32:55',0),(125,2126,47,1.00,'2022-07-04 21:32:57',0),(126,2126,47,1.00,'2022-07-04 21:32:59',0),(127,2126,47,1.00,'2022-07-04 21:33:01',0),(128,2126,47,1.00,'2022-07-04 21:33:03',0),(129,2126,47,1.00,'2022-07-04 21:33:14',0),(130,2126,47,1.00,'2022-07-04 21:33:15',0),(131,2126,47,1.00,'2022-07-04 21:33:17',0),(132,2126,47,1.00,'2022-07-04 21:33:19',0),(133,2126,47,1.00,'2022-07-04 21:33:21',0),(134,2126,47,1.00,'2022-07-04 21:33:24',0),(135,2126,47,1.00,'2022-07-04 21:33:30',0),(136,2126,47,1.00,'2022-07-04 21:33:32',0),(137,2126,47,1.00,'2022-07-04 21:33:34',0),(138,2126,47,1.00,'2022-07-04 21:33:36',0),(139,2126,47,1.00,'2022-07-04 21:33:38',0),(140,2126,47,1.00,'2022-07-04 21:33:40',0),(141,2126,47,1.00,'2022-07-04 21:33:42',0),(142,2126,47,1.00,'2022-07-04 21:33:44',0),(143,2126,47,1.00,'2022-07-04 21:33:48',0),(144,2126,47,1.00,'2022-07-04 21:33:50',0),(145,2126,47,1.00,'2022-07-04 21:33:52',0),(146,2126,47,1.00,'2022-07-04 21:33:54',0),(148,2127,48,20.00,'2022-07-05 14:18:51',0),(149,2127,46,50.00,'2022-07-05 14:21:59',0),(150,2127,45,500.00,'2022-07-05 14:52:45',0),(151,2137,48,22.00,'2022-07-05 16:27:01',0),(152,2139,71,9.90,'2022-07-07 09:46:55',0),(153,2139,71,9.99,'2022-07-07 09:48:55',0),(154,2139,71,9.00,'2022-07-07 09:49:37',0),(156,2139,71,10.00,'2022-07-07 10:22:01',0),(157,2139,71,10.00,'2022-07-07 10:24:13',0),(158,2145,76,22.00,'2022-07-07 10:30:26',0),(159,2126,51,9.90,'2022-07-07 17:20:19',0),(160,2126,51,9.90,'2022-07-07 17:20:35',0),(161,2126,51,9.90,'2022-07-07 19:32:19',0),(162,2126,51,9.90,'2022-07-07 20:15:17',0),(163,2152,51,9.90,'2022-07-07 20:17:37',0),(164,2152,51,9.90,'2022-07-07 20:17:41',0),(165,2152,51,9.90,'2022-07-07 20:17:44',0),(166,2152,51,9.90,'2022-07-07 20:17:47',0),(167,2170,50,1.00,'2022-07-08 09:46:09',0),(168,2170,51,9.90,'2022-07-08 09:46:14',0),(169,2126,51,9.90,'2022-07-08 10:02:08',0),(170,2138,81,10.00,'2022-07-08 11:04:07',0),(171,2612,51,9.90,'2022-07-08 11:39:09',0),(172,2348,51,9.90,'2022-07-08 11:46:12',0),(173,2612,51,9.90,'2022-07-08 11:47:27',0),(174,2126,70,99.00,'2022-07-08 11:51:21',0),(175,2233,51,9.90,'2022-07-08 11:51:39',0),(176,2350,70,99.00,'2022-07-08 11:51:39',0),(177,2249,70,99.00,'2022-07-08 12:01:09',0),(178,2934,70,99.00,'2022-07-08 12:02:23',0),(179,2205,70,99.00,'2022-07-08 12:03:04',0),(180,2170,70,99.00,'2022-07-08 12:03:43',0),(181,2352,70,99.00,'2022-07-08 12:04:55',0),(182,2243,70,99.00,'2022-07-08 12:05:33',0),(183,2179,70,99.00,'2022-07-08 12:06:22',0),(184,2165,70,99.00,'2022-07-08 12:06:58',0),(185,2668,70,99.00,'2022-07-08 12:07:31',0),(186,2198,70,99.00,'2022-07-08 12:08:01',0),(187,2350,70,99.00,'2022-07-08 12:09:04',0),(188,2335,70,99.00,'2022-07-08 12:09:43',0),(189,2441,70,99.00,'2022-07-08 12:11:11',0),(190,2468,70,99.00,'2022-07-08 12:12:15',0),(191,2567,70,99.00,'2022-07-08 12:12:51',0),(192,2243,70,99.00,'2022-07-08 12:13:34',0),(193,2284,70,99.00,'2022-07-08 12:14:36',0),(194,2267,70,99.00,'2022-07-08 12:15:42',0),(195,2455,70,99.00,'2022-07-08 12:16:20',0),(196,18509,70,99.00,'2022-07-08 12:17:11',0),(197,2223,70,99.00,'2022-07-08 12:17:54',0),(198,15755,51,9.90,'2022-07-08 12:18:06',0),(199,2267,70,99.00,'2022-07-08 12:18:45',0),(200,2239,70,99.00,'2022-07-08 12:19:19',0),(201,2319,70,99.00,'2022-07-08 12:19:53',0),(202,2182,51,9.90,'2022-07-08 12:20:30',0),(203,2445,70,99.00,'2022-07-08 12:20:41',0),(204,2297,70,99.00,'2022-07-08 12:21:23',0),(205,2544,51,9.90,'2022-07-08 12:21:39',0),(206,2179,70,99.00,'2022-07-08 12:21:58',0),(207,2205,70,99.00,'2022-07-08 12:22:37',0),(208,2443,70,99.00,'2022-07-08 12:23:19',0),(209,2387,70,99.00,'2022-07-08 12:24:36',0),(210,2182,70,99.00,'2022-07-08 12:25:13',0),(211,2245,70,99.00,'2022-07-08 12:27:02',0),(212,2515,70,99.00,'2022-07-08 12:29:34',0),(213,2292,70,99.00,'2022-07-08 12:31:42',0),(214,2216,70,99.00,'2022-07-08 12:34:00',0),(215,2263,70,99.00,'2022-07-08 12:36:15',0),(216,2361,70,99.00,'2022-07-08 12:38:49',0),(217,2311,70,99.00,'2022-07-08 12:40:12',0),(218,2425,70,99.00,'2022-07-08 12:44:12',0),(219,2299,70,99.00,'2022-07-08 14:58:28',0),(220,2199,70,99.00,'2022-07-08 14:59:40',0),(221,2216,70,99.00,'2022-07-08 15:00:00',0),(222,2286,70,99.00,'2022-07-08 15:00:20',0),(223,2612,70,99.00,'2022-07-08 15:01:43',0),(224,2465,70,99.00,'2022-07-08 15:02:16',0),(225,2208,70,99.00,'2022-07-08 15:02:47',0),(226,2348,70,99.00,'2022-07-08 15:03:18',0),(227,2327,70,99.00,'2022-07-08 15:03:49',0),(228,2271,70,99.00,'2022-07-08 15:04:58',0),(229,2217,70,99.00,'2022-07-08 15:07:17',0),(230,2181,70,99.00,'2022-07-08 15:07:42',0),(231,2267,70,99.00,'2022-07-08 15:08:24',0),(232,2191,70,99.00,'2022-07-08 15:08:53',0),(233,2235,70,99.00,'2022-07-08 15:09:17',0),(234,2195,70,99.00,'2022-07-08 15:09:42',0),(235,2213,70,99.00,'2022-07-08 15:11:26',0),(236,2267,70,99.00,'2022-07-08 15:12:12',0),(237,2280,70,99.00,'2022-07-08 15:12:36',0),(238,2197,70,99.00,'2022-07-08 15:13:01',0),(239,2298,70,99.00,'2022-07-08 15:13:45',0),(240,2170,70,99.00,'2022-07-08 15:14:10',0),(241,2290,70,99.00,'2022-07-08 15:14:33',0),(242,2224,70,99.00,'2022-07-08 15:15:17',0),(243,2284,70,99.00,'2022-07-08 15:15:42',0),(244,2536,70,99.00,'2022-07-08 15:16:09',0),(245,2416,70,99.00,'2022-07-08 15:16:31',0),(246,2581,70,99.00,'2022-07-08 15:17:18',0),(247,2422,70,99.00,'2022-07-08 15:18:15',0),(248,2407,70,99.00,'2022-07-08 15:18:38',0),(249,2408,70,99.00,'2022-07-08 15:19:03',0),(250,18457,70,99.00,'2022-07-08 15:19:31',0),(251,2284,70,99.00,'2022-07-08 15:20:25',0),(252,2175,70,99.00,'2022-07-08 15:20:51',0),(253,2289,70,99.00,'2022-07-08 15:21:23',0),(254,2222,70,99.00,'2022-07-08 15:21:44',0),(255,2353,70,99.00,'2022-07-08 15:22:06',0),(256,2460,70,99.00,'2022-07-08 15:23:27',0),(257,2449,70,99.00,'2022-07-08 15:23:50',0),(258,2244,70,99.00,'2022-07-08 15:24:15',0),(259,2409,70,99.00,'2022-07-08 15:24:38',0),(260,2276,70,99.00,'2022-07-08 15:25:01',0),(261,2242,70,99.00,'2022-07-08 15:25:34',0),(262,2422,70,99.00,'2022-07-08 15:25:58',0),(263,2475,70,99.00,'2022-07-08 15:26:23',0),(264,2458,70,99.00,'2022-07-08 15:26:53',0),(265,2391,70,99.00,'2022-07-08 15:28:58',0),(266,2282,70,99.00,'2022-07-08 15:29:30',0),(267,2257,70,99.00,'2022-07-08 15:29:55',0),(268,2301,70,99.00,'2022-07-08 15:30:17',0),(269,2367,70,99.00,'2022-07-08 15:30:44',0),(270,2449,70,99.00,'2022-07-08 15:32:15',0),(271,2214,70,99.00,'2022-07-08 15:32:43',0),(272,2461,70,99.00,'2022-07-08 15:33:08',0),(273,2168,70,99.00,'2022-07-08 15:33:32',0),(274,2478,70,99.00,'2022-07-08 15:33:56',0),(275,2255,70,99.00,'2022-07-08 15:34:18',0),(276,2177,70,99.00,'2022-07-08 15:34:41',0),(277,2210,70,99.00,'2022-07-08 15:35:05',0),(278,2215,70,99.00,'2022-07-08 15:35:33',0),(279,2651,70,99.00,'2022-07-08 15:35:58',0),(280,2394,70,99.00,'2022-07-08 15:36:24',0),(281,2437,70,99.00,'2022-07-08 15:36:47',0),(282,2350,67,99.00,'2022-07-08 16:15:59',0),(283,2350,67,99.00,'2022-07-08 16:18:10',0),(284,2184,67,99.00,'2022-07-08 16:18:58',0),(285,2262,67,99.00,'2022-07-08 16:19:28',0),(286,2391,67,99.00,'2022-07-08 16:19:56',0),(287,2411,67,99.00,'2022-07-08 16:20:23',0),(288,2350,67,99.00,'2022-07-08 16:20:49',0),(289,2349,67,99.00,'2022-07-08 16:21:32',0),(290,2430,67,99.00,'2022-07-08 16:21:59',0),(291,2532,67,99.00,'2022-07-08 16:23:37',0),(292,2276,67,99.00,'2022-07-08 16:24:02',0),(293,2505,67,99.00,'2022-07-08 16:24:51',0),(294,2183,67,99.00,'2022-07-08 16:25:15',0),(295,2320,67,99.00,'2022-07-08 16:25:58',0),(296,2393,67,99.00,'2022-07-08 16:26:22',0),(297,2328,67,99.00,'2022-07-08 16:26:53',0),(298,2350,67,99.00,'2022-07-08 16:27:19',0),(299,2267,67,99.00,'2022-07-08 16:28:02',0),(300,2243,67,99.00,'2022-07-08 16:28:26',0),(301,2308,67,99.00,'2022-07-08 16:29:59',0),(302,2498,67,99.00,'2022-07-08 16:30:27',0),(303,2680,67,99.00,'2022-07-08 16:31:40',0),(304,2464,67,99.00,'2022-07-08 16:33:10',0),(305,2597,67,99.00,'2022-07-08 16:34:35',0),(306,2388,67,99.00,'2022-07-08 16:35:00',0),(307,2350,67,99.00,'2022-07-08 16:35:45',0),(308,2350,67,99.00,'2022-07-08 16:36:12',0),(309,2350,67,99.00,'2022-07-08 16:36:41',0),(310,2267,67,99.00,'2022-07-08 16:37:03',0),(311,2914,51,9.90,'2022-07-08 16:38:02',0),(312,2432,67,99.00,'2022-07-08 16:38:09',0),(313,2310,67,99.00,'2022-07-08 16:39:40',0),(314,2362,66,999.00,'2022-07-08 16:40:00',0),(315,2338,67,99.00,'2022-07-08 16:40:03',0),(316,2352,51,9.90,'2022-07-08 16:40:15',0),(317,2379,66,999.00,'2022-07-08 16:40:42',0),(318,2380,67,99.00,'2022-07-08 16:40:48',0),(319,2855,66,999.00,'2022-07-08 16:41:10',0),(320,2295,67,99.00,'2022-07-08 16:41:31',0),(321,2243,67,99.00,'2022-07-08 16:41:52',0),(322,2374,67,99.00,'2022-07-08 16:42:18',0),(323,2243,66,999.00,'2022-07-08 16:42:31',0),(324,2326,67,99.00,'2022-07-08 16:42:45',0),(325,2193,66,999.00,'2022-07-08 16:43:00',0),(326,2585,66,999.00,'2022-07-08 16:43:30',0),(327,2360,67,99.00,'2022-07-08 16:43:49',0),(328,2243,66,999.00,'2022-07-08 16:44:06',0),(329,2262,66,999.00,'2022-07-08 16:44:33',0),(330,2346,67,99.00,'2022-07-08 16:44:41',0),(331,2217,66,999.00,'2022-07-08 16:44:56',0),(332,2427,67,99.00,'2022-07-08 16:45:07',0),(333,2249,66,999.00,'2022-07-08 16:45:16',0),(334,2249,66,999.00,'2022-07-08 16:45:37',0),(335,2469,66,999.00,'2022-07-08 16:45:59',0),(336,2549,67,99.00,'2022-07-08 16:46:31',0),(337,2277,67,99.00,'2022-07-08 16:46:59',0),(338,2197,66,999.00,'2022-07-08 16:47:07',0),(339,2242,67,99.00,'2022-07-08 16:47:23',0),(340,2382,67,99.00,'2022-07-08 16:48:09',0),(341,2197,66,999.00,'2022-07-08 16:48:31',0),(342,2216,67,99.00,'2022-07-08 16:48:48',0),(343,2249,66,999.00,'2022-07-08 16:48:55',0),(344,2494,66,999.00,'2022-07-08 16:49:18',0),(345,2263,66,999.00,'2022-07-08 16:49:49',0),(346,2484,66,999.00,'2022-07-08 16:50:13',0),(347,2411,66,999.00,'2022-07-08 16:50:42',0),(348,2234,66,999.00,'2022-07-08 16:51:04',0),(349,2254,66,999.00,'2022-07-08 16:51:24',0),(350,2481,66,999.00,'2022-07-08 16:51:46',0),(351,2317,66,999.00,'2022-07-08 16:52:07',0),(352,2386,66,999.00,'2022-07-08 16:52:26',0),(353,2258,66,999.00,'2022-07-08 16:52:47',0),(354,2216,67,99.00,'2022-07-08 16:53:16',0),(355,2693,67,99.00,'2022-07-08 16:53:37',0),(356,2466,66,999.00,'2022-07-08 16:53:58',0),(357,2313,67,99.00,'2022-07-08 16:54:23',0),(358,2494,66,999.00,'2022-07-08 16:54:38',0),(359,2189,67,99.00,'2022-07-08 16:54:46',0),(360,2653,66,999.00,'2022-07-08 16:54:56',0),(361,2195,67,99.00,'2022-07-08 16:55:13',0),(362,2431,66,999.00,'2022-07-08 16:55:21',0),(363,2251,66,999.00,'2022-07-08 16:55:38',0),(364,2521,66,999.00,'2022-07-08 16:55:56',0),(365,2299,67,99.00,'2022-07-08 16:56:01',0),(366,2350,66,999.00,'2022-07-08 16:56:15',0),(367,2493,67,99.00,'2022-07-08 16:56:28',0),(368,2358,66,999.00,'2022-07-08 16:56:31',0),(369,2321,67,99.00,'2022-07-08 16:57:00',0),(370,2396,67,99.00,'2022-07-08 16:57:28',0),(371,2451,66,999.00,'2022-07-08 16:57:32',0),(372,2413,67,99.00,'2022-07-08 16:57:53',0),(373,2447,66,999.00,'2022-07-08 16:57:56',0),(374,2206,66,999.00,'2022-07-08 16:58:12',0),(375,2399,67,99.00,'2022-07-08 16:58:15',0),(376,2362,66,999.00,'2022-07-08 16:58:32',0),(377,2612,67,99.00,'2022-07-08 16:58:42',0),(378,2412,67,99.00,'2022-07-08 16:59:07',0),(379,2190,66,999.00,'2022-07-08 16:59:20',0),(380,2233,67,99.00,'2022-07-08 16:59:52',0),(381,2904,67,99.00,'2022-07-08 17:00:47',0),(382,2322,66,999.00,'2022-07-08 17:00:47',0),(383,2490,66,999.00,'2022-07-08 17:01:29',0),(384,2425,67,99.00,'2022-07-08 17:01:43',0),(385,2343,66,999.00,'2022-07-08 17:01:50',0),(386,2672,67,99.00,'2022-07-08 17:02:09',0),(387,2482,66,999.00,'2022-07-08 17:02:28',0),(388,2270,67,99.00,'2022-07-08 17:02:31',0),(389,2349,66,999.00,'2022-07-08 17:02:47',0),(390,2274,67,99.00,'2022-07-08 17:02:52',0),(391,2253,66,999.00,'2022-07-08 17:03:03',0),(392,2188,67,99.00,'2022-07-08 17:03:15',0),(393,2934,66,999.00,'2022-07-08 17:03:23',0),(394,2502,66,999.00,'2022-07-08 17:03:40',0),(395,2247,67,99.00,'2022-07-08 17:03:45',0),(396,2283,66,999.00,'2022-07-08 17:03:57',0),(397,2381,67,99.00,'2022-07-08 17:04:35',0),(398,2294,66,999.00,'2022-07-08 17:04:35',0),(399,2265,66,999.00,'2022-07-08 17:04:56',0),(400,2197,67,99.00,'2022-07-08 17:05:05',0),(401,2173,67,99.00,'2022-07-08 17:05:32',0),(402,2403,66,999.00,'2022-07-08 17:05:42',0),(403,2307,67,99.00,'2022-07-08 17:05:58',0),(404,2623,66,999.00,'2022-07-08 17:05:58',0),(405,2439,67,99.00,'2022-07-08 17:06:21',0),(406,2250,66,999.00,'2022-07-08 17:06:29',0),(407,2464,66,999.00,'2022-07-08 17:06:59',0),(408,2272,66,999.00,'2022-07-08 17:07:17',0),(409,2273,66,999.00,'2022-07-08 17:07:40',0),(410,2462,66,999.00,'2022-07-08 17:07:57',0),(411,2428,66,999.00,'2022-07-08 17:08:17',0),(412,2318,67,99.00,'2022-07-08 17:08:30',0),(413,2455,66,999.00,'2022-07-08 17:09:02',0),(414,2449,67,99.00,'2022-07-08 17:09:02',0),(415,2429,66,999.00,'2022-07-08 17:09:25',0),(416,2674,67,99.00,'2022-07-08 17:09:27',0),(417,2378,66,999.00,'2022-07-08 17:09:40',0),(418,2344,67,99.00,'2022-07-08 17:09:49',0),(419,2420,66,999.00,'2022-07-08 17:10:05',0),(420,2385,67,99.00,'2022-07-08 17:10:13',0),(421,2368,66,999.00,'2022-07-08 17:10:21',0),(422,2694,67,99.00,'2022-07-08 17:10:38',0),(423,2389,66,999.00,'2022-07-08 17:10:42',0),(424,2364,66,999.00,'2022-07-08 17:10:58',0),(425,2415,67,99.00,'2022-07-08 17:11:02',0),(426,2414,66,999.00,'2022-07-08 17:11:14',0),(427,2566,67,99.00,'2022-07-08 17:11:51',0),(428,2442,66,999.00,'2022-07-08 17:12:03',0),(429,2432,67,99.00,'2022-07-08 17:12:34',0),(430,2454,66,999.00,'2022-07-08 17:12:48',0),(431,2284,67,99.00,'2022-07-08 17:13:01',0),(432,2580,66,999.00,'2022-07-08 17:13:10',0),(433,2284,67,99.00,'2022-07-08 17:13:26',0),(434,2505,66,999.00,'2022-07-08 17:13:35',0),(435,2419,66,999.00,'2022-07-08 17:13:49',0),(436,2340,66,999.00,'2022-07-08 17:14:07',0),(437,2456,66,999.00,'2022-07-08 17:14:26',0),(438,2356,67,99.00,'2022-07-08 17:14:42',0),(439,2211,66,999.00,'2022-07-08 17:14:55',0),(440,2313,66,999.00,'2022-07-08 17:15:13',0),(441,2438,66,999.00,'2022-07-08 17:15:28',0),(442,2275,66,999.00,'2022-07-08 17:15:47',0),(443,2591,66,999.00,'2022-07-08 17:16:03',0),(444,2248,66,999.00,'2022-07-08 17:16:20',0),(445,2216,66,999.00,'2022-07-08 17:16:37',0),(446,2612,66,999.00,'2022-07-08 17:18:55',0),(447,2267,66,999.00,'2022-07-08 17:19:17',0),(448,2351,66,999.00,'2022-07-08 17:19:33',0),(449,2190,67,99.00,'2022-07-08 17:19:38',0),(450,2466,66,999.00,'2022-07-08 17:19:59',0),(451,2298,67,99.00,'2022-07-08 17:20:08',0),(452,2694,66,999.00,'2022-07-08 17:20:32',0),(453,2177,67,99.00,'2022-07-08 17:20:34',0),(454,2268,66,999.00,'2022-07-08 17:20:52',0),(455,2265,67,99.00,'2022-07-08 17:21:55',0),(456,2373,66,999.00,'2022-07-08 17:22:27',0),(457,2494,66,999.00,'2022-07-08 17:22:45',0),(458,2315,66,999.00,'2022-07-08 17:23:00',0),(459,2255,67,99.00,'2022-07-08 17:23:20',0),(460,2293,66,999.00,'2022-07-08 17:23:39',0),(461,2255,67,99.00,'2022-07-08 17:24:03',0),(462,2299,66,999.00,'2022-07-08 17:24:42',0),(463,2182,66,999.00,'2022-07-08 17:24:59',0),(464,2478,67,99.00,'2022-07-08 17:25:05',0),(465,2337,66,999.00,'2022-07-08 17:25:14',0),(466,2423,66,999.00,'2022-07-08 17:25:29',0),(467,2341,66,999.00,'2022-07-08 17:25:58',0),(468,2284,67,99.00,'2022-07-08 17:26:02',0),(469,2731,66,999.00,'2022-07-08 17:26:17',0),(470,2384,67,99.00,'2022-07-08 17:26:26',0),(471,2267,66,999.00,'2022-07-08 17:27:03',0),(472,2218,67,99.00,'2022-07-08 17:27:04',0),(473,2218,67,99.00,'2022-07-08 17:27:29',0),(474,2267,66,999.00,'2022-07-08 17:27:36',0),(475,2369,66,999.00,'2022-07-08 17:27:54',0),(476,2228,66,999.00,'2022-07-08 17:28:12',0),(477,2249,66,999.00,'2022-07-08 17:28:28',0),(478,2238,67,99.00,'2022-07-08 17:28:37',0),(479,2398,66,999.00,'2022-07-08 17:28:59',0),(480,2192,67,99.00,'2022-07-08 17:29:16',0),(481,2354,66,999.00,'2022-07-08 17:29:34',0),(482,2177,67,99.00,'2022-07-08 17:29:46',0),(483,2436,67,99.00,'2022-07-08 17:30:15',0),(484,2169,66,999.00,'2022-07-08 17:30:15',0),(485,2298,66,999.00,'2022-07-08 17:30:35',0),(486,2225,66,999.00,'2022-07-08 17:30:50',0),(487,2478,67,99.00,'2022-07-08 17:31:09',0),(488,2197,66,999.00,'2022-07-08 17:31:14',0),(489,2446,67,99.00,'2022-07-08 17:31:34',0),(490,2934,66,999.00,'2022-07-08 17:31:40',0),(491,2176,66,999.00,'2022-07-08 17:31:55',0),(492,2506,66,999.00,'2022-07-08 17:32:12',0),(493,2221,67,99.00,'2022-07-08 17:32:19',0),(494,2401,67,99.00,'2022-07-08 17:32:44',0),(495,2670,66,999.00,'2022-07-08 17:32:47',0),(496,2449,67,99.00,'2022-07-08 17:33:07',0),(497,2303,66,999.00,'2022-07-08 17:33:19',0),(498,2256,67,99.00,'2022-07-08 17:33:30',0),(499,2187,66,999.00,'2022-07-08 17:33:34',0),(500,2351,66,999.00,'2022-07-08 17:33:53',0),(501,2300,66,999.00,'2022-07-08 17:34:10',0),(502,2449,67,99.00,'2022-07-08 17:34:14',0),(503,2476,66,999.00,'2022-07-08 17:34:39',0),(504,2550,67,99.00,'2022-07-08 17:34:48',0),(505,2449,66,999.00,'2022-07-08 17:34:57',0),(506,2252,66,999.00,'2022-07-08 17:35:13',0),(507,2494,66,999.00,'2022-07-08 17:35:28',0),(508,2274,67,99.00,'2022-07-08 17:35:41',0),(509,2204,67,99.00,'2022-07-08 17:36:02',0),(510,2203,66,999.00,'2022-07-08 17:36:47',0),(511,2172,67,99.00,'2022-07-08 17:36:52',0),(512,2422,67,99.00,'2022-07-08 17:37:16',0),(513,2344,66,999.00,'2022-07-08 17:37:19',0),(514,2334,66,999.00,'2022-07-08 17:37:38',0),(515,2255,67,99.00,'2022-07-08 17:37:43',0),(516,2449,66,999.00,'2022-07-08 17:37:53',0),(517,2266,67,99.00,'2022-07-08 17:38:16',0),(518,2296,66,999.00,'2022-07-08 17:38:22',0),(519,2177,66,999.00,'2022-07-08 17:38:52',0),(520,2241,66,999.00,'2022-07-08 17:39:07',0),(521,2421,66,999.00,'2022-07-08 17:39:24',0),(522,2261,66,999.00,'2022-07-08 17:40:04',0),(523,18459,66,999.00,'2022-07-08 17:40:18',0),(524,2166,66,999.00,'2022-07-08 17:40:35',0),(525,2316,66,999.00,'2022-07-08 17:40:49',0),(526,2692,66,999.00,'2022-07-08 17:41:02',0),(527,2410,66,999.00,'2022-07-08 17:41:15',0),(528,2479,66,999.00,'2022-07-08 17:41:28',0),(529,2205,66,999.00,'2022-07-08 17:42:10',0),(530,2255,66,999.00,'2022-07-08 17:42:26',0),(531,2221,66,999.00,'2022-07-08 17:42:42',0),(532,2397,66,999.00,'2022-07-08 17:42:57',0),(533,2177,66,999.00,'2022-07-08 17:43:13',0),(534,2227,66,999.00,'2022-07-08 17:43:43',0),(535,2355,66,999.00,'2022-07-08 17:44:00',0),(536,2440,66,999.00,'2022-07-08 17:44:14',0),(537,2358,66,999.00,'2022-07-08 17:44:31',0),(538,2255,66,999.00,'2022-07-08 17:44:44',0),(539,2550,66,999.00,'2022-07-08 17:45:15',0),(540,2272,66,999.00,'2022-07-08 17:45:35',0),(541,2285,66,999.00,'2022-07-08 17:46:03',0),(542,2351,66,999.00,'2022-07-08 17:46:34',0),(543,2244,66,999.00,'2022-07-08 17:46:51',0),(544,2401,66,999.00,'2022-07-08 17:47:07',0),(545,2363,66,999.00,'2022-07-08 17:47:20',0),(546,2363,66,999.00,'2022-07-08 17:47:36',0),(547,2259,66,999.00,'2022-07-08 17:47:55',0),(548,2230,66,999.00,'2022-07-08 17:48:14',0),(549,2623,66,999.00,'2022-07-08 17:48:33',0),(550,2240,66,999.00,'2022-07-08 17:48:51',0),(551,2255,66,999.00,'2022-07-08 17:49:39',0),(552,2180,66,999.00,'2022-07-08 17:50:03',0),(553,2237,66,999.00,'2022-07-08 17:50:48',0),(554,2177,66,999.00,'2022-07-08 17:51:12',0),(555,2177,66,999.00,'2022-07-08 17:51:17',0),(556,2177,66,999.00,'2022-07-08 17:51:21',0),(557,2177,66,999.00,'2022-07-08 17:51:25',0),(558,2375,66,999.00,'2022-07-08 17:52:40',0),(559,2284,66,999.00,'2022-07-08 17:52:58',0),(560,2671,66,999.00,'2022-07-08 17:53:16',0),(561,2238,51,9.90,'2022-07-08 21:18:59',0),(562,2490,51,9.90,'2022-07-08 21:19:14',0),(563,2887,51,9.90,'2022-07-08 21:21:11',0),(564,2126,83,666.00,'2022-07-08 23:04:33',0),(565,2164,84,999.00,'2022-07-08 23:13:24',0),(566,2164,84,999.00,'2022-07-08 23:13:29',0),(567,2164,84,999.00,'2022-07-08 23:13:33',0),(568,2164,84,999.00,'2022-07-08 23:13:37',0),(569,2164,84,999.00,'2022-07-08 23:13:44',0),(570,2164,84,999.00,'2022-07-08 23:13:50',0),(571,2164,84,999.00,'2022-07-08 23:13:55',0),(572,2164,84,999.00,'2022-07-08 23:13:59',0),(573,2164,84,999.00,'2022-07-08 23:14:04',0),(574,2164,84,999.00,'2022-07-08 23:14:08',0),(575,2164,84,999.00,'2022-07-08 23:14:30',0),(576,2164,84,999.00,'2022-07-08 23:14:35',0),(577,2164,84,999.00,'2022-07-08 23:14:40',0),(578,2164,84,999.00,'2022-07-08 23:14:45',0),(579,2164,84,999.00,'2022-07-08 23:14:50',0),(580,2164,84,999.00,'2022-07-08 23:14:54',0),(581,2164,84,999.00,'2022-07-08 23:14:59',0),(582,2164,84,999.00,'2022-07-08 23:15:04',0),(583,2164,84,999.00,'2022-07-08 23:15:09',0),(584,2164,84,999.00,'2022-07-08 23:15:14',0),(585,2164,84,999.00,'2022-07-08 23:15:38',0),(586,2164,84,999.00,'2022-07-08 23:15:42',0),(587,2164,84,999.00,'2022-07-08 23:15:46',0),(588,2204,51,9.90,'2022-07-09 00:15:07',0),(589,2595,51,9.90,'2022-07-09 00:15:18',0),(590,2183,51,9.90,'2022-07-09 00:15:35',0),(591,2185,51,9.90,'2022-07-09 00:15:46',0),(592,2759,51,9.90,'2022-07-09 00:16:39',0),(593,3678,51,9.90,'2022-07-09 00:18:24',0),(594,2602,51,9.90,'2022-07-09 00:26:02',0),(595,2331,51,9.90,'2022-07-09 00:26:28',0),(596,2230,51,9.90,'2022-07-09 00:35:09',0),(597,2288,51,9.90,'2022-07-09 00:35:18',0),(598,2930,51,9.90,'2022-07-09 09:09:20',0),(599,2168,51,9.90,'2022-07-09 09:10:43',0),(600,3431,51,9.90,'2022-07-09 09:47:31',0),(601,2558,51,9.90,'2022-07-09 10:46:18',0),(602,2268,51,9.90,'2022-07-09 13:33:19',0),(603,2216,51,9.90,'2022-07-09 13:34:23',0),(604,2462,51,9.90,'2022-07-09 14:06:15',0),(605,2825,51,9.90,'2022-07-09 14:42:52',0),(606,2796,51,9.90,'2022-07-09 15:37:42',0),(607,2513,51,9.90,'2022-07-09 16:35:46',0),(608,2534,51,9.90,'2022-07-09 16:35:57',0),(609,2221,51,9.90,'2022-07-09 16:58:26',0),(610,2236,51,9.90,'2022-07-09 16:58:45',0),(611,2181,51,9.90,'2022-07-09 18:24:34',0),(612,2232,51,9.90,'2022-07-09 18:35:54',0),(613,2182,84,999.00,'2022-07-09 18:51:08',0),(614,20701,84,999.00,'2022-07-10 15:13:11',0),(615,2243,85,99.00,'2022-07-10 15:54:21',0),(616,2494,85,99.00,'2022-07-10 15:55:21',0),(617,2411,85,99.00,'2022-07-10 15:55:50',0),(618,2258,85,99.00,'2022-07-10 15:56:56',0),(619,2329,85,99.00,'2022-07-10 15:57:21',0),(620,2264,85,99.00,'2022-07-10 15:58:03',0),(621,2310,85,99.00,'2022-07-10 15:58:29',0),(622,2167,85,99.00,'2022-07-10 15:58:53',0),(623,2186,85,99.00,'2022-07-10 15:59:18',0),(624,2395,85,99.00,'2022-07-10 16:00:00',0),(625,2202,85,99.00,'2022-07-10 16:00:24',0),(626,2411,85,99.00,'2022-07-10 16:00:56',0),(627,2232,85,99.00,'2022-07-10 16:01:28',0),(628,2331,85,99.00,'2022-07-10 16:02:28',0),(629,2231,85,99.00,'2022-07-10 16:02:54',0),(630,2374,85,99.00,'2022-07-10 16:03:39',0),(631,2212,85,99.00,'2022-07-10 16:04:01',0),(632,2218,85,99.00,'2022-07-10 16:04:27',0),(633,2246,85,99.00,'2022-07-10 16:04:49',0),(634,2541,85,99.00,'2022-07-10 16:05:33',0),(635,2255,85,99.00,'2022-07-10 16:05:58',0),(636,2279,85,99.00,'2022-07-10 16:06:21',0),(637,2269,85,99.00,'2022-07-10 16:06:43',0),(638,2494,85,99.00,'2022-07-10 16:07:05',0),(639,2424,85,99.00,'2022-07-10 16:07:28',0),(640,2434,85,99.00,'2022-07-10 16:07:52',0),(641,2444,85,99.00,'2022-07-10 16:08:15',0),(642,2491,85,99.00,'2022-07-10 16:08:39',0),(643,2267,85,99.00,'2022-07-10 16:09:08',0),(644,2499,85,99.00,'2022-07-10 16:09:40',0),(645,2197,85,99.00,'2022-07-10 16:10:05',0),(646,2621,85,99.00,'2022-07-10 16:10:33',0),(647,2126,58,9.90,'2022-07-10 16:10:38',0),(648,27919,85,99.00,'2022-07-10 19:10:50',0);
/*!40000 ALTER TABLE `fa_goods_send` ENABLE KEYS */;
UNLOCK TABLES;

--
-- Table structure for table `fa_goods_transfer`
--

DROP TABLE IF EXISTS `fa_goods_transfer`;
/*!40101 SET @saved_cs_client     = @@character_set_client */;
/*!50503 SET character_set_client = utf8 */;
CREATE TABLE `fa_goods_transfer` (
  `id` int NOT NULL AUTO_INCREMENT,
  `uid` int DEFAULT NULL COMMENT '转增会员信息',
  `target_uid` int DEFAULT NULL COMMENT '受赠会员信息',
  `goods_users_id` int DEFAULT NULL COMMENT '会员作品信息',
  `goods_id` int DEFAULT NULL COMMENT '作品信息',
  `price` decimal(10,2) DEFAULT NULL COMMENT '作品价值',
  `create_time` datetime DEFAULT NULL COMMENT '转增时间',
  PRIMARY KEY (`id`) USING BTREE
) ENGINE=MyISAM AUTO_INCREMENT=4484 DEFAULT CHARSET=utf8 COLLATE=utf8_general_ci ROW_FORMAT=DYNAMIC;
/*!40101 SET character_set_client = @saved_cs_client */;

--
-- Dumping data for table `fa_goods_transfer`
--

LOCK TABLES `fa_goods_transfer` WRITE;
/*!40000 ALTER TABLE `fa_goods_transfer` DISABLE KEYS */;
INSERT INTO `fa_goods_transfer` VALUES (5,2083,2079,7,2,11.00,'2022-06-23 11:52:04'),(8,2079,2083,20,6,11.00,'2022-06-24 09:42:10'),(11,2084,2078,24,2,11.00,'2022-06-24 18:55:03'),(44,2126,2142,373,45,999.00,'2022-07-05 22:12:58'),(48,2139,2138,370,49,9.00,'2022-07-06 14:26:56'),(65,2139,2138,369,45,999.00,'2022-07-06 15:13:59'),(75,2138,2139,370,49,9.00,'2022-07-06 16:00:10'),(76,2126,2142,262,45,999.00,'2022-07-06 17:57:28'),(186,2126,2142,376,48,999.00,'2022-07-07 16:41:04'),(187,2142,2126,395,53,9.90,'2022-07-07 18:20:20'),(1154,19524,20117,4730,45,999.00,'2022-07-09 09:39:30');
/*!40000 ALTER TABLE `fa_goods_transfer` ENABLE KEYS */;
UNLOCK TABLES;

--
-- Table structure for table `fa_goods_users`
--

DROP TABLE IF EXISTS `fa_goods_users`;
/*!40101 SET @saved_cs_client     = @@character_set_client */;
/*!50503 SET character_set_client = utf8 */;
CREATE TABLE `fa_goods_users` (
  `id` int NOT NULL AUTO_INCREMENT,
  `uid` int DEFAULT NULL COMMENT '会员ID',
  `goods_id` int DEFAULT NULL COMMENT '拍品ID',
  `goods_number` varchar(255) CHARACTER SET utf8 COLLATE utf8_general_ci DEFAULT '' COMMENT '拍品编号',
  `price` decimal(10,2) DEFAULT NULL COMMENT '拍品价格',
  `status` tinyint DEFAULT '1' COMMENT '状态:1=待出售,2=待交易,3=交易中,4=已出售',
  `is_show` tinyint DEFAULT '1' COMMENT '展示状态:0=下架,1=上架',
  `is_del` tinyint DEFAULT '0' COMMENT '删除状态:0=未删除,1=已删除',
  `create_time` datetime DEFAULT NULL COMMENT '创建时间',
  `order` int DEFAULT '100' COMMENT '排序值',
  `number` varchar(255) CHARACTER SET utf8 COLLATE utf8_general_ci DEFAULT '' COMMENT '流水编号',
  `is_send` tinyint DEFAULT '0' COMMENT '是否为赠送:0=不是,1=赠送',
  `operation_id` varchar(255) CHARACTER SET utf8 COLLATE utf8_general_ci DEFAULT NULL COMMENT '碎片id',
  `jlstatus` tinyint NOT NULL DEFAULT '0' COMMENT '奖励:0=否，1=是，2=合成',
  `state` enum('0','1') DEFAULT '0' COMMENT '上链状态:0=未上链,1=已上链',
  PRIMARY KEY (`id`) USING BTREE
) ENGINE=MyISAM AUTO_INCREMENT=18370 DEFAULT CHARSET=utf8 COLLATE=utf8_general_ci ROW_FORMAT=DYNAMIC;
/*!40101 SET character_set_client = @saved_cs_client */;

--
-- Dumping data for table `fa_goods_users`
--

LOCK TABLES `fa_goods_users` WRITE;
/*!40000 ALTER TABLE `fa_goods_users` DISABLE KEYS */;
INSERT INTO `fa_goods_users` VALUES (18357,30685,50,'8174501174203912',1.00,2,1,1,'2022-08-17 22:04:04',100,'005635',0,'operationid8175085789054351',0,'1'),(18358,30685,86,'8186249870235431',185.00,2,1,1,'2022-08-18 02:55:01',100,'000001',0,'operationid8186256274193512',0,'1'),(18359,30685,87,'8186251407514617',10.00,2,1,1,'2022-08-18 02:55:16',100,'000001',0,'operationid8186256251270738',0,'1'),(18360,30685,88,'8186259975162755',605.00,1,1,1,'2022-08-18 02:56:42',100,'000001',0,'operationid8186318958285723',0,'1'),(18361,30685,88,'8186270125650182',605.00,1,1,1,'2022-08-18 02:58:23',100,'000002',0,'operationid8186318938425223',0,'1'),(18362,30685,50,'8186271741235343',158.00,1,1,1,'2022-08-18 02:58:39',100,'005636',0,'operationid8186318918000731',0,'1'),(18363,30685,86,'8186272775764917',185.00,1,1,1,'2022-08-18 02:58:50',100,'000002',0,'operationid8186318898441198',0,'1'),(18364,30685,87,'8186274322065198',10.00,1,1,1,'2022-08-18 02:59:05',100,'000002',0,'operationid8186318875348857',0,'1'),(18365,30686,50,'8186839330448348',158.00,2,1,0,'2022-08-18 04:34:01',100,'005637',0,'operationid8186857771874304',0,'1'),(18366,30686,86,'8186849306824878',185.00,2,1,0,'2022-08-18 04:34:55',100,'000003',0,'operationid8186857751212691',0,'1'),(18367,30686,88,'8186850253653558',605.00,2,1,0,'2022-08-18 04:35:05',100,'000003',0,'operationid8186857732732134',0,'1'),(18368,30686,87,'8186851232585397',10.00,1,1,0,'2022-08-18 04:35:14',100,'000003',0,'operationid8186857711206418',0,'1'),(18369,30686,87,'8186851882997784',10.00,2,1,0,'2022-08-18 04:35:21',100,'000004',0,'operationid8186857692284751',0,'1');
/*!40000 ALTER TABLE `fa_goods_users` ENABLE KEYS */;
UNLOCK TABLES;

--
-- Table structure for table `fa_goods_usersjl`
--

DROP TABLE IF EXISTS `fa_goods_usersjl`;
/*!40101 SET @saved_cs_client     = @@character_set_client */;
/*!50503 SET character_set_client = utf8 */;
CREATE TABLE `fa_goods_usersjl` (
  `id` int NOT NULL AUTO_INCREMENT,
  `uid` int DEFAULT NULL COMMENT '会员ID',
  `goods_id` int DEFAULT NULL COMMENT '拍品ID',
  `create_time` datetime DEFAULT NULL COMMENT '创建时间',
  PRIMARY KEY (`id`) USING BTREE
) ENGINE=MyISAM DEFAULT CHARSET=utf8 COLLATE=utf8_general_ci ROW_FORMAT=DYNAMIC;
/*!40101 SET character_set_client = @saved_cs_client */;

--
-- Dumping data for table `fa_goods_usersjl`
--

LOCK TABLES `fa_goods_usersjl` WRITE;
/*!40000 ALTER TABLE `fa_goods_usersjl` DISABLE KEYS */;
/*!40000 ALTER TABLE `fa_goods_usersjl` ENABLE KEYS */;
UNLOCK TABLES;

--
-- Table structure for table `fa_iplimit`
--

DROP TABLE IF EXISTS `fa_iplimit`;
/*!40101 SET @saved_cs_client     = @@character_set_client */;
/*!50503 SET character_set_client = utf8 */;
CREATE TABLE `fa_iplimit` (
  `id` int NOT NULL AUTO_INCREMENT,
  `ip` varchar(200) NOT NULL,
  `addtime` int NOT NULL,
  `phone` varchar(100) DEFAULT NULL,
  PRIMARY KEY (`id`)
) ENGINE=MyISAM DEFAULT CHARSET=utf8mb3;
/*!40101 SET character_set_client = @saved_cs_client */;

--
-- Dumping data for table `fa_iplimit`
--

LOCK TABLES `fa_iplimit` WRITE;
/*!40000 ALTER TABLE `fa_iplimit` DISABLE KEYS */;
/*!40000 ALTER TABLE `fa_iplimit` ENABLE KEYS */;
UNLOCK TABLES;

--
-- Table structure for table `fa_manghe_award_record`
--

DROP TABLE IF EXISTS `fa_manghe_award_record`;
/*!40101 SET @saved_cs_client     = @@character_set_client */;
/*!50503 SET character_set_client = utf8 */;
CREATE TABLE `fa_manghe_award_record` (
  `id` int unsigned NOT NULL AUTO_INCREMENT COMMENT 'ID',
  `user_id` int NOT NULL COMMENT '会员ID',
  `goods_id` int NOT NULL COMMENT '藏品信息',
  `status` enum('0','1') CHARACTER SET utf8 COLLATE utf8_unicode_ci NOT NULL DEFAULT '0' COMMENT '中奖状态:0=未中奖,1=中奖',
  `createtime` int DEFAULT NULL COMMENT '创建时间',
  PRIMARY KEY (`id`)
) ENGINE=MyISAM DEFAULT CHARSET=utf8 COLLATE=utf8_unicode_ci COMMENT='盲盒中奖纪录';
/*!40101 SET character_set_client = @saved_cs_client */;

--
-- Dumping data for table `fa_manghe_award_record`
--

LOCK TABLES `fa_manghe_award_record` WRITE;
/*!40000 ALTER TABLE `fa_manghe_award_record` DISABLE KEYS */;
/*!40000 ALTER TABLE `fa_manghe_award_record` ENABLE KEYS */;
UNLOCK TABLES;

--
-- Table structure for table `fa_manghe_banner`
--

DROP TABLE IF EXISTS `fa_manghe_banner`;
/*!40101 SET @saved_cs_client     = @@character_set_client */;
/*!50503 SET character_set_client = utf8 */;
CREATE TABLE `fa_manghe_banner` (
  `id` int unsigned NOT NULL AUTO_INCREMENT COMMENT 'ID',
  `image` varchar(255) CHARACTER SET utf8 COLLATE utf8_general_ci NOT NULL COMMENT '轮播图',
  `name` varchar(255) CHARACTER SET utf8 COLLATE utf8_general_ci DEFAULT '' COMMENT '名称',
  `url` varchar(255) CHARACTER SET utf8 COLLATE utf8_general_ci DEFAULT '' COMMENT '跳转地址',
  `is_show` tinyint(1) NOT NULL DEFAULT '1' COMMENT '是否展示:0=不展示,1=展示',
  `createtime` int DEFAULT NULL COMMENT '创建时间',
  `updatetime` int DEFAULT NULL COMMENT '更新时间',
  PRIMARY KEY (`id`)
) ENGINE=MyISAM AUTO_INCREMENT=3 DEFAULT CHARSET=utf8 COLLATE=utf8_general_ci COMMENT='盲盒轮播管理';
/*!40101 SET character_set_client = @saved_cs_client */;

--
-- Dumping data for table `fa_manghe_banner`
--

LOCK TABLES `fa_manghe_banner` WRITE;
/*!40000 ALTER TABLE `fa_manghe_banner` DISABLE KEYS */;
INSERT INTO `fa_manghe_banner` VALUES (2,'/uploads/20220818/7dc1640f6a1732236e016df6004ed527.jpg','','',1,1651131401,1660764285);
/*!40000 ALTER TABLE `fa_manghe_banner` ENABLE KEYS */;
UNLOCK TABLES;

--
-- Table structure for table `fa_news`
--

DROP TABLE IF EXISTS `fa_news`;
/*!40101 SET @saved_cs_client     = @@character_set_client */;
/*!50503 SET character_set_client = utf8 */;
CREATE TABLE `fa_news` (
  `id` int NOT NULL AUTO_INCREMENT,
  `title` varchar(255) CHARACTER SET utf8 COLLATE utf8_unicode_ci DEFAULT NULL COMMENT '标题',
  `order` int DEFAULT '100' COMMENT '排序值',
  `content` text CHARACTER SET utf8 COLLATE utf8_unicode_ci COMMENT '内容',
  `create_time` datetime DEFAULT NULL COMMENT '发布时间',
  `is_show` tinyint DEFAULT '1' COMMENT '是否展示:0=不展示,1=展示',
  `is_del` tinyint DEFAULT '0' COMMENT '是否删除:0=未删除,1=已删除',
  PRIMARY KEY (`id`) USING BTREE
) ENGINE=MyISAM AUTO_INCREMENT=5 DEFAULT CHARSET=utf8 COLLATE=utf8_unicode_ci ROW_FORMAT=DYNAMIC;
/*!40101 SET character_set_client = @saved_cs_client */;

--
-- Dumping data for table `fa_news`
--

LOCK TABLES `fa_news` WRITE;
/*!40000 ALTER TABLE `fa_news` DISABLE KEYS */;
INSERT INTO `fa_news` VALUES (1,'藏品上线了',100,'<p>藏品上线了藏品上线了藏品上线了藏品上线了藏品上线了藏品上线了藏品上线了藏品上线了藏品上线了藏品上线了藏品上线了藏品上线了藏品上线了藏品上线了藏品上线了藏品上线了藏品上线了藏品上线了藏品上线了藏品上线了藏品上线了藏品上线了藏品上线了藏品上线了藏品上线了藏品上线了藏品上线了藏品上线了藏品上线了藏品上线了藏品上线了藏品上线了藏品上线了藏品上线了藏品上线了藏品上线了藏品上线了藏品上线了藏品上线了藏品上线了藏品上线了藏品上线了藏品上线了藏品上线了藏品上线了藏品上线了藏品上线了藏品上线了藏品上线了藏品上线了藏品上线了藏品上线了藏品上线了藏品上线了藏品上线了藏品上线了藏品上线了藏品上线了藏品上线了藏品上线了藏品上线了藏品上线了藏品上线了藏品上线了藏品上线了藏品上线了藏品上线了藏品上线了藏品上线了藏品上线了藏品上线了藏品上线了藏品上线了藏品上线了藏品上线了藏品上线了藏品上线了藏品上线了藏品上线了藏品上线了藏品上线了藏品上线了藏品上线了藏品上线了藏品上线了藏品上线了藏品上线了藏品上线了藏品上线了藏品上线了藏品上线了藏品上线了藏品上线了藏品上线了藏品上线了藏品上线了藏品上线了藏品上线了藏品上线了藏品上线了藏品上线了藏品上线了藏品上线了藏品上线了藏品上线了藏品上线了藏品上线了藏品上线了藏品上线了藏品上线了藏品上线了藏品上线了藏品上线了藏品上线了藏品上线了藏品上线了藏品上线了藏品上线了藏品上线了藏品上线了藏品上线了<br></p>','2022-06-27 22:08:25',1,0),(2,'购买说明',100,'<p>购买说明<br></p>','2022-06-24 16:42:38',1,0),(3,'盲盒购买说明',100,'<p>盲盒购买说明盲盒购买说明盲盒购买说明盲盒购买说明盲盒购买说明盲盒购买说明盲盒购买说明盲盒购买说明盲盒购买说明盲盒购买说明盲盒购买说明盲盒购买说明</p>','2022-06-24 18:01:37',1,0),(4,'藏品购买说明',100,'','2022-06-24 18:02:21',0,0);
/*!40000 ALTER TABLE `fa_news` ENABLE KEYS */;
UNLOCK TABLES;

--
-- Table structure for table `fa_notice`
--

DROP TABLE IF EXISTS `fa_notice`;
/*!40101 SET @saved_cs_client     = @@character_set_client */;
/*!50503 SET character_set_client = utf8 */;
CREATE TABLE `fa_notice` (
  `id` int NOT NULL AUTO_INCREMENT,
  `title` varchar(255) CHARACTER SET utf8 COLLATE utf8_unicode_ci DEFAULT NULL COMMENT '标题',
  `image` varchar(255) CHARACTER SET utf8 COLLATE utf8_unicode_ci DEFAULT NULL COMMENT '图片',
  `desc` varchar(255) CHARACTER SET utf8 COLLATE utf8_unicode_ci DEFAULT '' COMMENT '简介',
  `order` int DEFAULT '100' COMMENT '排序值',
  `content` text CHARACTER SET utf8 COLLATE utf8_unicode_ci COMMENT '内容',
  `create_time` datetime DEFAULT NULL COMMENT '发布时间',
  `is_show` tinyint DEFAULT '1' COMMENT '是否展示:0=不展示,1=展示',
  `is_del` tinyint DEFAULT '0' COMMENT '是否删除:0=未删除,1=已删除',
  PRIMARY KEY (`id`) USING BTREE
) ENGINE=MyISAM AUTO_INCREMENT=12 DEFAULT CHARSET=utf8 COLLATE=utf8_unicode_ci ROW_FORMAT=DYNAMIC;
/*!40101 SET character_set_client = @saved_cs_client */;

--
-- Dumping data for table `fa_notice`
--

LOCK TABLES `fa_notice` WRITE;
/*!40000 ALTER TABLE `fa_notice` DISABLE KEYS */;
INSERT INTO `fa_notice` VALUES (1,'最新资讯','/uploads/20220423/d557adf19f2276258064ada6a1d0d996.png','sfdsdsfsadfdddddddddddddddddddddddddddddddddfsfds',100,'<p>成为成册 测试测试测试测试测试 是测试测上测试测试测试测试测试测试测试测试测试测试测试测试商城商城测试测试测试测试测试测成为成册 测试测试测试测试测试 是测试测上测试测试测试测试测试测试测试测试测试测试测试测试商城商城测试测试测试测试测试测成为成册 测试测试测试测试测试 是测试测上测试测试测试测试测试测试测试测试测试测试测试测试商城商城测试测试测试测试测试测成为成册 测试测试测试测试测试 是测试测上测试测试测试测试测试测试测试测试测试测试测试测试商城商城测试测试测试测试测试测成为成册 测试测试测试测试测试 是测试测上测试测试测试测试测试测试测试测试测试测试测试测试商城商城测试测试测试测试测试测</p>','2022-04-06 22:07:31',1,1),(2,'测试','/uploads/20220423/d557adf19f2276258064ada6a1d0d996.png','dasffffffffffffffffffffffffffffffffffewasdfsfesrdfesdfesesesesesesesesesesesesesesesesdarfsd',100,'','2022-04-06 23:35:13',1,1),(3,'测试2','/uploads/20220601/92eefb1ae1df5a243222aaf08df46ca9.jpg','dasfd',100,'','2022-04-28 15:34:48',1,1),(4,'精选活动','/uploads/20220611/70728858ced38a328b06e19687dbd022.jpg','',100,'<p>精选</p>','2022-06-14 12:03:54',1,1),(5,'标题1','/uploads/20220617/f255c913f71f3f02b8ec1478e04decc8.jpg','标题1标题1标题1标题1',100,'<p>标题1标题1标题1标题1标题1标题1标题1标题1标题1标题1标题1标题1标题1标题1标题1标题1标题1标题1标题1标题1标题1标题1标题1标题1标题1标题1标题1标题1标题1标题1标题1标题1标题1标题1标题1标题1标题1标题1标题1标题1标题1标题1标题1标题1标题1标题1标题1标题1标题1标题1标题1标题1标题1标题1标题1标题1标题1标题1标题1标题1标题1标题1标题1标题1<br></p>','2022-06-27 22:10:49',1,1),(6,'公告2公告2公告2','/uploads/20220616/9a8e00ba3eca3d6d9e2a4ba3ace7437e.jpg','公告2公告2公告2公告2公告2',100,'<p>公告2公告2公告2公告2公告2公告2公告2<br></p>','2022-06-27 22:11:29',1,1),(7,'公告1公告1公告1','/uploads/20220616/8c24d73a4626e953296502fc23db1a50.jpg','公告1公告1公告1简介',98,'<p>公告1公告1公告1公告1公告1内容<br></p>','2022-06-27 22:12:30',1,1),(9,'志愿者招聘','/uploads/20220707/a1175d3dd3bad7f9dc0d983b1332679f.png','诚正邀请您一起',100,'<p style=\"margin-bottom: 0px; padding: 0px; clear: both; min-height: 1em; max-width: 100%; color: rgb(51, 51, 51); font-family: 微软雅黑; font-size: 17px; text-align: justify; overflow-wrap: break-word !important;\"><span style=\"margin: 0px; padding: 0px; max-width: 100%; font-size: 14px; color: rgb(74, 74, 74); overflow-wrap: break-word !important;\">随着“诚正”数创平台热度的提升，用户基数和社群规模也在急速扩大，在吸引广大藏友关注参与的同时，我们也希望有越来越多的小伙伴深度参与社群建设，及时有效地解决大家在数字藏品收藏过程中遇到的各种问题，给广大藏友带来更好的服务体验。<br style=\"margin: 0px; padding: 0px; max-width: 100%; overflow-wrap: break-word !important;\"></span></p><p style=\"margin-bottom: 0px; padding: 0px; clear: both; min-height: 1em; max-width: 100%; color: rgb(51, 51, 51); font-family: 微软雅黑; font-size: 17px; text-align: justify; overflow-wrap: break-word !important;\"><span style=\"margin: 0px; padding: 0px; max-width: 100%; font-size: 14px; color: rgb(74, 74, 74); overflow-wrap: break-word !important;\">　　现面向全网公开招募首批管理志愿者。如果喜爱诚正并想要参与到社群建设，那就快来报名吧!</span></p><p style=\"margin-bottom: 0px; padding: 0px; clear: both; min-height: 1em; max-width: 100%; color: rgb(51, 51, 51); font-family: 微软雅黑; font-size: 17px; text-align: justify; overflow-wrap: break-word !important;\"><span style=\"margin: 0px; padding: 0px; max-width: 100%; font-size: 14px; color: rgb(74, 74, 74); overflow-wrap: break-word !important;\"><br></span></p><p style=\"margin-bottom: 0px; color: inherit; font-family: 微软雅黑; font-size: 17px; padding: 0px; clear: both; min-height: 1.5em; max-width: 100%; text-align: center; line-height: 2em; overflow-wrap: break-word !important;\"><span style=\"margin: 0px; padding: 0px; max-width: 100%; font-size: 15px; overflow-wrap: break-word !important;\"><strong data-brushtype=\"text\" style=\"margin: 0px; padding: 0px 15px; max-width: 100%; border-radius: 10px; color: rgb(254, 254, 254); font-size: 13px; background-color: rgb(217, 150, 148); overflow-wrap: break-word !important;\">招募要求</strong></span></p><p style=\"margin-bottom: 0px; padding: 0px; clear: both; min-height: 1em; max-width: 100%; color: rgb(51, 51, 51); font-family: 微软雅黑; font-size: 17px; text-align: justify; overflow-wrap: break-word !important;\"><span style=\"margin: 0px; padding: 0px; max-width: 100%; font-size: 14px; color: rgb(74, 74, 74); overflow-wrap: break-word !important;\"></span></p><section style=\"color: rgb(51, 51, 51); font-family: 微软雅黑; font-size: 17px; text-align: justify; margin: 0px; padding: 0px; max-width: 100%; overflow-wrap: break-word !important;\"><p style=\"margin-bottom: 0px; padding: 0px; clear: both; min-height: 1em; max-width: 100%; overflow-wrap: break-word !important;\"><span style=\"margin: 0px; padding: 0px; max-width: 100%; font-size: 14px; color: rgb(74, 74, 74); overflow-wrap: break-word !important;\">1、对数字藏品有一定了解并有参与经历;</span></p><p style=\"margin-bottom: 0px; padding: 0px; clear: both; min-height: 1em; max-width: 100%; overflow-wrap: break-word !important;\"><span style=\"margin: 0px; padding: 0px; max-width: 100%; font-size: 14px; color: rgb(74, 74, 74); overflow-wrap: break-word !important;\">2、有数字藏品圈人脉资源;</span></p><p style=\"margin-bottom: 0px; padding: 0px; clear: both; min-height: 1em; max-width: 100%; overflow-wrap: break-word !important;\"><span style=\"margin: 0px; padding: 0px; max-width: 100%; font-size: 14px; color: rgb(74, 74, 74); overflow-wrap: break-word !important;\">3、认同诚正的发展理念;</span></p><p style=\"margin-bottom: 0px; padding: 0px; clear: both; min-height: 1em; max-width: 100%; overflow-wrap: break-word !important;\"><span style=\"margin: 0px; padding: 0px; max-width: 100%; font-size: 14px; color: rgb(74, 74, 74); overflow-wrap: break-word !important;\">4、愿意协助诚正完成前期推广及准备工作。</span></p><p style=\"margin-bottom: 0px; padding: 0px; clear: both; min-height: 1em; max-width: 100%; overflow-wrap: break-word !important;\"><span style=\"margin: 0px; padding: 0px; max-width: 100%; font-size: 14px; color: rgb(74, 74, 74); overflow-wrap: break-word !important;\"><br></span></p><p style=\"margin-bottom: 0px; color: inherit; padding: 0px; clear: both; min-height: 1.5em; max-width: 100%; text-align: center; line-height: 2em; overflow-wrap: break-word !important;\"><span style=\"margin: 0px; padding: 0px; max-width: 100%; font-size: 15px; overflow-wrap: break-word !important;\"><strong data-brushtype=\"text\" style=\"margin: 0px; padding: 0px 15px; max-width: 100%; border-radius: 10px; color: rgb(254, 254, 254); font-size: 13px; background-color: rgb(217, 150, 148); overflow-wrap: break-word !important;\">志愿者权益</strong></span></p><p style=\"margin-bottom: 0px; padding: 0px; clear: both; min-height: 1em; max-width: 100%; overflow-wrap: break-word !important;\"><span style=\"margin: 0px; padding: 0px; max-width: 100%; font-size: 14px; color: rgb(74, 74, 74); overflow-wrap: break-word !important;\"></span></p><section style=\"margin: 0px; padding: 0px; max-width: 100%; overflow-wrap: break-word !important;\"><p style=\"margin-bottom: 0px; padding: 0px; clear: both; min-height: 1em; max-width: 100%; overflow-wrap: break-word !important;\"><span style=\"margin: 0px; padding: 0px; max-width: 100%; font-size: 14px; color: rgb(74, 74, 74); overflow-wrap: break-word !important;\">1、提前获得首发数字藏品第一手资讯;</span></p><p style=\"margin-bottom: 0px; padding: 0px; clear: both; min-height: 1em; max-width: 100%; overflow-wrap: break-word !important;\"><span style=\"margin: 0px; padding: 0px; max-width: 100%; font-size: 14px; color: rgb(74, 74, 74); overflow-wrap: break-word !important;\">2、完成任务可获得空投奖励;</span></p><p style=\"margin-bottom: 0px; padding: 0px; clear: both; min-height: 1em; max-width: 100%; overflow-wrap: break-word !important;\"><span style=\"margin: 0px; padding: 0px; max-width: 100%; font-size: 14px; color: rgb(74, 74, 74); overflow-wrap: break-word !important;\">3、有机会参与更多项目的共建与推广;</span></p><p style=\"margin-bottom: 0px; padding: 0px; clear: both; min-height: 1em; max-width: 100%; overflow-wrap: break-word !important;\"><span style=\"margin: 0px; padding: 0px; max-width: 100%; font-size: 14px; color: rgb(74, 74, 74); overflow-wrap: break-word !important;\">4、专属嘉奖和礼遇;</span></p><p style=\"margin-bottom: 0px; padding: 0px; clear: both; min-height: 1em; max-width: 100%; overflow-wrap: break-word !important;\"><span style=\"margin: 0px; padding: 0px; max-width: 100%; font-size: 14px; color: rgb(74, 74, 74); overflow-wrap: break-word !important;\">5、参与诚正举办的线下交流会。</span></p><p style=\"margin-bottom: 0px; padding: 0px; clear: both; min-height: 1em; max-width: 100%; overflow-wrap: break-word !important;\"><span style=\"margin: 0px; padding: 0px; max-width: 100%; font-size: 14px; color: rgb(74, 74, 74); overflow-wrap: break-word !important;\"><br></span></p><p style=\"margin-bottom: 0px; padding: 0px; clear: both; min-height: 1em; max-width: 100%; overflow-wrap: break-word !important;\"><img src=\"http://www.mapleart.cn/uploads/20220707/fc74f6cb6ce198d6a3c74c4cde64d4ed.png\" data-filename=\"filename\" style=\"width: 308px;\"><span style=\"margin: 0px; padding: 0px; max-width: 100%; font-size: 14px; color: rgb(74, 74, 74); overflow-wrap: break-word !important;\"><br></span></p></section></section>','2022-07-07 00:00:00',0,1),(11,'诚正新人专属福利 陪你“枫”狂一夏','/uploads/20220706/cb692826627dfcf50a313f0ad08a6590.png','诚正新人专属福利 陪你“枫”狂一夏',100,'<p data-mpa-powered-by=\"yiban.io\" style=\"margin-bottom: 0em; padding: 0px; clear: both; min-height: 1em; max-width: 100%; color: rgb(51, 51, 51); font-size: 17px; text-align: justify; font-family: mp-quote, -apple-system-font, BlinkMacSystemFont, Arial, sans-serif; overflow-wrap: break-word !important;\"><img class=\"rich_pages wxw-img\" data-ratio=\"0.3265625\" src=\"https://mmbiz.qpic.cn/mmbiz_gif/RGVeicC0CVNX8BCXVRumVUH7lFDZ3Rk7GmI8358o4XwWz76MsaNmR9sxKCEESjZIHGajSZVIhmFaPUTn7A5iaLcQ/640?wx_fmt=gif\" data-type=\"gif\" data-w=\"640\" data-imgqrcoded=\"1\" style=\"margin: 0px; padding: 0px; max-width: 100%; vertical-align: bottom; width: 578px; height: auto !important; overflow-wrap: break-word !important;\"></p><section data-tools=\"135编辑器\" data-id=\"102880\" style=\"margin: 0px; padding: 0px; max-width: 100%; color: rgb(51, 51, 51); font-family: mp-quote, -apple-system-font, BlinkMacSystemFont, &quot;Helvetica Neue&quot;, &quot;PingFang SC&quot;, &quot;Hiragino Sans GB&quot;, &quot;Microsoft YaHei UI&quot;, &quot;Microsoft YaHei&quot;, Arial, sans-serif; font-size: 17px; text-align: justify; overflow-wrap: break-word !important;\"><section style=\"margin: 10px auto; padding: 0px; max-width: 100%; text-align: left; overflow-wrap: break-word !important;\"><section style=\"margin: 0px; padding: 12px 0px 0px; max-width: 100%; background: rgb(255, 249, 242); overflow-wrap: break-word !important;\"><section style=\"margin: 0px; padding: 0px; max-width: 100%; background-image: url(&quot;https://mmbiz.qpic.cn/mmbiz_png/FIBZec7ucChgCt3icYzxMeb6PMJvy4rP6EH73aFCtdNrJYkggtdcKHg2MfgW6ukV4Kiam0Y2QhTYoVIMGCp3Lzpg/640?wx_fmt=png&quot;); background-size: 150px; background-repeat: no-repeat; background-position: left top; overflow-wrap: break-word !important;\"><section style=\"margin: 0px; padding: 1.3em 1em 1em; max-width: 100%; background-image: url(&quot;https://mmbiz.qpic.cn/mmbiz_png/FIBZec7ucChgCt3icYzxMeb6PMJvy4rP6O49esAyaHMXuZiaX4fKBAJiaI1x7r7OBuJPBuFYxrvkicc7iadp7rNzQqw/640?wx_fmt=png&quot;); background-size: 100%; background-repeat: no-repeat; background-position: center bottom; overflow-wrap: break-word !important;\"><section style=\"margin: 0px; padding: 0px; max-width: 100%; display: flex; justify-content: center; align-items: center; overflow-wrap: break-word !important;\"><section style=\"margin: 5px 0px; padding: 0px; max-width: 100%; display: inline-block; height: 1px; background: linear-gradient(to right, rgba(255, 255, 255, 0) 0%, rgb(214, 58, 49)); align-self: center; flex: 1 1 0%; overflow: hidden; overflow-wrap: break-word !important;\"><br style=\"margin: 0px; padding: 0px; max-width: 100%; overflow-wrap: break-word !important;\"></section><section style=\"margin: 0px; padding: 0px; max-width: 100%; width: 10px; height: 10px; background: rgb(214, 58, 49); overflow: hidden; transform: rotate(45deg); overflow-wrap: break-word !important;\"><br style=\"margin: 0px; padding: 0px; max-width: 100%; overflow-wrap: break-word !important;\"></section><section style=\"margin: 0px 10px; padding: 0px; max-width: 100%; overflow-wrap: break-word !important;\"><section data-brushtype=\"text\" style=\"margin: 0px; padding: 0px 1em; max-width: 100%; font-size: 16px; letter-spacing: 1.5px; color: rgb(214, 58, 49); overflow-wrap: break-word !important;\"><strong style=\"margin: 0px; padding: 0px; max-width: 100%; overflow-wrap: break-word !important;\"><p style=\"margin-bottom: 0px; padding: 0px; clear: both; min-height: 1em; max-width: 100%; overflow-wrap: break-word !important;\">上线在即，诚正“破圈”元宇宙!</p></strong></section><section data-width=\"100%\" style=\"margin: -10px 0px 0px; padding: 0px; max-width: 100%; width: 262.5px; height: 15px; background: rgb(255, 239, 223); border-radius: 30px; overflow: hidden; overflow-wrap: break-word !important;\"><br style=\"margin: 0px; padding: 0px; max-width: 100%; overflow-wrap: break-word !important;\"></section></section><section style=\"margin: 0px; padding: 0px; max-width: 100%; width: 10px; height: 10px; background: rgb(214, 58, 49); overflow: hidden; transform: rotate(45deg); overflow-wrap: break-word !important;\"><br style=\"margin: 0px; padding: 0px; max-width: 100%; overflow-wrap: break-word !important;\"></section><section style=\"margin: 5px 0px; padding: 0px; max-width: 100%; display: inline-block; height: 1px; background: linear-gradient(to left, rgba(255, 255, 255, 0) 0%, rgb(214, 58, 49)); align-self: center; flex: 1 1 0%; overflow: hidden; overflow-wrap: break-word !important;\"><br style=\"margin: 0px; padding: 0px; max-width: 100%; overflow-wrap: break-word !important;\"></section></section><section data-autoskip=\"1\" style=\"margin: 1em 0px 0px; padding: 0px; max-width: 100%; text-align: justify; line-height: 1.75em; letter-spacing: 1.5px; font-size: 14px; color: rgb(115, 107, 96); background: transparent; overflow-wrap: break-word !important;\"><p style=\"margin-bottom: 0px; padding: 0px; clear: both; min-height: 1em; max-width: 100%; overflow-wrap: break-word !important;\">　　为贯彻落实党中央关于推动公共文化数字化建设、实施文化产业数字化战略的决策部署，践行社会主义核心价值观，藏文网络科技与携手合作，发挥人才、技术及市场等资源优势，打造了以元宇宙场景交互为核心的数字藏品发行平台“诚正”，将于近日正式上线。<br style=\"margin: 0px; padding: 0px; max-width: 100%; overflow-wrap: break-word !important;\"></p><p style=\"margin-bottom: 0em; padding: 0px; clear: both; min-height: 1em; max-width: 100%; text-align: center; overflow-wrap: break-word !important;\"><img class=\"rich_pages wxw-img js_insertlocalimg\" data-ratio=\"0.46\" data-s=\"300,640\" src=\"https://mmbiz.qpic.cn/mmbiz_png/RGVeicC0CVNVoNTjm7zWM54BBtKezVzLRVuU6CDcVAw2EVSicOhg6qhQ9fSR5AobPicBPvoicQVGJmomnxUPnTYiasA/640?wx_fmt=png\" data-type=\"png\" data-w=\"500\" data-imgqrcoded=\"1\" style=\"margin: 0px; padding: 0px; max-width: 100%; height: 199px; overflow-wrap: break-word !important; vertical-align: bottom; width: 432px;\"></p><p style=\"margin-bottom: 0px; padding: 0px; clear: both; min-height: 1em; max-width: 100%; overflow-wrap: break-word !important;\">　　“诚正”数创平台发挥各合作方优势，致力于以“互联网+”为手段，丰富数字文旅供给，拓展线上消费空间，统筹推进文化内涵挖掘与数字技术应用，增强优秀文旅资源的传播力、吸引力和感染力。积极探索优秀文化IP资源数字化转型升级，并为文化资源数字化内容的确权、评估、匹配、交易、分发等提供专业服务，发展数字化文化消费新场景，拓展文化资产数字化新空间。<br style=\"margin: 0px; padding: 0px; max-width: 100%; overflow-wrap: break-word !important;\"><br style=\"margin: 0px; padding: 0px; max-width: 100%; overflow-wrap: break-word !important;\"></p></section></section></section></section></section></section><section data-role=\"title\" data-tools=\"135编辑器\" data-id=\"100360\" style=\"margin: 0px; padding: 0px; max-width: 100%; color: rgb(51, 51, 51); font-family: mp-quote, -apple-system-font, BlinkMacSystemFont, &quot;Helvetica Neue&quot;, &quot;PingFang SC&quot;, &quot;Hiragino Sans GB&quot;, &quot;Microsoft YaHei UI&quot;, &quot;Microsoft YaHei&quot;, Arial, sans-serif; font-size: 17px; text-align: justify; overflow-wrap: break-word !important;\"><section style=\"margin: 10px auto; padding: 0px; max-width: 100%; text-align: center; overflow-wrap: break-word !important;\"><section style=\"margin: 0px; padding: 0px; max-width: 100%; display: inline-block; overflow-wrap: break-word !important;\"><section style=\"margin: 0px; padding: 0px; max-width: 100%; display: flex; justify-content: center; align-items: center; overflow-wrap: break-word !important;\"><section style=\"margin: 0px -10px 0px 0px; padding: 0px; max-width: 100%; width: 20px; background: rgb(254, 239, 221); height: 20px; border-radius: 30px; overflow: hidden; transform: rotate(0deg); overflow-wrap: break-word !important;\"><br style=\"margin: 0px; padding: 0px; max-width: 100%; overflow-wrap: break-word !important;\"></section><section style=\"margin: 0px; padding: 0px; max-width: 100%; overflow-wrap: break-word !important;\"><section style=\"margin: 0px; padding: 0px; max-width: 100%; display: flex; justify-content: center; align-items: center; transform: rotate(0deg); overflow-wrap: break-word !important;\"><section style=\"margin: 0px; padding: 5px 0px; max-width: 100%; background-image: -webkit-linear-gradient(left, rgb(254, 239, 221), rgb(253, 221, 183)); border-radius: 0px; overflow-wrap: break-word !important;\"><section style=\"margin: 0px; padding: 0px; max-width: 100%; display: flex; justify-content: center; align-items: center; overflow-wrap: break-word !important;\"><section style=\"margin: 0px -10px 0px 0px; padding: 0px; max-width: 100%; width: 20px; background: rgb(214, 58, 49); height: 20px; border-radius: 30px; overflow: hidden; transform: rotate(0deg); overflow-wrap: break-word !important;\"><br style=\"margin: 0px; padding: 0px; max-width: 100%; overflow-wrap: break-word !important;\"></section><section data-brushtype=\"text\" hm_fix=\"334:266\" style=\"margin: 0px; padding: 7px 2em; max-width: 100%; font-size: 16px; letter-spacing: 1.5px; color: rgb(255, 208, 153); background: rgb(214, 58, 49); border-radius: 0px; overflow-wrap: break-word !important;\"><strong style=\"margin: 0px; padding: 0px; max-width: 100%; overflow-wrap: break-word !important;\"><p style=\"margin-bottom: 0px; padding: 0px; clear: both; min-height: 1em; max-width: 100%; overflow-wrap: break-word !important;\">惊喜不断，限量版盲盒疯狂送!</p></strong></section><section style=\"margin: 0px 0px 0px -10px; padding: 0px; max-width: 100%; width: 20px; background: rgb(214, 58, 49); height: 20px; border-radius: 30px; overflow: hidden; transform: rotate(0deg); overflow-wrap: break-word !important;\"><br style=\"margin: 0px; padding: 0px; max-width: 100%; overflow-wrap: break-word !important;\"></section></section></section></section></section><section style=\"margin: 0px 0px 0px -10px; padding: 0px; max-width: 100%; width: 20px; background: rgb(253, 221, 183); height: 20px; border-radius: 30px; overflow-wrap: break-word !important;\"><br style=\"margin: 0px; padding: 0px; max-width: 100%; overflow-wrap: break-word !important;\"></section></section></section></section></section><section data-tools=\"135编辑器\" data-id=\"102669\" style=\"margin: 0px; padding: 0px; max-width: 100%; color: rgb(51, 51, 51); font-family: mp-quote, -apple-system-font, BlinkMacSystemFont, &quot;Helvetica Neue&quot;, &quot;PingFang SC&quot;, &quot;Hiragino Sans GB&quot;, &quot;Microsoft YaHei UI&quot;, &quot;Microsoft YaHei&quot;, Arial, sans-serif; font-size: 17px; text-align: justify; overflow-wrap: break-word !important;\"><section style=\"margin: 10px auto; padding: 0px; max-width: 100%; text-align: left; overflow-wrap: break-word !important;\"><section style=\"margin: 0px; padding: 0em 1em 0em 1.2em; max-width: 100%; background: rgb(214, 58, 49); overflow-wrap: break-word !important;\"><section style=\"margin: 0px; padding: 2em 0px; max-width: 100%; border-left: 2px solid rgb(232, 145, 143); overflow-wrap: break-word !important;\"><section style=\"margin: 0px; padding: 0px; max-width: 100%; overflow-wrap: break-word !important;\"><section style=\"margin: 0px 0px 0px -9px; padding: 0px; max-width: 100%; display: flex; justify-content: flex-start; align-items: flex-start; overflow-wrap: break-word !important;\"><section style=\"margin: 25px 0px 0px; padding: 3px; max-width: 100%; border-radius: 100%; border-width: 1px; border-style: solid; border-color: rgb(214, 58, 49); background: rgb(255, 255, 255); overflow-wrap: break-word !important;\"><section style=\"margin: 0px; padding: 0px; max-width: 100%; align-self: flex-start; width: 7px; height: 7px; border-radius: 100%; background: rgb(214, 58, 49); overflow-wrap: break-word !important;\"><br style=\"margin: 0px; padding: 0px; max-width: 100%; overflow-wrap: break-word !important;\"></section></section><section data-autoskip=\"1\" style=\"margin: 0px 0px 0px 15px; padding: 1em; max-width: 100%; text-align: justify; line-height: 1.75em; letter-spacing: 1.5px; font-size: 14px; color: rgb(214, 58, 49); background: rgb(255, 255, 255); border-top-left-radius: 30px; overflow-wrap: break-word !important;\"><section data-role=\"title\" data-tools=\"135编辑器\" data-id=\"111963\" style=\"margin: 0px; padding: 0px; max-width: 100%; overflow-wrap: break-word !important;\"><section style=\"margin: 20px auto; padding: 0px; max-width: 100%; overflow-wrap: break-word !important;\"><section style=\"margin: 0px; padding: 0px; max-width: 100%; display: flex; justify-content: center; overflow-wrap: break-word !important;\"><section style=\"margin: 0px; padding: 0px; max-width: 100%; border-bottom: 1px solid rgb(214, 58, 49); overflow-wrap: break-word !important;\"><section style=\"margin: 0px; padding: 0px 15px; max-width: 100%; font-size: 16px; text-align: center; overflow-wrap: break-word !important;\"><strong data-brushtype=\"text\" style=\"margin: 0px; padding: 0px; max-width: 100%; overflow-wrap: break-word !important;\">新用户注册有礼</strong></section><section style=\"margin: 0px auto -5px; padding: 0px; max-width: 100%; width: 20px; transform: rotate(0deg); overflow-wrap: break-word !important;\"><img data-ratio=\"0.5161290322580645\" src=\"https://mmbiz.qpic.cn/mmbiz_png/RGVeicC0CVNVoNTjm7zWM54BBtKezVzLRjwvt16GhcJLlus1yibDziaibPhSY0ibI6AicZMI2Rw8McR9WvFaRTpgwqTQ/640?wx_fmt=png\" data-type=\"png\" data-w=\"31\" data-width=\"100%\" style=\"margin: 0px; padding: 0px; max-width: 100%; vertical-align: inherit; width: 20px; display: block; height: auto !important; overflow-wrap: break-word !important;\"></section></section></section></section></section><p style=\"margin-bottom: 0px; padding: 0px; clear: both; min-height: 1em; max-width: 100%; overflow-wrap: break-word !important;\"><span style=\"margin: 0px; padding: 0px; max-width: 100%; color: rgb(74, 74, 74); overflow-wrap: break-word !important;\"><strong style=\"margin: 0px; padding: 0px; max-width: 100%; overflow-wrap: break-word !important;\"><span style=\"margin: 0px; padding: 0px; max-width: 100%; font-size: 12pt; font-family: 宋体; overflow-wrap: break-word !important;\">活动信息</span></strong></span></p><p style=\"margin-bottom: 0px; padding: 0px; clear: both; min-height: 1em; max-width: 100%; overflow-wrap: break-word !important;\"><span style=\"margin: 0px; padding: 0px; max-width: 100%; font-size: 12pt; font-family: 宋体; color: rgb(74, 74, 74); overflow-wrap: break-word !important;\">诚正艺术平台将于2022年7月8日00点至7月10日24点期间开启拉新活动 ，此次拉新活动参与玩家将获得活动专属藏品！</span></p><p style=\"margin-bottom: 0px; padding: 0px; clear: both; min-height: 1em; max-width: 100%; overflow-wrap: break-word !important;\"><span style=\"margin: 0px; padding: 0px; max-width: 100%; font-size: 12pt; font-family: 宋体; color: rgb(74, 74, 74); overflow-wrap: break-word !important;\"><br></span></p><p style=\"margin-bottom: 0px; padding: 0px; clear: both; min-height: 1em; max-width: 100%; overflow-wrap: break-word !important;\"><span style=\"margin: 0px; padding: 0px; max-width: 100%; color: rgb(74, 74, 74); caret-color: red; overflow-wrap: break-word !important;\">1、新用户在完成注册+实名认证后，即可获赠空投“诚正”迎新盲盒一份（具体盲盒清单请看官网活动页面）;</span></p><p style=\"margin-bottom: 0px; padding: 0px; clear: both; min-height: 1em; max-width: 100%; overflow-wrap: break-word !important;\"><span style=\"margin: 0px; padding: 0px; max-width: 100%; color: rgb(74, 74, 74); overflow-wrap: break-word !important;\">2、我们将从每1000名新用户中随机抽取1名，赠送江西“景德镇瓷器”实物艺术品一份。</span></p></section></section></section><section style=\"margin: 1.2em 0px 0px; padding: 0px; max-width: 100%; overflow-wrap: break-word !important;\"><section style=\"margin: 0px 0px 0px -9px; padding: 0px; max-width: 100%; display: flex; justify-content: flex-start; align-items: flex-start; overflow-wrap: break-word !important;\"><section style=\"margin: 25px 0px 0px; padding: 3px; max-width: 100%; border-radius: 100%; border-width: 1px; border-style: solid; border-color: rgb(214, 58, 49); background: rgb(255, 255, 255); overflow-wrap: break-word !important;\"><section style=\"margin: 0px; padding: 0px; max-width: 100%; align-self: flex-start; width: 7px; height: 7px; border-radius: 100%; background: rgb(214, 58, 49); overflow: hidden; overflow-wrap: break-word !important;\"><br style=\"margin: 0px; padding: 0px; max-width: 100%; overflow-wrap: break-word !important;\"></section></section><section data-autoskip=\"1\" style=\"margin: 0px 0px 0px 15px; padding: 1em; max-width: 100%; text-align: justify; line-height: 1.75em; letter-spacing: 1.5px; font-size: 14px; color: rgb(214, 58, 49); background: rgb(255, 255, 255); border-top-left-radius: 30px; overflow-wrap: break-word !important;\"><section data-role=\"title\" data-tools=\"135编辑器\" data-id=\"111963\" style=\"margin: 0px; padding: 0px; max-width: 100%; overflow-wrap: break-word !important;\"><section style=\"margin: 20px auto; padding: 0px; max-width: 100%; overflow-wrap: break-word !important;\"><section style=\"margin: 0px; padding: 0px; max-width: 100%; display: flex; justify-content: center; overflow-wrap: break-word !important;\"><section style=\"margin: 0px; padding: 0px; max-width: 100%; border-bottom: 1px solid rgb(214, 58, 49); overflow-wrap: break-word !important;\"><section style=\"margin: 0px; padding: 0px 15px; max-width: 100%; font-size: 16px; text-align: center; overflow-wrap: break-word !important;\"><strong data-brushtype=\"text\" style=\"margin: 0px; padding: 0px; max-width: 100%; overflow-wrap: break-word !important;\"><p style=\"margin-bottom: 0px; padding: 0px; clear: both; min-height: 1em; max-width: 100%; overflow-wrap: break-word !important;\">邀请有礼</p></strong></section><section style=\"margin: 0px auto -5px; padding: 0px; max-width: 100%; width: 20px; transform: rotate(0deg); overflow-wrap: break-word !important;\"><img data-ratio=\"0.5161290322580645\" src=\"https://mmbiz.qpic.cn/mmbiz_png/RGVeicC0CVNVoNTjm7zWM54BBtKezVzLRjwvt16GhcJLlus1yibDziaibPhSY0ibI6AicZMI2Rw8McR9WvFaRTpgwqTQ/640?wx_fmt=png\" data-type=\"png\" data-w=\"31\" data-width=\"100%\" class=\"rich_pages wxw-img\" style=\"margin: 0px; padding: 0px; max-width: 100%; vertical-align: inherit; width: 20px; display: block; height: auto !important; overflow-wrap: break-word !important;\"></section></section></section></section></section><p style=\"margin-bottom: 0em; padding: 0px; clear: both; min-height: 1em; max-width: 100%; text-align: center; overflow-wrap: break-word !important;\"><img class=\"rich_pages wxw-img js_insertlocalimg\" data-ratio=\"0.6254545454545455\" data-s=\"300,640\" src=\"https://mmbiz.qpic.cn/mmbiz_png/RGVeicC0CVNVoNTjm7zWM54BBtKezVzLR7pNGgVAUjct9pZIhzUyBVicjsYTBCG4mPxVVvm9CubrEF1Ha8LWBVhA/640?wx_fmt=png\" data-type=\"png\" data-w=\"550\" data-imgqrcoded=\"1\" style=\"margin: 0px; padding: 0px; max-width: 100%; height: auto !important; overflow-wrap: break-word !important; vertical-align: bottom;\"><br style=\"margin: 0px; padding: 0px; max-width: 100%; overflow-wrap: break-word !important;\"><br style=\"margin: 0px; padding: 0px; max-width: 100%; overflow-wrap: break-word !important;\"></p><p style=\"margin-bottom: 0px; padding: 0px; clear: both; min-height: 1em; max-width: 100%; overflow-wrap: break-word !important;\"><span style=\"margin: 0px; padding: 0px; max-width: 100%; color: rgb(74, 74, 74); overflow-wrap: break-word !important;\">1、用户通过活动链接</span><span style=\"margin: 0px; padding: 0px; max-width: 100%; overflow-wrap: break-word !important;\"><strong style=\"margin: 0px; padding: 0px; max-width: 100%; overflow-wrap: break-word !important;\">邀请3名及以上</strong></span><span style=\"margin: 0px; padding: 0px; max-width: 100%; color: rgb(74, 74, 74); overflow-wrap: break-word !important;\">的有效新用户，获得</span><span style=\"margin: 0px; padding: 0px; max-width: 100%; font-size: 16px; overflow-wrap: break-word !important;\"><strong style=\"margin: 0px; padding: 0px; max-width: 100%; overflow-wrap: break-word !important;\">“诚正”迎新盲盒*1</strong></span><span style=\"margin: 0px; padding: 0px; max-width: 100%; color: rgb(74, 74, 74); overflow-wrap: break-word !important;\">；</span></p><p style=\"margin-bottom: 0px; padding: 0px; clear: both; min-height: 1em; max-width: 100%; overflow-wrap: break-word !important;\"><span style=\"margin: 0px; padding: 0px; max-width: 100%; color: rgb(74, 74, 74); overflow-wrap: break-word !important;\">2、用户通过活动链接</span><span style=\"margin: 0px; padding: 0px; max-width: 100%; overflow-wrap: break-word !important;\"><strong style=\"margin: 0px; padding: 0px; max-width: 100%; overflow-wrap: break-word !important;\">邀请8名及以上</strong></span><span style=\"margin: 0px; padding: 0px; max-width: 100%; color: rgb(74, 74, 74); overflow-wrap: break-word !important;\">的有效新用户，获得<strong style=\"margin: 0px; padding: 0px; max-width: 100%; overflow-wrap: break-word !important;\"><span style=\"margin: 0px; padding: 0px; max-width: 100%; color: rgb(214, 58, 49); overflow-wrap: break-word !important;\">“诚正”迎新盲盒*3</span></strong>;</span></p><p style=\"margin-bottom: 0px; padding: 0px; clear: both; min-height: 1em; max-width: 100%; overflow-wrap: break-word !important;\"><span style=\"margin: 0px; padding: 0px; max-width: 100%; color: rgb(74, 74, 74); overflow-wrap: break-word !important;\">3、用户通过活动链接</span><span style=\"margin: 0px; padding: 0px; max-width: 100%; overflow-wrap: break-word !important;\"><strong style=\"margin: 0px; padding: 0px; max-width: 100%; overflow-wrap: break-word !important;\">邀请16名及以上</strong></span><span style=\"margin: 0px; padding: 0px; max-width: 100%; color: rgb(74, 74, 74); overflow-wrap: break-word !important;\">的有效新用户，获得</span><span style=\"margin: 0px; padding: 0px; max-width: 100%; overflow-wrap: break-word !important;\"><strong style=\"margin: 0px; padding: 0px; max-width: 100%; overflow-wrap: break-word !important;\">“诚正”迎新盲盒*7</strong></span><span style=\"margin: 0px; padding: 0px; max-width: 100%; color: rgb(74, 74, 74); overflow-wrap: break-word !important;\">;</span></p><p style=\"margin-bottom: 0px; padding: 0px; clear: both; min-height: 1em; max-width: 100%; overflow-wrap: break-word !important;\"><span style=\"margin: 0px; padding: 0px; max-width: 100%; color: rgb(74, 74, 74); overflow-wrap: break-word !important;\">4、用户通过活动链接<strong style=\"margin: 0px; padding: 0px; max-width: 100%; overflow-wrap: break-word !important;\"><span style=\"margin: 0px; padding: 0px; max-width: 100%; color: rgb(214, 58, 49); overflow-wrap: break-word !important;\">邀请35名及以上</span></strong>的有效新用户，获得</span><span style=\"margin: 0px; padding: 0px; max-width: 100%; overflow-wrap: break-word !important;\"><strong style=\"margin: 0px; padding: 0px; max-width: 100%; overflow-wrap: break-word !important;\">“诚正”迎新盲盒*16</strong></span><span style=\"margin: 0px; padding: 0px; max-width: 100%; color: rgb(74, 74, 74); overflow-wrap: break-word !important;\">;</span></p><p style=\"margin-bottom: 0px; padding: 0px; clear: both; min-height: 1em; max-width: 100%; overflow-wrap: break-word !important;\"><span style=\"margin: 0px; padding: 0px; max-width: 100%; color: rgb(74, 74, 74); overflow-wrap: break-word !important;\">5、用户通过活动链接<strong style=\"margin: 0px; padding: 0px; max-width: 100%; overflow-wrap: break-word !important;\"><span style=\"margin: 0px; padding: 0px; max-width: 100%; color: rgb(214, 58, 49); overflow-wrap: break-word !important;\">邀请60名及以上</span></strong>的有效新用户，获得</span><span style=\"margin: 0px; padding: 0px; max-width: 100%; overflow-wrap: break-word !important;\"><strong style=\"margin: 0px; padding: 0px; max-width: 100%; overflow-wrap: break-word !important;\">“诚正”迎新盲盒*30</strong></span><span style=\"margin: 0px; padding: 0px; max-width: 100%; color: rgb(74, 74, 74); overflow-wrap: break-word !important;\">;</span></p><section data-tools=\"135编辑器\" data-id=\"115356\" style=\"margin: 0px; padding: 0px; max-width: 100%; overflow-wrap: break-word !important;\"><section style=\"margin: 20px auto; padding: 0px; max-width: 100%; overflow-wrap: break-word !important;\"><section style=\"margin: 0px; padding: 0px; max-width: 100%; overflow-wrap: break-word !important;\"><section data-width=\"100%\" style=\"margin: 0px; padding: 0px; max-width: 100%; width: 480.609px; overflow-wrap: break-word !important;\"><svg version=\"1.1\" xmlns=\"http://www.w3.org/2000/svg\" xmlns:xlink=\"http://www.w3.org/1999/xlink\" x=\"0px\" y=\"0px\" viewBox=\"0 0 560 16\" style=\"enable-background:new 0 0 560 16;display:block;\"><path style=\"fill:#fdeada;\" d=\"M560,10.7C547.5,9.7,547.3,0,534.5,0c-12.7,0-12.5,9.7-25.5,9.7c-12.5,0-12.7-9.7-25.5-9.7\r\n                    c-12.7,0-12.5,9.7-25.5,9.7c-12.5,0-12.7-9.7-25.5-9.7c-12.7,0-12.5,9.7-25.5,9.7c-12.5,0-12.7-9.7-25.5-9.7s-12.5,9.7-25.5,9.7\r\n                    c-12.5,0-12.7-9.7-25.5-9.7s-12.5,9.7-25.5,9.7C293,9.7,292.7,0,280,0s-12.5,9.7-25.5,9.7c-12.5,0-12.7-9.7-25.5-9.7\r\n                    c-12.7,0-12.5,9.7-25.5,9.7c-12.5,0-12.7-9.7-25.5-9.7c-12.7,0-12.5,9.7-25.5,9.7C140.3,9.7,140,0,127.3,0s-12.5,9.7-25.5,9.7\r\n                    C89.3,9.7,89.1,0,76.4,0S63.9,9.7,50.9,9.7C38.4,9.7,38.2,0,25.5,0S13,9.7,0,9.7V16h560V10.7z\"></path></svg></section><section style=\"margin: 0px; padding: 10px 15px; max-width: 100%; background-color: rgb(253, 234, 218); overflow-wrap: break-word !important;\"><section data-autoskip=\"1\" style=\"margin: 0px; padding: 0px; max-width: 100%; line-height: 1.75em; color: rgb(51, 51, 51); background: transparent; overflow-wrap: break-word !important;\"><p style=\"margin-bottom: 0px; padding: 0px; clear: both; min-height: 1em; max-width: 100%; overflow-wrap: break-word !important;\"><span style=\"margin: 0px; padding: 0px; max-width: 100%; color: rgb(214, 58, 49); overflow-wrap: break-word !important;\"><strong style=\"margin: 0px; padding: 0px; max-width: 100%; overflow-wrap: break-word !important;\">ps：</strong></span><span style=\"margin: 0px; padding: 0px; max-width: 100%; color: rgb(74, 74, 74); overflow-wrap: break-word !important;\">邀请权益可以叠加。“诚正”迎新盲盒奖品在活动结束后48小时内空投至用户账户。</span></p><p style=\"margin-bottom: 0px; padding: 0px; clear: both; min-height: 1em; max-width: 100%; overflow-wrap: break-word !important;\"><span style=\"margin: 0px; padding: 0px; max-width: 100%; color: rgb(74, 74, 74); overflow-wrap: break-word !important;\">所获得实物和红包在活动结束后发放至账户。中实物的朋友请联系客服。</span></p></section></section></section></section></section></section></section></section><section style=\"margin: 1.2em 0px 0px; padding: 0px; max-width: 100%; overflow-wrap: break-word !important;\"><section style=\"margin: 0px 0px 0px -9px; padding: 0px; max-width: 100%; display: flex; justify-content: flex-start; align-items: flex-start; overflow-wrap: break-word !important;\"><section style=\"margin: 25px 0px 0px; padding: 3px; max-width: 100%; border-radius: 100%; border-width: 1px; border-style: solid; border-color: rgb(214, 58, 49); background: rgb(255, 255, 255); overflow-wrap: break-word !important;\"><section style=\"margin: 0px; padding: 0px; max-width: 100%; align-self: flex-start; width: 7px; height: 7px; border-radius: 100%; background: rgb(214, 58, 49); overflow: hidden; overflow-wrap: break-word !important;\"><br style=\"margin: 0px; padding: 0px; max-width: 100%; overflow-wrap: break-word !important;\"></section></section><section data-autoskip=\"1\" hm_fix=\"379:232\" style=\"margin: 0px 0px 0px 15px; padding: 1em; max-width: 100%; text-align: justify; line-height: 1.75em; letter-spacing: 1.5px; font-size: 14px; color: rgb(214, 58, 49); background: rgb(255, 255, 255); border-top-left-radius: 30px; overflow-wrap: break-word !important;\"><section data-role=\"title\" data-tools=\"135编辑器\" data-id=\"111963\" style=\"margin: 0px; padding: 0px; max-width: 100%; overflow-wrap: break-word !important;\"><section style=\"margin: 20px auto; padding: 0px; max-width: 100%; overflow-wrap: break-word !important;\"><section style=\"margin: 0px; padding: 0px; max-width: 100%; display: flex; justify-content: center; overflow-wrap: break-word !important;\"><section style=\"margin: 0px; padding: 0px; max-width: 100%; border-bottom: 1px solid rgb(214, 58, 49); overflow-wrap: break-word !important;\"><section style=\"margin: 0px; padding: 0px 15px; max-width: 100%; font-size: 16px; text-align: center; overflow-wrap: break-word !important;\"><strong data-brushtype=\"text\" style=\"margin: 0px; padding: 0px; max-width: 100%; overflow-wrap: break-word !important;\"><p style=\"margin-bottom: 0px; padding: 0px; clear: both; min-height: 1em; max-width: 100%; overflow-wrap: break-word !important;\">邀请数量排行榜</p></strong></section><section style=\"margin: 0px auto -5px; padding: 0px; max-width: 100%; width: 20px; transform: rotate(0deg); overflow-wrap: break-word !important;\"><img data-ratio=\"0.5161290322580645\" src=\"https://mmbiz.qpic.cn/mmbiz_png/RGVeicC0CVNVoNTjm7zWM54BBtKezVzLRjwvt16GhcJLlus1yibDziaibPhSY0ibI6AicZMI2Rw8McR9WvFaRTpgwqTQ/640?wx_fmt=png\" data-type=\"png\" data-w=\"31\" data-width=\"100%\" style=\"margin: 0px; padding: 0px; max-width: 100%; vertical-align: inherit; width: 20px; display: block; height: auto !important; overflow-wrap: break-word !important;\"></section></section></section></section></section><p style=\"margin-bottom: 0px; padding: 0px; clear: both; min-height: 1em; max-width: 100%; overflow-wrap: break-word !important;\"><span style=\"margin: 0px; padding: 0px; max-width: 100%; color: rgb(74, 74, 74); overflow-wrap: break-word !important;\">我们将于7月11号活动结束后开始统计活动期间老用户的邀请数量，并进行排名，排名前100名玩家均可获得不同数量的空投奖励。</span></p><p style=\"margin-bottom: 0px; padding: 0px; clear: both; min-height: 1em; max-width: 100%; overflow-wrap: break-word !important;\"><span style=\"margin: 0px; padding: 0px; max-width: 100%; color: rgb(74, 74, 74); overflow-wrap: break-word !important;\"></span></p><p style=\"margin-bottom: 0em; padding: 0px; clear: both; min-height: 1em; max-width: 100%; text-align: center; overflow-wrap: break-word !important;\"><img class=\"rich_pages wxw-img js_insertlocalimg\" data-ratio=\"0.2816593886462882\" data-s=\"300,640\" src=\"https://mmbiz.qpic.cn/mmbiz_png/RGVeicC0CVNVoNTjm7zWM54BBtKezVzLRsOsEJCRluHoC0Nj1khsMDkDUicNlfLtnaIUmkk0OlZjlUw6zqdFpX5A/640?wx_fmt=png\" data-type=\"png\" data-w=\"458\" data-imgqrcoded=\"1\" style=\"margin: 0px; padding: 0px; max-width: 100%; height: 101px; overflow-wrap: break-word !important; vertical-align: bottom; width: 357px;\"></p><p style=\"margin-bottom: 0px; padding: 0px; clear: both; min-height: 1em; max-width: 100%; overflow-wrap: break-word !important;\"></p><p style=\"margin-bottom: 0px; padding: 0px; clear: both; min-height: 1em; max-width: 100%; overflow-wrap: break-word !important;\"><span style=\"margin: 0px; padding: 0px; max-width: 100%; color: rgb(74, 74, 74); overflow-wrap: break-word !important;\">A、邀请排行榜</span><span style=\"margin: 0px; padding: 0px; max-width: 100%; overflow-wrap: break-word !important;\"><strong style=\"margin: 0px; padding: 0px; max-width: 100%; overflow-wrap: break-word !important;\">前3名</strong></span><span style=\"margin: 0px; padding: 0px; max-width: 100%; color: rgb(74, 74, 74); overflow-wrap: break-word !important;\">，可获得<strong style=\"margin: 0px; padding: 0px; max-width: 100%; overflow-wrap: break-word !important;\"><span style=\"margin: 0px; padding: 0px; max-width: 100%; color: rgb(214, 58, 49); overflow-wrap: break-word !important;\">随机空投稀有藏品*5 + 创世之《天地四象》*1 + “诚正”迎新盲盒*30</span></strong>;</span></p><p style=\"margin-bottom: 0px; padding: 0px; clear: both; min-height: 1em; max-width: 100%; overflow-wrap: break-word !important;\"><span style=\"margin: 0px; padding: 0px; max-width: 100%; color: rgb(74, 74, 74); overflow-wrap: break-word !important;\">B、邀请排行榜</span><span style=\"margin: 0px; padding: 0px; max-width: 100%; overflow-wrap: break-word !important;\"><strong style=\"margin: 0px; padding: 0px; max-width: 100%; overflow-wrap: break-word !important;\">第4-9名</strong></span><span style=\"margin: 0px; padding: 0px; max-width: 100%; color: rgb(74, 74, 74); overflow-wrap: break-word !important;\">，可获得</span><span style=\"margin: 0px; padding: 0px; max-width: 100%; overflow-wrap: break-word !important;\"><strong style=\"margin: 0px; padding: 0px; max-width: 100%; overflow-wrap: break-word !important;\">随机空投稀有藏品*2 + 《四美人》系列全套 + “诚正”迎新盲盒*20</strong></span><span style=\"margin: 0px; padding: 0px; max-width: 100%; color: rgb(74, 74, 74); overflow-wrap: break-word !important;\">;</span></p><p style=\"margin-bottom: 0px; padding: 0px; clear: both; min-height: 1em; max-width: 100%; overflow-wrap: break-word !important;\"><span style=\"margin: 0px; padding: 0px; max-width: 100%; color: rgb(74, 74, 74); overflow-wrap: break-word !important;\">C、邀请排行榜</span><span style=\"margin: 0px; padding: 0px; max-width: 100%; overflow-wrap: break-word !important;\"><strong style=\"margin: 0px; padding: 0px; max-width: 100%; overflow-wrap: break-word !important;\">第10-30名</strong></span><span style=\"margin: 0px; padding: 0px; max-width: 100%; color: rgb(74, 74, 74); overflow-wrap: break-word !important;\">，可获得</span><span style=\"margin: 0px; padding: 0px; max-width: 100%; overflow-wrap: break-word !important;\"><strong style=\"margin: 0px; padding: 0px; max-width: 100%; overflow-wrap: break-word !important;\">随机空投稀有藏品*1 + 《天地四象》系列随机藏品*2 + “诚正”迎新盲盒*10</strong></span><span style=\"margin: 0px; padding: 0px; max-width: 100%; color: rgb(74, 74, 74); overflow-wrap: break-word !important;\">;</span></p><p style=\"margin-bottom: 0px; padding: 0px; clear: both; min-height: 1em; max-width: 100%; overflow-wrap: break-word !important;\"><span style=\"margin: 0px; padding: 0px; max-width: 100%; color: rgb(74, 74, 74); overflow-wrap: break-word !important;\">D、邀请排行榜</span><span style=\"margin: 0px; padding: 0px; max-width: 100%; overflow-wrap: break-word !important;\"><strong style=\"margin: 0px; padding: 0px; max-width: 100%; overflow-wrap: break-word !important;\">第31-100名</strong></span><span style=\"margin: 0px; padding: 0px; max-width: 100%; color: rgb(74, 74, 74); overflow-wrap: break-word !important;\">，可获得</span><span style=\"margin: 0px; padding: 0px; max-width: 100%; overflow-wrap: break-word !important;\"><strong style=\"margin: 0px; padding: 0px; max-width: 100%; overflow-wrap: break-word !important;\">随机空投稀有藏品1 + 《四美人》系列随机藏品*1 +“诚正”迎新盲盒*5</strong></span><span style=\"margin: 0px; padding: 0px; max-width: 100%; color: rgb(74, 74, 74); overflow-wrap: break-word !important;\">;</span></p></section></section></section><section style=\"margin: 1.2em 0px 0px; padding: 0px; max-width: 100%; overflow-wrap: break-word !important;\"><section style=\"margin: 0px 0px 0px -9px; padding: 0px; max-width: 100%; display: flex; justify-content: flex-start; align-items: flex-start; overflow-wrap: break-word !important;\"><section style=\"margin: 25px 0px 0px; padding: 3px; max-width: 100%; border-radius: 100%; border-width: 1px; border-style: solid; border-color: rgb(214, 58, 49); background: rgb(255, 255, 255); overflow-wrap: break-word !important;\"><section style=\"margin: 0px; padding: 0px; max-width: 100%; align-self: flex-start; width: 7px; height: 7px; border-radius: 100%; background: rgb(214, 58, 49); overflow: hidden; overflow-wrap: break-word !important;\"><br style=\"margin: 0px; padding: 0px; max-width: 100%; overflow-wrap: break-word !important;\"></section></section><section data-autoskip=\"1\" hm_fix=\"379:232\" style=\"margin: 0px 0px 0px 15px; padding: 1em; max-width: 100%; text-align: justify; line-height: 1.75em; letter-spacing: 1.5px; font-size: 14px; color: rgb(214, 58, 49); background: rgb(255, 255, 255); border-top-left-radius: 30px; overflow-wrap: break-word !important;\"><section data-role=\"title\" data-tools=\"135编辑器\" data-id=\"111963\" style=\"margin: 0px; padding: 0px; max-width: 100%; overflow-wrap: break-word !important;\"><section style=\"margin: 20px auto; padding: 0px; max-width: 100%; overflow-wrap: break-word !important;\"><section style=\"margin: 0px; padding: 0px; max-width: 100%; display: flex; justify-content: center; overflow-wrap: break-word !important;\"><section style=\"margin: 0px; padding: 0px; max-width: 100%; border-bottom: 1px solid rgb(214, 58, 49); overflow-wrap: break-word !important;\"><section style=\"margin: 0px; padding: 0px 15px; max-width: 100%; font-size: 16px; text-align: center; overflow-wrap: break-word !important;\"><strong data-brushtype=\"text\" style=\"margin: 0px; padding: 0px; max-width: 100%; overflow-wrap: break-word !important;\"><p style=\"margin-bottom: 0px; padding: 0px; clear: both; min-height: 1em; max-width: 100%; overflow-wrap: break-word !important;\">其他说明</p></strong></section><section style=\"margin: 0px auto -5px; padding: 0px; max-width: 100%; width: 20px; transform: rotate(0deg); overflow-wrap: break-word !important;\"><img class=\"rich_pages wxw-img\" data-ratio=\"0.5161290322580645\" src=\"https://mmbiz.qpic.cn/mmbiz_png/RGVeicC0CVNVoNTjm7zWM54BBtKezVzLRjwvt16GhcJLlus1yibDziaibPhSY0ibI6AicZMI2Rw8McR9WvFaRTpgwqTQ/640?wx_fmt=png\" data-type=\"png\" data-w=\"31\" data-width=\"100%\" style=\"margin: 0px; padding: 0px; max-width: 100%; vertical-align: inherit; width: 20px; display: block; height: auto !important; overflow-wrap: break-word !important;\"></section></section></section></section></section><p style=\"margin-bottom: 0px; padding: 0px; clear: both; min-height: 1em; max-width: 100%; overflow-wrap: break-word !important;\"><span style=\"margin: 0px; padding: 0px; max-width: 100%; color: rgb(74, 74, 74); overflow-wrap: break-word !important;\">1、</span><strong style=\"margin: 0px; padding: 0px; max-width: 100%; overflow-wrap: break-word !important;\"><span style=\"margin: 0px; padding: 0px; max-width: 100%; color: rgb(74, 74, 74); overflow-wrap: break-word !important;\">有效新用户：</span></strong><span style=\"margin: 0px; padding: 0px; max-width: 100%; color: rgb(74, 74, 74); overflow-wrap: break-word !important;\">活动期间内，在诚正艺术平台完成注册+实名认证， 以上条件需同时满足，且全部发生在活动期间。</span></p><p style=\"margin-bottom: 0px; padding: 0px; clear: both; min-height: 1em; max-width: 100%; overflow-wrap: break-word !important;\"><span style=\"margin: 0px; padding: 0px; max-width: 100%; color: rgb(74, 74, 74); overflow-wrap: break-word !important;\">2、如出现排名多人并列，则排名顺延。</span></p><p style=\"margin-bottom: 0px; padding: 0px; clear: both; min-height: 1em; max-width: 100%; overflow-wrap: break-word !important;\"><span style=\"margin: 0px; padding: 0px; max-width: 100%; color: rgb(74, 74, 74); overflow-wrap: break-word !important;\">3、若通过不正当手段获取奖励，经查实平台有权撤销该用户的活动资格并取消其奖励。</span></p><p style=\"margin-bottom: 0px; padding: 0px; clear: both; min-height: 1em; max-width: 100%; overflow-wrap: break-word !important;\"><span style=\"margin: 0px; padding: 0px; max-width: 100%; color: rgb(74, 74, 74); overflow-wrap: break-word !important;\">4、平台将在</span><strong style=\"margin: 0px; padding: 0px; max-width: 100%; overflow-wrap: break-word !important;\"><span style=\"margin: 0px; padding: 0px; max-width: 100%; color: rgb(74, 74, 74); overflow-wrap: break-word !important;\">7月26日公布获奖名单</span></strong><span style=\"margin: 0px; padding: 0px; max-width: 100%; color: rgb(74, 74, 74); overflow-wrap: break-word !important;\">&nbsp;，并于活动结束</span><strong style=\"margin: 0px; padding: 0px; max-width: 100%; overflow-wrap: break-word !important;\"><span style=\"margin: 0px; padding: 0px; max-width: 100%; color: rgb(74, 74, 74); overflow-wrap: break-word !important;\">5个工作日</span></strong><span style=\"margin: 0px; padding: 0px; max-width: 100%; color: rgb(74, 74, 74); overflow-wrap: break-word !important;\">完成奖励发放。</span></p><p style=\"margin-bottom: 0px; padding: 0px; clear: both; min-height: 1em; max-width: 100%; overflow-wrap: break-word !important;\"><span style=\"margin: 0px; padding: 0px; max-width: 100%; color: rgb(74, 74, 74); overflow-wrap: break-word !important;\">5、本次活动一切解释权归诚正艺术平台所有。</span></p></section></section></section><section style=\"margin: 1.2em 0px 0px; padding: 0px; max-width: 100%; overflow-wrap: break-word !important;\"><section style=\"margin: 0px 0px 0px -9px; padding: 0px; max-width: 100%; display: flex; justify-content: flex-start; align-items: flex-start; overflow-wrap: break-word !important;\"><section style=\"margin: 25px 0px 0px; padding: 3px; max-width: 100%; border-radius: 100%; border-width: 1px; border-style: solid; border-color: rgb(214, 58, 49); background: rgb(255, 255, 255); overflow-wrap: break-word !important;\"><section style=\"margin: 0px; padding: 0px; max-width: 100%; align-self: flex-start; width: 7px; height: 7px; border-radius: 100%; background: rgb(214, 58, 49); overflow: hidden; overflow-wrap: break-word !important;\"><br style=\"margin: 0px; padding: 0px; max-width: 100%; overflow-wrap: break-word !important;\"></section></section><section data-autoskip=\"1\" hm_fix=\"379:232\" style=\"margin: 0px 0px 0px 15px; padding: 1em; max-width: 100%; text-align: justify; line-height: 1.75em; letter-spacing: 1.5px; font-size: 14px; color: rgb(214, 58, 49); background: rgb(255, 255, 255); border-top-left-radius: 30px; overflow-wrap: break-word !important;\"><section data-role=\"title\" data-tools=\"135编辑器\" data-id=\"111963\" style=\"margin: 0px; padding: 0px; max-width: 100%; overflow-wrap: break-word !important;\"><section style=\"margin: 20px auto; padding: 0px; max-width: 100%; overflow-wrap: break-word !important;\"><section style=\"margin: 0px; padding: 0px; max-width: 100%; display: flex; justify-content: center; overflow-wrap: break-word !important;\"><section style=\"margin: 0px; padding: 0px; max-width: 100%; border-bottom: 1px solid rgb(214, 58, 49); overflow-wrap: break-word !important;\"><section style=\"margin: 0px; padding: 0px 15px; max-width: 100%; font-size: 16px; text-align: center; overflow-wrap: break-word !important;\"><strong data-brushtype=\"text\" style=\"margin: 0px; padding: 0px; max-width: 100%; overflow-wrap: break-word !important;\"><p style=\"margin-bottom: 0px; padding: 0px; clear: both; min-height: 1em; max-width: 100%; overflow-wrap: break-word !important;\">邀请方式</p></strong></section><section style=\"margin: 0px auto -5px; padding: 0px; max-width: 100%; width: 20px; transform: rotate(0deg); overflow-wrap: break-word !important;\"><img class=\"rich_pages wxw-img\" data-ratio=\"0.5161290322580645\" src=\"https://mmbiz.qpic.cn/mmbiz_png/RGVeicC0CVNVoNTjm7zWM54BBtKezVzLRjwvt16GhcJLlus1yibDziaibPhSY0ibI6AicZMI2Rw8McR9WvFaRTpgwqTQ/640?wx_fmt=png\" data-type=\"png\" data-w=\"31\" data-width=\"100%\" style=\"margin: 0px; padding: 0px; max-width: 100%; vertical-align: inherit; width: 20px; display: block; height: auto !important; overflow-wrap: break-word !important;\"></section></section></section></section></section><p style=\"margin-bottom: 0px; padding: 0px; clear: both; min-height: 1em; max-width: 100%; overflow-wrap: break-word !important;\"><strong style=\"margin: 0px; padding: 0px; max-width: 100%; overflow-wrap: break-word !important;\"><span style=\"margin: 0px; padding: 0px; max-width: 100%; color: rgb(74, 74, 74); overflow-wrap: break-word !important;\">步骤1：</span></strong><span style=\"margin: 0px; padding: 0px; max-width: 100%; color: rgb(74, 74, 74); overflow-wrap: break-word !important;\">关注“<strong style=\"margin: 0px; padding: 0px; max-width: 100%; overflow-wrap: break-word !important;\"><span style=\"margin: 0px; padding: 0px; max-width: 100%; color: rgb(214, 58, 49); overflow-wrap: break-word !important;\">Maple诚正艺术平台</span></strong>”公众号，进入诚正官网或APP，在“我的”页面，点击【我的邀请】;</span></p><p style=\"margin-bottom: 0px; padding: 0px; clear: both; min-height: 1em; max-width: 100%; overflow-wrap: break-word !important;\"><span style=\"margin: 0px; padding: 0px; max-width: 100%; color: rgb(74, 74, 74); overflow-wrap: break-word !important;\">步骤2：在“</span><strong style=\"margin: 0px; padding: 0px; max-width: 100%; overflow-wrap: break-word !important;\"><span style=\"margin: 0px; padding: 0px; max-width: 100%; color: rgb(74, 74, 74); overflow-wrap: break-word !important;\">我的邀请</span></strong><span style=\"margin: 0px; padding: 0px; max-width: 100%; color: rgb(74, 74, 74); overflow-wrap: break-word !important;\">”页面中，点击【</span><strong style=\"margin: 0px; padding: 0px; max-width: 100%; overflow-wrap: break-word !important;\"><span style=\"margin: 0px; padding: 0px; max-width: 100%; color: rgb(74, 74, 74); overflow-wrap: break-word !important;\">分享</span></strong><span style=\"margin: 0px; padding: 0px; max-width: 100%; color: rgb(74, 74, 74); overflow-wrap: break-word !important;\">】按钮;</span></p><p style=\"margin-bottom: 0px; padding: 0px; clear: both; min-height: 1em; max-width: 100%; overflow-wrap: break-word !important;\"><span style=\"margin: 0px; padding: 0px; max-width: 100%; color: rgb(74, 74, 74); overflow-wrap: break-word !important;\">步骤3：长按然后“</span><strong style=\"margin: 0px; padding: 0px; max-width: 100%; overflow-wrap: break-word !important;\"><span style=\"margin: 0px; padding: 0px; max-width: 100%; color: rgb(74, 74, 74); overflow-wrap: break-word !important;\">保存图片或者截图</span></strong><span style=\"margin: 0px; padding: 0px; max-width: 100%; color: rgb(74, 74, 74); overflow-wrap: break-word !important;\">”，发送给好友或群聊，待好友注册后就可以在【</span><strong style=\"margin: 0px; padding: 0px; max-width: 100%; overflow-wrap: break-word !important;\"><span style=\"margin: 0px; padding: 0px; max-width: 100%; color: rgb(74, 74, 74); overflow-wrap: break-word !important;\">我的邀请数据</span></strong><span style=\"margin: 0px; padding: 0px; max-width: 100%; color: rgb(74, 74, 74); overflow-wrap: break-word !important;\">】里面看到你的邀请详情了。</span><span style=\"margin: 0px; padding: 0px; max-width: 100%; background-color: initial; text-align: left; color: rgb(51, 51, 51); font-size: 17px; letter-spacing: normal; overflow-wrap: break-word !important;\">​</span></p></section></section></section></section></section></section></section><section data-role=\"outer\" label=\"edit by 135editor\" style=\"margin: 0px 0px 24px; padding: 0px; max-width: 100%; color: rgb(51, 51, 51); font-size: 17px; text-align: justify; font-family: mp-quote, -apple-system-font, BlinkMacSystemFont, Arial, sans-serif; overflow-wrap: break-word !important;\"><section data-role=\"paragraph\" style=\"margin: 0px; padding: 0px; max-width: 100%; overflow-wrap: break-word !important;\"><section data-role=\"title\" data-tools=\"135编辑器\" data-id=\"100603\" style=\"margin: 0px; padding: 0px; max-width: 100%; overflow-wrap: break-word !important;\"><section style=\"margin: 10px auto; padding: 0px; max-width: 100%; text-align: center; overflow-wrap: break-word !important;\"><section style=\"margin: 0px; padding: 0px; max-width: 100%; display: flex; justify-content: center; align-items: flex-start; overflow-wrap: break-word !important;\"><section style=\"margin: 0px; padding: 0px; max-width: 100%; width: 0px; height: 1px; border-bottom: 10px solid rgb(214, 58, 49); border-left: 5px solid transparent; overflow: hidden; overflow-wrap: break-word !important;\"><br style=\"margin: 0px; padding: 0px; max-width: 100%; overflow-wrap: break-word !important;\"></section><section data-brushtype=\"text\" style=\"margin: 0px; padding: 6px 2em; max-width: 100%; font-size: 16px; letter-spacing: 1.5px; color: rgb(255, 255, 255); background: rgb(214, 58, 49); border-bottom-left-radius: 6px; border-bottom-right-radius: 6px; overflow-wrap: break-word !important;\"><strong style=\"margin: 0px; padding: 0px; max-width: 100%; overflow-wrap: break-word !important;\">关于诚正</strong></section><section style=\"margin: 0px; padding: 0px; max-width: 100%; width: 0px; height: 1px; border-bottom: 10px solid rgb(214, 58, 49); border-right: 5px solid transparent; overflow: hidden; overflow-wrap: break-word !important;\"><br style=\"margin: 0px; padding: 0px; max-width: 100%; overflow-wrap: break-word !important;\"></section></section><section hm_fix=\"337:220\" style=\"margin: -28px 0px 0px; padding: 3em 1em 2em; max-width: 100%; border-width: 1px; border-style: solid; border-color: rgb(250, 240, 226); box-shadow: rgb(250, 240, 226) 0px 0px 10px; border-radius: 8px; overflow-wrap: break-word !important;\"><section style=\"margin: 0px; padding: 1em; max-width: 100%; text-align: left; border-width: 1px; border-style: solid; border-color: rgb(214, 58, 49); border-radius: 8px; overflow-wrap: break-word !important;\"><section data-brushtype=\"text\" style=\"margin: 0px; padding: 0px; max-width: 100%; font-size: 14px; letter-spacing: 1.5px; color: rgb(214, 58, 49); text-align: center; overflow-wrap: break-word !important;\"><span style=\"margin: 0px; padding: 0px; max-width: 100%; overflow-wrap: break-word !important;\"><strong style=\"margin: 0px; padding: 0px; max-width: 100%; overflow-wrap: break-word !important;\">平台介绍</strong></span></section><section style=\"margin: 12px auto; padding: 0px; max-width: 100%; border-top: 1px dashed rgb(214, 58, 49); height: 1px; overflow: hidden; overflow-wrap: break-word !important;\"><br style=\"margin: 0px; padding: 0px; max-width: 100%; overflow-wrap: break-word !important;\"></section><section data-brushtype=\"text\" style=\"margin: 0px; padding: 0px; max-width: 100%; font-size: 14px; letter-spacing: 1.5px; color: rgb(214, 58, 49); overflow-wrap: break-word !important;\"><p style=\"margin-bottom: 0px; padding: 0px; clear: both; min-height: 1em; max-width: 100%; overflow-wrap: break-word !important;\"><span style=\"margin: 0px; padding: 0px; max-width: 100%; color: rgb(74, 74, 74); overflow-wrap: break-word !important;\">　　诚正艺术平台由数字藏品行业应用服务商藏文网络科技打造出品，定位为行业数字藏品项目孵化与数字版权交易平台。诚正艺术平台将深耕服务于各行业品牌的数字藏品发行、交易，联合各文化艺术企业、IP运营方、数藏发行方，立足于数字艺术产业的发展，以虚促实，为国内外品牌企业提供数字衍生品发行等配套服务。</span></p></section></section><section style=\"margin: 1.2em 0px 0px; padding: 1em; max-width: 100%; text-align: left; border-width: 1px; border-style: solid; border-color: rgb(214, 58, 49); border-radius: 8px; overflow-wrap: break-word !important;\"><section data-brushtype=\"text\" style=\"margin: 0px; padding: 0px; max-width: 100%; font-size: 14px; letter-spacing: 1.5px; color: rgb(214, 58, 49); text-align: center; overflow-wrap: break-word !important;\"><span style=\"margin: 0px; padding: 0px; max-width: 100%; overflow-wrap: break-word !important;\"><strong style=\"margin: 0px; padding: 0px; max-width: 100%; overflow-wrap: break-word !important;\">购买须知</strong></span></section><section style=\"margin: 12px auto; padding: 0px; max-width: 100%; border-top: 1px dashed rgb(214, 58, 49); height: 1px; overflow: hidden; overflow-wrap: break-word !important;\"><br style=\"margin: 0px; padding: 0px; max-width: 100%; overflow-wrap: break-word !important;\"></section><section data-brushtype=\"text\" style=\"margin: 0px; padding: 0px; max-width: 100%; font-size: 14px; letter-spacing: 1.5px; color: rgb(214, 58, 49); overflow-wrap: break-word !important;\"><p style=\"margin-bottom: 0px; padding: 0px; clear: both; min-height: 1em; max-width: 100%; overflow-wrap: break-word !important;\"><span style=\"margin: 0px; padding: 0px; max-width: 100%; color: rgb(74, 74, 74); overflow-wrap: break-word !important;\">　　“诚正”艺术平台在保护艺术家艺术作品数字版权的基础上，实现真实可信的数字与实体艺术品的发行、收藏和使用。</span></p><p style=\"margin-bottom: 0px; padding: 0px; clear: both; min-height: 1em; max-width: 100%; overflow-wrap: break-word !important;\"><span style=\"margin: 0px; padding: 0px; max-width: 100%; color: rgb(74, 74, 74); overflow-wrap: break-word !important;\">　　1、仅限实名认证为年满18周岁的中国大陆用户购买。</span></p><p style=\"margin-bottom: 0px; padding: 0px; clear: both; min-height: 1em; max-width: 100%; overflow-wrap: break-word !important;\"><span style=\"margin: 0px; padding: 0px; max-width: 100%; color: rgb(74, 74, 74); overflow-wrap: break-word !important;\">　　2、艺术作品的版权由艺术家或艺术机构所有，用户除获得版权方的书面同意以外，不得将艺术作品用于任何商业用途，包括但不限于出售艺术作品的副本、使用权、衍生作品。</span></p><p style=\"margin-bottom: 0px; padding: 0px; clear: both; min-height: 1em; max-width: 100%; overflow-wrap: break-word !important;\"><span style=\"margin: 0px; padding: 0px; max-width: 100%; color: rgb(74, 74, 74); overflow-wrap: break-word !important;\">　　3、“诚正”艺术平台销售的数字形态的艺术作品一经售出，不支持退换。</span></p><p style=\"margin-bottom: 0px; padding: 0px; clear: both; min-height: 1em; max-width: 100%; overflow-wrap: break-word !important;\"><span style=\"margin: 0px; padding: 0px; max-width: 100%; color: rgb(74, 74, 74); overflow-wrap: break-word !important;\">　　4、请勿对艺术作品进行炒作、场外交易、欺诈，或以任何其他非法方式进行使用。</span></p></section></section></section></section></section><p style=\"margin-bottom: 0px; padding: 0px; clear: both; min-height: 1em; max-width: 100%; overflow-wrap: break-word !important;\"><img class=\"rich_pages wxw-img\" data-ratio=\"0.7546875\" src=\"https://mmbiz.qpic.cn/mmbiz_gif/RGVeicC0CVNX8BCXVRumVUH7lFDZ3Rk7GBWJibLiaRqnJ5UicHwM7pwkNuymzzVL8SAkzfSybFIqbfC9t5BfIBpP5Q/640?wx_fmt=gif\" data-type=\"gif\" data-w=\"640\" data-imgqrcoded=\"1\" data-imgid=\"0.38123935331477976\" style=\"margin: 0px; padding: 0px; max-width: 100%; vertical-align: bottom; caret-color: red; width: 578px; height: auto !important; overflow-wrap: break-word !important;\"></p></section></section>','2022-07-07 09:59:20',0,1);
/*!40000 ALTER TABLE `fa_notice` ENABLE KEYS */;
UNLOCK TABLES;

--
-- Table structure for table `fa_orders`
--

DROP TABLE IF EXISTS `fa_orders`;
/*!40101 SET @saved_cs_client     = @@character_set_client */;
/*!50503 SET character_set_client = utf8 */;
CREATE TABLE `fa_orders` (
  `id` int NOT NULL AUTO_INCREMENT,
  `goods_users_id` int DEFAULT NULL COMMENT '会员拍品信息',
  `goods_manghe_users_id` int DEFAULT NULL COMMENT '盲盒拍品信息',
  `order_num` varchar(255) CHARACTER SET utf8 COLLATE utf8_general_ci DEFAULT NULL COMMENT '商品订单号',
  `goods_num` varchar(255) CHARACTER SET utf8 COLLATE utf8_general_ci DEFAULT '' COMMENT '拍品编号',
  `goods_id` int DEFAULT NULL COMMENT '商品信息',
  `sale_uid` int NOT NULL DEFAULT '0' COMMENT '出售会员 0平台',
  `buy_uid` int DEFAULT NULL COMMENT '购买会员',
  `price` decimal(10,2) DEFAULT NULL COMMENT '订单价格',
  `status` tinyint DEFAULT '1' COMMENT '订单状态:1=待付款,2=已付款,3=已取消',
  `pay_type` tinyint DEFAULT '0' COMMENT '支付类型:0=待支付,1=余额抵扣,2=支付宝APP支付,3=微信APP支付,4=支付宝H5支付,5=微信H5支付,6=微信小程序支付',
  `pay_time` datetime DEFAULT NULL COMMENT '订单支付时间',
  `pay_end_time` datetime DEFAULT NULL COMMENT '订单支付结束时间',
  `create_time` datetime DEFAULT NULL COMMENT '下单时间',
  `is_del` tinyint DEFAULT '0' COMMENT '删除装填:0=未删除,1=已删除',
  `goods_config_id` int DEFAULT NULL COMMENT '购买产品',
  `buy_goods_id` int DEFAULT '0' COMMENT '产品ID',
  `order_type` int DEFAULT '1' COMMENT '订单类型:1=平台订单,2=二手交易订单,3=盲盒订单',
  `orderNo` varchar(255) NOT NULL COMMENT '排序编号',
  `class_id` varchar(255) DEFAULT NULL,
  `expiration_time` varchar(225) NOT NULL,
  PRIMARY KEY (`id`) USING BTREE
) ENGINE=MyISAM AUTO_INCREMENT=7332 DEFAULT CHARSET=utf8 COLLATE=utf8_general_ci ROW_FORMAT=DYNAMIC;
/*!40101 SET character_set_client = @saved_cs_client */;

--
-- Dumping data for table `fa_orders`
--

LOCK TABLES `fa_orders` WRITE;
/*!40000 ALTER TABLE `fa_orders` DISABLE KEYS */;
INSERT INTO `fa_orders` VALUES (7318,NULL,0,'8174501174223522','8174501174203912',50,0,30685,1.00,2,1,'2022-08-17 22:04:04','2022-08-17 22:13:31','2022-08-17 22:03:31',0,0,50,1,'07318',NULL,'2022-08-17 22:08:31'),(7319,NULL,0,'8186249870253884','8186249870235431',86,0,30685,185.00,2,1,'2022-08-18 02:55:01','2022-08-18 03:04:58','2022-08-18 02:54:58',0,0,86,1,'07319',NULL,'2022-08-18 02:59:58'),(7320,NULL,0,'8186251407531656','8186251407514617',87,0,30685,10.00,2,1,'2022-08-18 02:55:16','2022-08-18 03:05:14','2022-08-18 02:55:14',0,0,87,1,'07320',NULL,'2022-08-18 03:00:14'),(7321,NULL,0,'8186259975181816','8186259975162755',88,0,30685,605.00,2,1,'2022-08-18 02:56:42','2022-08-18 03:06:39','2022-08-18 02:56:39',0,0,88,1,'07321',NULL,'2022-08-18 03:01:39'),(7322,NULL,0,'8186270125669643','8186270125650182',88,0,30685,605.00,2,1,'2022-08-18 02:58:23','2022-08-18 03:08:21','2022-08-18 02:58:21',0,0,88,1,'07322',NULL,'2022-08-18 03:03:21'),(7323,NULL,0,'8186271741256962','8186271741235343',50,0,30685,158.00,2,1,'2022-08-18 02:58:39','2022-08-18 03:08:37','2022-08-18 02:58:37',0,0,50,1,'07323',NULL,'2022-08-18 03:03:37'),(7324,NULL,0,'8186272775787591','8186272775764917',86,0,30685,185.00,2,1,'2022-08-18 02:58:50','2022-08-18 03:08:47','2022-08-18 02:58:47',0,0,86,1,'07324',NULL,'2022-08-18 03:03:47'),(7325,NULL,0,'8186274322084673','8186274322065198',87,0,30685,10.00,2,1,'2022-08-18 02:59:05','2022-08-18 03:09:03','2022-08-18 02:59:03',0,0,87,1,'07325',NULL,'2022-08-18 03:04:03'),(7326,NULL,11704,'8186470084912117','8186470084585756',90,0,30685,45.00,2,1,'2022-08-18 03:32:15','2022-08-18 03:41:40','2022-08-18 03:31:40',0,0,90,3,'07326',NULL,'2022-08-18 03:36:40'),(7327,NULL,0,'8186839330466189','8186839330448348',50,0,30686,158.00,2,1,'2022-08-18 04:34:01','2022-08-18 04:43:13','2022-08-18 04:33:13',0,0,50,1,'07327',NULL,'2022-08-18 04:38:13'),(7328,NULL,0,'8186849306848829','8186849306824878',86,0,30686,185.00,2,1,'2022-08-18 04:34:55','2022-08-18 04:44:53','2022-08-18 04:34:53',0,0,86,1,'07328',NULL,'2022-08-18 04:39:53'),(7329,NULL,0,'8186850253672537','8186850253653558',88,0,30686,605.00,2,1,'2022-08-18 04:35:05','2022-08-18 04:45:02','2022-08-18 04:35:02',0,0,88,1,'07329',NULL,'2022-08-18 04:40:02'),(7330,NULL,0,'8186851232605601','8186851232585397',87,0,30686,10.00,2,1,'2022-08-18 04:35:14','2022-08-18 04:45:12','2022-08-18 04:35:12',0,0,87,1,'07330',NULL,'2022-08-18 04:40:12'),(7331,NULL,0,'8186851883013350','8186851882997784',87,0,30686,10.00,2,1,'2022-08-18 04:35:21','2022-08-18 04:45:18','2022-08-18 04:35:18',0,0,87,1,'07331',NULL,'2022-08-18 04:40:18');
/*!40000 ALTER TABLE `fa_orders` ENABLE KEYS */;
UNLOCK TABLES;

--
-- Table structure for table `fa_rank`
--

DROP TABLE IF EXISTS `fa_rank`;
/*!40101 SET @saved_cs_client     = @@character_set_client */;
/*!50503 SET character_set_client = utf8 */;
CREATE TABLE `fa_rank` (
  `id` int NOT NULL AUTO_INCREMENT,
  `name` varchar(255) CHARACTER SET utf8 COLLATE utf8_unicode_ci DEFAULT NULL COMMENT '名称',
  `image` varchar(255) CHARACTER SET utf8 COLLATE utf8_unicode_ci DEFAULT '' COMMENT '级别图片',
  `remittance_money` decimal(10,2) DEFAULT '0.00' COMMENT '抢购金额',
  `buy_number` int DEFAULT NULL COMMENT '团队抢单户数',
  `total_direct` int DEFAULT NULL COMMENT '升级推荐同级别会员人数',
  `desc` varchar(255) CHARACTER SET utf8 COLLATE utf8_unicode_ci DEFAULT '' COMMENT '会员备注',
  PRIMARY KEY (`id`) USING BTREE
) ENGINE=MyISAM AUTO_INCREMENT=8 DEFAULT CHARSET=utf8 COLLATE=utf8_unicode_ci ROW_FORMAT=DYNAMIC;
/*!40101 SET character_set_client = @saved_cs_client */;

--
-- Dumping data for table `fa_rank`
--

LOCK TABLES `fa_rank` WRITE;
/*!40000 ALTER TABLE `fa_rank` DISABLE KEYS */;
INSERT INTO `fa_rank` VALUES (1,'注册用户','',0.00,0,0,'注册会员'),(2,'普通用户','',0.00,0,0,'会员抢购订单，自动升级'),(3,'会员V1','',50000.00,5,0,'V1会员'),(4,'店长V2','',300000.00,20,3,''),(5,'经理V3','',1000000.00,100,3,''),(6,'服务中心V4','',5000000.00,500,3,''),(7,'运营中心V5','',20000000.00,15000,3,'');
/*!40000 ALTER TABLE `fa_rank` ENABLE KEYS */;
UNLOCK TABLES;

--
-- Table structure for table `fa_remittance_record`
--

DROP TABLE IF EXISTS `fa_remittance_record`;
/*!40101 SET @saved_cs_client     = @@character_set_client */;
/*!50503 SET character_set_client = utf8 */;
CREATE TABLE `fa_remittance_record` (
  `id` int NOT NULL AUTO_INCREMENT,
  `order_num` varchar(255) CHARACTER SET utf8 COLLATE utf8_unicode_ci DEFAULT '' COMMENT '订单号',
  `uid` int DEFAULT NULL COMMENT '会员ID',
  `currency_id` int DEFAULT NULL COMMENT '币种ID',
  `account` decimal(20,2) NOT NULL COMMENT '充值金额',
  `status` tinyint DEFAULT '0' COMMENT '审核状态:0=待支付,1=已支付',
  `pay_order_num` varchar(255) CHARACTER SET utf8 COLLATE utf8_unicode_ci DEFAULT '' COMMENT '支付平台订单号',
  `create_time` datetime DEFAULT NULL COMMENT '申请时间',
  `pay_time` datetime DEFAULT NULL COMMENT '支付时间',
  `config_pay_id` tinyint DEFAULT '1' COMMENT '支付类型',
  PRIMARY KEY (`id`) USING BTREE
) ENGINE=MyISAM DEFAULT CHARSET=utf8 COLLATE=utf8_unicode_ci ROW_FORMAT=DYNAMIC;
/*!40101 SET character_set_client = @saved_cs_client */;

--
-- Dumping data for table `fa_remittance_record`
--

LOCK TABLES `fa_remittance_record` WRITE;
/*!40000 ALTER TABLE `fa_remittance_record` DISABLE KEYS */;
/*!40000 ALTER TABLE `fa_remittance_record` ENABLE KEYS */;
UNLOCK TABLES;

--
-- Table structure for table `fa_role`
--

DROP TABLE IF EXISTS `fa_role`;
/*!40101 SET @saved_cs_client     = @@character_set_client */;
/*!50503 SET character_set_client = utf8 */;
CREATE TABLE `fa_role` (
  `id` int NOT NULL AUTO_INCREMENT,
  `name` varchar(255) CHARACTER SET utf8 COLLATE utf8_unicode_ci DEFAULT NULL COMMENT '会员角色',
  PRIMARY KEY (`id`) USING BTREE
) ENGINE=MyISAM AUTO_INCREMENT=3 DEFAULT CHARSET=utf8 COLLATE=utf8_unicode_ci ROW_FORMAT=DYNAMIC;
/*!40101 SET character_set_client = @saved_cs_client */;

--
-- Dumping data for table `fa_role`
--

LOCK TABLES `fa_role` WRITE;
/*!40000 ALTER TABLE `fa_role` DISABLE KEYS */;
INSERT INTO `fa_role` VALUES (1,'普通会员'),(2,'商家');
/*!40000 ALTER TABLE `fa_role` ENABLE KEYS */;
UNLOCK TABLES;

--
-- Table structure for table `fa_transfer_log`
--

DROP TABLE IF EXISTS `fa_transfer_log`;
/*!40101 SET @saved_cs_client     = @@character_set_client */;
/*!50503 SET character_set_client = utf8 */;
CREATE TABLE `fa_transfer_log` (
  `Id` int NOT NULL AUTO_INCREMENT,
  `strdata` varchar(255) NOT NULL COMMENT '数据记录',
  PRIMARY KEY (`Id`),
  UNIQUE KEY `主键` (`Id`)
) ENGINE=MyISAM DEFAULT CHARSET=utf8mb3;
/*!40101 SET character_set_client = @saved_cs_client */;

--
-- Dumping data for table `fa_transfer_log`
--

LOCK TABLES `fa_transfer_log` WRITE;
/*!40000 ALTER TABLE `fa_transfer_log` DISABLE KEYS */;
/*!40000 ALTER TABLE `fa_transfer_log` ENABLE KEYS */;
UNLOCK TABLES;

--
-- Table structure for table `fa_transfer_record`
--

DROP TABLE IF EXISTS `fa_transfer_record`;
/*!40101 SET @saved_cs_client     = @@character_set_client */;
/*!50503 SET character_set_client = utf8 */;
CREATE TABLE `fa_transfer_record` (
  `id` int NOT NULL AUTO_INCREMENT,
  `uid` int DEFAULT NULL COMMENT '转账人手机号',
  `target_uid` int DEFAULT NULL COMMENT '接收人手机号',
  `currency_id` int DEFAULT NULL COMMENT '币种信息',
  `account` decimal(10,2) DEFAULT NULL COMMENT '转账金额',
  `reality_account` decimal(10,2) DEFAULT NULL COMMENT '到账金额',
  `create_time` datetime DEFAULT NULL COMMENT '转账时间',
  PRIMARY KEY (`id`) USING BTREE
) ENGINE=MyISAM DEFAULT CHARSET=utf8 COLLATE=utf8_general_ci ROW_FORMAT=DYNAMIC;
/*!40101 SET character_set_client = @saved_cs_client */;

--
-- Dumping data for table `fa_transfer_record`
--

LOCK TABLES `fa_transfer_record` WRITE;
/*!40000 ALTER TABLE `fa_transfer_record` DISABLE KEYS */;
/*!40000 ALTER TABLE `fa_transfer_record` ENABLE KEYS */;
UNLOCK TABLES;

--
-- Table structure for table `fa_users`
--

DROP TABLE IF EXISTS `fa_users`;
/*!40101 SET @saved_cs_client     = @@character_set_client */;
/*!50503 SET character_set_client = utf8 */;
CREATE TABLE `fa_users` (
  `id` int NOT NULL AUTO_INCREMENT,
  `member` varchar(255) CHARACTER SET utf8 COLLATE utf8_unicode_ci DEFAULT '' COMMENT '会员账号',
  `nick_name` varchar(255) CHARACTER SET utf8 COLLATE utf8_unicode_ci DEFAULT '' COMMENT '昵称',
  `head_image` varchar(255) CHARACTER SET utf8 COLLATE utf8_unicode_ci DEFAULT '' COMMENT '头像',
  `phone` varchar(255) CHARACTER SET utf8 COLLATE utf8_unicode_ci DEFAULT '' COMMENT '手机号',
  `pid` int DEFAULT '0' COMMENT '上级会员ID',
  `upid` int DEFAULT '0' COMMENT '上级会员ID',
  `rank_id` int DEFAULT '1' COMMENT '会员级别',
  `role_id` int DEFAULT '1' COMMENT '会员角色',
  `status` tinyint DEFAULT '1' COMMENT '会员状态:0=冻结,1=正常',
  `password` varchar(255) CHARACTER SET utf8 COLLATE utf8_unicode_ci DEFAULT NULL COMMENT '登录密码',
  `salt` varchar(255) CHARACTER SET utf8 COLLATE utf8_unicode_ci DEFAULT NULL COMMENT '密码盐',
  `pay_password` varchar(255) CHARACTER SET utf8 COLLATE utf8_unicode_ci DEFAULT '' COMMENT '支付密码',
  `pay_salt` varchar(255) CHARACTER SET utf8 COLLATE utf8_unicode_ci DEFAULT '' COMMENT '支付密码盐',
  `uuid` varchar(255) CHARACTER SET utf8 COLLATE utf8_unicode_ci DEFAULT NULL COMMENT '邀请码',
  `total_direct` int DEFAULT '0' COMMENT '直推会员人数',
  `total_direct_auth` int NOT NULL DEFAULT '0' COMMENT '直推有效人数（已注册）',
  `group_person_count` int DEFAULT '0' COMMENT '团队人数',
  `group_valid_person_count` int DEFAULT '0' COMMENT '团队有效人数',
  `achievement_money` decimal(10,2) DEFAULT '0.00' COMMENT '个人业绩',
  `group_achievement_money` decimal(10,2) DEFAULT '0.00' COMMENT '团队业绩',
  `app_token` varchar(255) CHARACTER SET utf8 COLLATE utf8_unicode_ci DEFAULT '' COMMENT '会员app_token',
  `login_time` datetime DEFAULT NULL COMMENT '会员登录时间',
  `parent_member` varchar(255) CHARACTER SET utf8 COLLATE utf8_unicode_ci DEFAULT '' COMMENT '推荐人账号',
  `create_time` datetime DEFAULT NULL COMMENT '注册时间',
  `is_del` tinyint DEFAULT '0' COMMENT '删除状态:0=未删除,1=已删除',
  `is_auth` tinyint DEFAULT '0' COMMENT '实名认证:0=未认证,1=已认证',
  `name` varchar(255) CHARACTER SET utf8 COLLATE utf8_unicode_ci DEFAULT '' COMMENT '真实姓名',
  `card` varchar(255) CHARACTER SET utf8 COLLATE utf8_unicode_ci DEFAULT '' COMMENT '身份证号',
  `account` decimal(10,2) DEFAULT '0.00' COMMENT '账户余额',
  `wallet_address` text CHARACTER SET utf8 COLLATE utf8_unicode_ci COMMENT '百度钱包地址',
  `wallet_private_key` text CHARACTER SET utf8 COLLATE utf8_unicode_ci COMMENT '百度钱包私钥',
  `wx_small_auth` tinyint DEFAULT '0' COMMENT '微信小程序授权',
  `wx_open_id` varchar(255) CHARACTER SET utf8 COLLATE utf8_unicode_ci DEFAULT '' COMMENT '微信公众平台授权ID',
  `wx_small_openid` varchar(255) CHARACTER SET utf8 COLLATE utf8_unicode_ci DEFAULT '' COMMENT '微信小程序授权ID',
  `wx_union_id` varchar(255) CHARACTER SET utf8 COLLATE utf8_unicode_ci DEFAULT '' COMMENT '微信唯一ID',
  `card_front_image` varchar(255) CHARACTER SET utf8 COLLATE utf8_unicode_ci DEFAULT '' COMMENT '身份证正面照片',
  `card_back_image` varchar(255) CHARACTER SET utf8 COLLATE utf8_unicode_ci DEFAULT '' COMMENT '身份证反面照片',
  `is_bank` tinyint DEFAULT '0' COMMENT '银行卡收款:0=未绑定,1=已绑定',
  `bank_name` varchar(255) CHARACTER SET utf8 COLLATE utf8_unicode_ci DEFAULT '' COMMENT '银行卡名称',
  `bank_number` varchar(255) CHARACTER SET utf8 COLLATE utf8_unicode_ci DEFAULT '' COMMENT '银行卡卡号',
  `bank_owner` varchar(255) CHARACTER SET utf8 COLLATE utf8_unicode_ci DEFAULT '' COMMENT '开户人',
  `bank_branch` varchar(255) CHARACTER SET utf8 COLLATE utf8_unicode_ci DEFAULT '' COMMENT '开户支行',
  `is_ali` tinyint DEFAULT '0' COMMENT '支付宝收款:0=未绑定,1=已绑定',
  `ali_name` varchar(255) CHARACTER SET utf8 COLLATE utf8_unicode_ci DEFAULT '' COMMENT '支付宝收款人姓名',
  `ali_number` varchar(255) CHARACTER SET utf8 COLLATE utf8_unicode_ci DEFAULT '' COMMENT '支付宝收款人账号',
  `ali_image` varchar(255) CHARACTER SET utf8 COLLATE utf8_unicode_ci DEFAULT '' COMMENT '支付宝收款二维码',
  `is_wx` tinyint DEFAULT '0' COMMENT '微信收款:0=未绑定,1=已绑定',
  `wx_name` varchar(255) CHARACTER SET utf8 COLLATE utf8_unicode_ci DEFAULT '' COMMENT '微信收款名称',
  `wx_number` varchar(255) CHARACTER SET utf8 COLLATE utf8_unicode_ci DEFAULT '' COMMENT '微信收款账号',
  `wx_image` varchar(255) CHARACTER SET utf8 COLLATE utf8_unicode_ci DEFAULT '' COMMENT '微信收款图片',
  `wallet_public_key` text CHARACTER SET utf8 COLLATE utf8_unicode_ci COMMENT '百度钱包公钥',
  `cpzs` int DEFAULT '0',
  `goods_id` int DEFAULT NULL,
  `kz` int DEFAULT '0' COMMENT '快照',
  `yxg` tinyint NOT NULL DEFAULT '0' COMMENT '优先购状态:0=否,1=是',
  `class_id` text CHARACTER SET utf8 COLLATE utf8_unicode_ci,
  `Nftstatus` tinyint NOT NULL DEFAULT '0' COMMENT 'nft类别状态:0=否,1=是',
  PRIMARY KEY (`id`) USING BTREE
) ENGINE=MyISAM AUTO_INCREMENT=30691 DEFAULT CHARSET=utf8 COLLATE=utf8_unicode_ci ROW_FORMAT=DYNAMIC;
/*!40101 SET character_set_client = @saved_cs_client */;

--
-- Dumping data for table `fa_users`
--

LOCK TABLES `fa_users` WRITE;
/*!40000 ALTER TABLE `fa_users` DISABLE KEYS */;
INSERT INTO `fa_users` VALUES (30686,'','sp_788452','/uploads/20220817/8830fddf33df7e3feb1806be1e7fe663.png','18755555555',30677,30677,1,1,1,'110db1f730088e3c7189689fc2029f4f','8195','','','JOE1TF',4,0,4,0,0.00,0.00,'8186837355346373','2022-08-18 04:32:53','18755555555','2022-08-18 04:01:34',0,1,' 李佳佳','888888',0.00,'iaa1am999rczyckeezlm89x5szgumezsw3rxupnyh4','',0,'','','','','',0,'中国银行','55555','555','555',0,'555','7381@qq.com','',0,'','','',NULL,5,NULL,0,0,'8174581181786184',1),(30687,'','sp_980415','/uploads/20220817/8830fddf33df7e3feb1806be1e7fe663.png','18788888888',30686,30686,1,1,1,'2b465c0871dda1afe1f1f779973f310b','1885','','','SC78V2',0,0,0,0,0.00,0.00,'8186877396996513','2022-08-18 04:39:33','18755555555','2022-08-18 04:39:22',0,0,'','',0.00,'iaa1qp9u3zv9f2r6vqw97guk83tfdemf8d5ygtueh3','',0,'','','','','',0,'','','','',0,'','','',0,'','','',NULL,0,NULL,0,0,NULL,0),(30688,'','sp_554818','/uploads/20220817/8830fddf33df7e3feb1806be1e7fe663.png','19987513718',30686,30686,1,1,1,'dcb6d2e92d8d0d2d9bf4ce44456498df','8923','','','LJR05E',0,0,0,0,0.00,0.00,'',NULL,'18755555555','2022-08-19 17:25:10',0,1,'','',0.00,'iaa104yyks5ewl5w5tq7pantx5q68ztxm062etfank','',0,'','','','','',0,'','','','',0,'','','',0,'','','',NULL,0,NULL,0,0,NULL,0),(30689,'','sp_457559','/uploads/20220817/8830fddf33df7e3feb1806be1e7fe663.png','18605453040',30686,30686,1,1,1,'09ad37b327eaf88640706241869c6dd8','6225','','','PF0HMN',0,0,0,0,0.00,0.00,'',NULL,'18755555555','2022-08-19 17:29:15',0,1,'','',0.00,'iaa1crd5lgje6h6qv5newztn6ym3wqaqgqpye9lyle','',0,'','','','','',0,'','','','',0,'','','',0,'','','',NULL,0,NULL,0,0,NULL,0),(30690,'','sp_264953','/uploads/20220817/8830fddf33df7e3feb1806be1e7fe663.png','18405040628',30686,30686,1,1,1,'c97a1405aa70f9257678e37e60702d5c','7982','','','NVUEFD',0,0,0,0,0.00,0.00,'8191296221895676','2022-08-19 20:42:42','18755555555','2022-08-19 20:14:33',0,0,'','',0.00,'iaa12vdlqs4fx5jt0k47e8p9vza0rdqe55urppj959',NULL,0,'','','','','',0,'','','','',0,'','','',0,'','','',NULL,0,NULL,0,0,NULL,0);
/*!40000 ALTER TABLE `fa_users` ENABLE KEYS */;
UNLOCK TABLES;

--
-- Table structure for table `fa_users_account`
--

DROP TABLE IF EXISTS `fa_users_account`;
/*!40101 SET @saved_cs_client     = @@character_set_client */;
/*!50503 SET character_set_client = utf8 */;
CREATE TABLE `fa_users_account` (
  `id` int NOT NULL AUTO_INCREMENT,
  `uid` int DEFAULT NULL COMMENT '币种ID',
  `account` decimal(20,2) DEFAULT NULL COMMENT '余额',
  `currency_id` int DEFAULT NULL COMMENT '币种ID',
  `create_time` datetime DEFAULT NULL COMMENT '添加时间',
  PRIMARY KEY (`id`) USING BTREE
) ENGINE=MyISAM AUTO_INCREMENT=5 DEFAULT CHARSET=utf8 COLLATE=utf8_unicode_ci ROW_FORMAT=DYNAMIC;
/*!40101 SET character_set_client = @saved_cs_client */;

--
-- Dumping data for table `fa_users_account`
--

LOCK TABLES `fa_users_account` WRITE;
/*!40000 ALTER TABLE `fa_users_account` DISABLE KEYS */;
INSERT INTO `fa_users_account` VALUES (1,30686,99032.00,1,'2022-08-18 04:33:32'),(2,0,968.00,1,'2022-08-18 04:34:01'),(3,30677,0.00,1,'2022-08-18 04:34:01'),(4,30689,10000.00,1,'2022-08-19 17:41:27');
/*!40000 ALTER TABLE `fa_users_account` ENABLE KEYS */;
UNLOCK TABLES;

--
-- Table structure for table `fa_users_coupon`
--

DROP TABLE IF EXISTS `fa_users_coupon`;
/*!40101 SET @saved_cs_client     = @@character_set_client */;
/*!50503 SET character_set_client = utf8 */;
CREATE TABLE `fa_users_coupon` (
  `id` int NOT NULL AUTO_INCREMENT,
  `uid` int DEFAULT NULL COMMENT '会员信息',
  `write_uid` int DEFAULT NULL COMMENT '核销会员ID',
  `order_num` varchar(255) CHARACTER SET utf8 COLLATE utf8_general_ci DEFAULT '' COMMENT '券码',
  `coupon_id` int DEFAULT NULL COMMENT '优惠券信息',
  `status` tinyint DEFAULT '1' COMMENT '状态:1=待使用,2=已使用,3=已失效',
  `create_time` datetime DEFAULT NULL COMMENT '添加时间',
  `valid_time` datetime DEFAULT NULL COMMENT '有效期',
  `end_time` datetime DEFAULT NULL COMMENT '优惠券结束时间',
  `use_time` datetime DEFAULT NULL COMMENT '优惠券使用时间',
  PRIMARY KEY (`id`) USING BTREE
) ENGINE=MyISAM DEFAULT CHARSET=utf8 COLLATE=utf8_general_ci ROW_FORMAT=DYNAMIC;
/*!40101 SET character_set_client = @saved_cs_client */;

--
-- Dumping data for table `fa_users_coupon`
--

LOCK TABLES `fa_users_coupon` WRITE;
/*!40000 ALTER TABLE `fa_users_coupon` DISABLE KEYS */;
/*!40000 ALTER TABLE `fa_users_coupon` ENABLE KEYS */;
UNLOCK TABLES;

--
-- Table structure for table `fa_version`
--

DROP TABLE IF EXISTS `fa_version`;
/*!40101 SET @saved_cs_client     = @@character_set_client */;
/*!50503 SET character_set_client = utf8 */;
CREATE TABLE `fa_version` (
  `id` int NOT NULL AUTO_INCREMENT COMMENT 'ID',
  `oldversion` varchar(30) CHARACTER SET utf8 COLLATE utf8_general_ci NOT NULL DEFAULT '' COMMENT '旧版本号',
  `newversion` varchar(30) CHARACTER SET utf8 COLLATE utf8_general_ci NOT NULL DEFAULT '' COMMENT '新版本号',
  `packagesize` varchar(30) CHARACTER SET utf8 COLLATE utf8_general_ci NOT NULL DEFAULT '' COMMENT '包大小',
  `content` varchar(500) CHARACTER SET utf8 COLLATE utf8_general_ci NOT NULL DEFAULT '' COMMENT '升级内容',
  `downloadurl` varchar(255) CHARACTER SET utf8 COLLATE utf8_general_ci NOT NULL DEFAULT '' COMMENT '下载地址',
  `enforce` tinyint unsigned NOT NULL DEFAULT '0' COMMENT '强制更新',
  `createtime` bigint NOT NULL DEFAULT '0' COMMENT '创建时间',
  `updatetime` bigint unsigned NOT NULL DEFAULT '0' COMMENT '更新时间',
  `weigh` int NOT NULL DEFAULT '0' COMMENT '权重',
  `status` varchar(30) CHARACTER SET utf8 COLLATE utf8_general_ci NOT NULL DEFAULT '' COMMENT '状态',
  PRIMARY KEY (`id`) USING BTREE
) ENGINE=MyISAM AUTO_INCREMENT=2 DEFAULT CHARSET=utf8mb3 COMMENT='版本表';
/*!40101 SET character_set_client = @saved_cs_client */;

--
-- Dumping data for table `fa_version`
--

LOCK TABLES `fa_version` WRITE;
/*!40000 ALTER TABLE `fa_version` DISABLE KEYS */;
INSERT INTO `fa_version` VALUES (1,'1.1.1,2','1.2.1','20M','更新内容','https://www.example.com',1,1520425318,0,0,'normal');
/*!40000 ALTER TABLE `fa_version` ENABLE KEYS */;
UNLOCK TABLES;

--
-- Dumping events for database 'cshishujl'
--

--
-- Dumping routines for database 'cshishujl'
--
/*!40103 SET TIME_ZONE=@OLD_TIME_ZONE */;

/*!40101 SET SQL_MODE=@OLD_SQL_MODE */;
/*!40014 SET FOREIGN_KEY_CHECKS=@OLD_FOREIGN_KEY_CHECKS */;
/*!40014 SET UNIQUE_CHECKS=@OLD_UNIQUE_CHECKS */;
/*!40101 SET CHARACTER_SET_CLIENT=@OLD_CHARACTER_SET_CLIENT */;
/*!40101 SET CHARACTER_SET_RESULTS=@OLD_CHARACTER_SET_RESULTS */;
/*!40101 SET COLLATION_CONNECTION=@OLD_COLLATION_CONNECTION */;
/*!40111 SET SQL_NOTES=@OLD_SQL_NOTES */;

-- Dump completed on 2022-08-20  0:33:09
